3.18137e-10,1.20749e-10,1.170123e-10,2.896701e-10,1.54526e-10,1.098437e-10,7.071815e-10,4.67356e-10,7.443604e-10,4.391886e-10,3.082498e-10,1.218804e-10,2.630174e-10,6.366389e-10,1.706075e-10,1.365003e-10,1.514239e-10,7.10018e-10,2.237583e-10,7.38944e-11,7.352451e-11,6.146688e-10,3.347692e-10,9.944294e-11,1.358368e-10,6.064453e-10,2.01883e-10,1.378766e-10,8.116629e-11,1.873747e-10,2.597275e-10,4.257733e-10,1.706232e-11,7.283614e-10,5.161205e-10,2.14008e-10,1.089254e-11,3.51982e-10,4.011122e-12,5.177484e-11,2.736728e-10,6.137051e-11,5.802478e-10,2.68965e-11,2.696698e-10,1.317626e-10,3.12616e-10,4.480925e-10,8.940695e-11,3.639392e-10,1.880601e-11,3.60281e-12,1.688051e-10,4.000284e-11,4.488285e-10,2.818494e-10,2.227091e-10,2.896386e-10,2.149712e-10,3.614389e-10
1.778732e-05,1.658572e-05,2.994385e-05,1.921845e-05,9.532179e-05,6.845869e-05,4.793011e-05,4.965476e-05,1.349572e-05,1.056298e-05,8.768651e-06,3.270495e-06,6.246528e-06,4.62816e-06,4.600366e-06,6.169337e-06,3.687782e-06,7.819791e-06,3.860963e-06,9.274815e-06,4.875547e-06,1.042682e-05,6.021427e-06,1.128589e-05,7.003459e-06,1.185078e-05,7.732161e-06,1.211546e-05,8.178664e-06,1.206872e-05,8.333762e-06,1.170433e-05,8.199856e-06,1.102925e-05,7.798062e-06,1.006104e-05,7.168299e-06,8.836059e-06,6.383691e-06,7.417805e-06,5.554651e-06,5.904143e-06,4.837932e-06,4.476385e-06,4.394329e-06,3.461865e-06,4.175908e-06,3.047287e-06,3.622232e-06,2.612519e-06,2.837106e-06,9.094562e-06,2.113532e-05,3.675445e-05,4.146203e-05,6.060351e-05,4.320182e-05,5.224028e-05,4.326264e-05,3.634444e-05
3.878443e-05,7.557859e-05,9.4913e-05,0.0002505025,0.0001061293,0.0001728763,0.0001844604,0.0001097414,7.778742e-05,4.956085e-06,6.540334e-06,2.321802e-05,4.139378e-06,1.522201e-05,8.688718e-06,1.103889e-05,1.436359e-05,1.007869e-05,1.99193e-05,1.315074e-05,2.470222e-05,1.732581e-05,2.851651e-05,2.108302e-05,3.135333e-05,2.399816e-05,3.315779e-05,2.592401e-05,3.38904e-05,2.682119e-05,3.353564e-05,2.670225e-05,3.212405e-05,2.562911e-05,2.970868e-05,2.371991e-05,2.641407e-05,2.122204e-05,2.249844e-05,1.857102e-05,1.843394e-05,1.645214e-05,1.508879e-05,1.565733e-05,1.370691e-05,1.632946e-05,1.448616e-05,1.696242e-05,1.495832e-05,1.478793e-05,1.513389e-05,3.341149e-05,7.944393e-05,0.0001176505,0.0001546811,0.0001406051,0.000173163,0.000134065,0.0001097835,6.525591e-05
8.549314e-05,6.543408e-05,0.0001589475,9.890083e-05,0.0004031585,0.0003419074,0.0002721568,0.0002394425,9.02067e-05,3.625502e-05,3.475717e-05,7.52949e-06,2.005653e-05,1.528265e-05,1.277568e-05,2.723805e-05,1.854111e-05,3.9349e-05,2.921728e-05,5.01598e-05,3.954433e-05,5.891377e-05,4.815833e-05,6.563606e-05,5.482007e-05,7.033384e-05,5.943876e-05,7.295356e-05,6.194436e-05,7.34166e-05,6.229077e-05,7.167847e-05,6.048939e-05,6.777338e-05,5.663911e-05,6.180442e-05,5.094994e-05,5.401962e-05,4.384892e-05,4.488041e-05,3.606928e-05,3.517516e-05,2.888932e-05,2.642175e-05,2.428219e-05,2.121832e-05,2.314794e-05,2.01843e-05,2.154947e-05,1.755783e-05,1.826044e-05,5.085866e-05,0.0001189939,0.0001963954,0.0002329581,0.0002958501,0.0002489341,0.0002617486,0.000215909,0.0001671208
8.07812e-05,0.0001456895,0.0001934126,0.0004815944,0.0002360006,0.0003559976,0.000373087,0.0002284041,0.0001549685,7.006551e-06,1.470039e-05,3.787355e-05,1.280512e-05,4.487968e-06,3.817947e-05,2.491865e-05,6.18688e-05,5.048197e-05,8.473948e-05,7.343812e-05,0.0001041173,9.227334e-05,0.0001194419,0.0001070313,0.0001308745,0.0001178051,0.0001383526,0.000124484,0.0001416942,0.0001269034,0.0001407057,0.0001249517,0.0001353185,0.0001186418,0.0001255483,0.0001081033,0.0001116097,9.377413e-05,9.406585e-05,7.653813e-05,7.395552e-05,5.806272e-05,5.329651e-05,4.180081e-05,3.65743e-05,3.399195e-05,3.11833e-05,3.518529e-05,3.25672e-05,3.11196e-05,3.038935e-05,6.71948e-05,0.0001607516,0.0002395892,0.0003130166,0.0002915143,0.0003491739,0.0002762701,0.0002265364,0.000137634
0.0001147997,8.787439e-05,0.0002117037,0.0001207482,0.0005465823,0.0004597109,0.000361234,0.0003219607,0.0001180103,4.890492e-05,4.518118e-05,2.437798e-05,4.093807e-05,0.0001156595,0.0001172147,0.000177613,0.0001800734,0.0002378838,0.0002414139,0.0002937056,0.0002946392,0.0003400295,0.0003374786,0.0003761687,0.0003700035,0.0004021358,0.0003921187,0.0004175478,0.0004032829,0.0004216832,0.0004027705,0.0004138364,0.0003900509,0.0003936427,0.0003649719,0.0003611115,0.0003278583,0.0003169061,0.0002798353,0.0002625369,0.00022295,0.0002005539,0.0001607016,0.0001354183,9.954863e-05,7.579375e-05,5.332079e-05,4.120154e-05,3.92949e-05,3.096179e-05,2.477398e-05,6.671428e-05,0.000157607,0.0002619582,0.0003092044,0.0003971496,0.000329999,0.0003505752,0.0002890124,0.0002256553
8.725536e-05,0.0001697391,0.0002130157,0.0005619334,0.000242176,0.0003867481,0.0004161499,0.0002470857,0.0001736031,1.418596e-05,3.037714e-06,0.0001042351,0.0003316744,0.0004439682,0.0005852423,0.0006488591,0.0007810559,0.0008489183,0.0009776861,0.001039331,0.00115283,0.001200426,0.00129535,0.001327565,0.001403699,0.00142006,0.001476843,0.001476307,0.001512497,0.001493551,0.001507644,0.001468961,0.001459914,0.001400792,0.00136815,0.001288684,0.001233007,0.001134607,0.001057854,0.0009434515,0.000849152,0.0007236892,0.0006178095,0.0004896039,0.0003822119,0.000265628,0.0001747433,0.0001032496,7.770478e-05,6.94472e-05,3.982993e-05,7.181606e-05,0.0001784649,0.0002641605,0.0003477742,0.0003152528,0.0003884834,0.0003007167,0.0002471299,0.0001460792
0.0001204025,9.271759e-05,0.0002187065,0.0001059516,0.0005838415,0.000483511,0.0003719541,0.0003386664,0.0001169338,4.919501e-05,5.154923e-05,0.0006592282,0.001115881,0.001544731,0.001737585,0.002051367,0.002247392,0.002570276,0.002775669,0.003075646,0.003253483,0.003507992,0.003645446,0.003850398,0.003944937,0.004099332,0.004148601,0.004249853,0.004249882,0.004293815,0.004239991,0.004222604,0.004111617,0.004030635,0.003861191,0.003716475,0.003490198,0.003285055,0.003007564,0.002749306,0.002430707,0.002131762,0.001789038,0.001470213,0.001131224,0.0008255785,0.0005328137,0.000294674,0.0001536205,0.0001425777,6.369161e-05,6.503472e-05,0.0001609357,0.0002715162,0.0003174781,0.0004159667,0.0003377134,0.0003656483,0.0003012398,0.0002389783
8.747198e-05,0.0001768798,0.000215975,0.0005905399,0.0002374456,0.0003883434,0.0004293097,0.0002483381,0.0001754415,1.611135e-05,0.0005013835,0.001625636,0.002493068,0.003023793,0.003494729,0.003882284,0.004369669,0.004796179,0.005297912,0.005700281,0.006147764,0.006480451,0.006848662,0.007100949,0.007384774,0.007553302,0.007748444,0.00782775,0.007926993,0.007908946,0.007903636,0.007780542,0.007664242,0.007431609,0.007201472,0.006859071,0.006517569,0.006071622,0.005628371,0.005092632,0.004565349,0.003963265,0.003381876,0.00275241,0.002165684,0.001569158,0.00104693,0.0005676032,0.0002460761,0.0002470159,0.000192513,7.12261e-05,0.0001808431,0.0002691018,0.0003546826,0.0003155964,0.0003957353,0.000302513,0.0002489119,0.0001445088
0.0001225351,9.460659e-05,0.0002233748,0.0001005735,0.000602472,0.0005003894,0.0003816064,0.000351464,0.000108489,0.0001145011,0.001315091,0.003107094,0.004122857,0.004994418,0.005509644,0.006195283,0.00675251,0.007492036,0.008085954,0.008788884,0.009318111,0.009915954,0.01033956,0.0108145,0.01112234,0.01146875,0.01165334,0.01186293,0.01191292,0.01197334,0.01187535,0.01177461,0.01151852,0.01124955,0.0108311,0.01039327,0.009816284,0.009218412,0.00849741,0.00775943,0.0069211,0.006077099,0.005166288,0.004272735,0.003361498,0.002503757,0.001690681,0.0009730482,0.0003930647,0.0002385667,0.0003009488,0.000113198,0.0001586829,0.0002811057,0.0003202304,0.0004275243,0.0003403249,0.0003749292,0.0003055873,0.0002475648
8.862527e-05,0.0001780498,0.0002187401,0.0006067278,0.0002474462,0.0004029379,0.0004422842,0.000267375,0.0001596168,0.0004268299,0.002708939,0.004749632,0.006260699,0.007148882,0.00799662,0.008687504,0.009568219,0.01035253,0.01126954,0.01202991,0.0128554,0.01349662,0.01417548,0.01466853,0.01518632,0.01552055,0.01586702,0.01602971,0.01618969,0.01616336,0.01611879,0.01588679,0.01562385,0.01517631,0.01468912,0.01402551,0.01331905,0.01245174,0.01154512,0.01050163,0.009430133,0.008257302,0.00707987,0.005854143,0.004664054,0.003498344,0.002419134,0.001443634,0.0006161014,0.0001747151,0.0004190374,0.0003174932,0.0001760738,0.0002831334,0.0003592185,0.0003250186,0.0004005473,0.0003109396,0.0002529027,0.0001490429
0.0001242918,9.725797e-05,0.0002252809,0.0001106527,0.0006142468,0.0005356009,0.0003929593,0.0003830253,9.231563e-05,0.001345145,0.004459247,0.007012758,0.008723882,0.009880866,0.01077998,0.0117202,0.01265451,0.01371014,0.01469352,0.01572418,0.01660574,0.0174925,0.01820195,0.01890495,0.01942157,0.01992498,0.02023445,0.02052088,0.02060349,0.02065019,0.02048298,0.02026837,0.01983392,0.01934547,0.01863715,0.01787458,0.01689979,0.01587909,0.01466306,0.01341922,0.01200754,0.01059958,0.009067102,0.007589865,0.006052067,0.004642467,0.003247552,0.00205993,0.0009611137,0.0001964438,0.0004325217,0.0004624852,0.0001447554,0.0003021208,0.0003262199,0.000443997,0.0003481494,0.0003881038,0.0003123263,0.0002573149
9.438954e-05,0.0001833319,0.0002152432,0.0006290516,0.0002676309,0.0004409074,0.0004633299,0.0002993285,0.0001573168,0.002390113,0.006927292,0.009578978,0.01179608,0.0128538,0.01409506,0.01495862,0.01621413,0.01723475,0.01852653,0.01954056,0.02070194,0.02156773,0.02251747,0.02318252,0.02389468,0.02433559,0.02479197,0.0249852,0.02516182,0.02507883,0.02494842,0.02456318,0.02410553,0.02340349,0.02261177,0.02159426,0.02047901,0.01916739,0.01776044,0.01619911,0.01455656,0.01281874,0.01103044,0.009230403,0.007430647,0.005728262,0.004084345,0.002658032,0.001336339,0.0003911558,0.0004360459,0.0005069054,0.0001596027,0.000304709,0.0003744716,0.0003378684,0.0004153468,0.0003216113,0.0002684825,0.0001558508
0.000132468,9.838233e-05,0.0002262288,0.0001321966,0.0006378011,0.0005796468,0.000443459,0.0003911406,0.000387423,0.004523283,0.009768402,0.01302289,0.01518075,0.01653312,0.01767728,0.0188245,0.02001678,0.02131687,0.02256068,0.02383481,0.02494615,0.02604165,0.02692776,0.0277853,0.02841251,0.02900312,0.02934652,0.02964132,0.02967129,0.02963701,0.02932201,0.02892933,0.02824732,0.02748141,0.02642747,0.02529261,0.02388286,0.02240677,0.02068229,0.01891889,0.01694888,0.0149845,0.01287595,0.01084036,0.008746494,0.006814333,0.004921209,0.003285753,0.00178045,0.0006537377,0.0002920583,0.0005450317,0.0002624367,0.0003241186,0.0003547352,0.0004544102,0.0003760151,0.0003979856,0.0003331796,0.0002644697
0.000110223,0.0001816001,0.0002215267,0.0006445107,0.0003320862,0.0004652889,0.0005596161,0.0002860025,0.001879745,0.007411287,0.01342819,0.0168805,0.01917323,0.02045505,0.02176585,0.02287587,0.02426868,0.02553316,0.02696818,0.02819196,0.02947317,0.03050024,0.03152965,0.03229624,0.03303364,0.03350479,0.0339189,0.03406014,0.03411598,0.03389009,0.03355326,0.03293,0.03217877,0.03114519,0.02997819,0.02854446,0.02698533,0.02518858,0.02328912,0.02119563,0.01903866,0.01674944,0.01445732,0.0121166,0.009855976,0.007648441,0.005616836,0.003745243,0.002149067,0.0008278361,0.0001830643,0.0006799728,0.0007505324,0.0003165968,0.0004185924,0.0003434362,0.0004525197,0.0003304088,0.0003007789,0.0001639649
0.0001459021,9.709797e-05,0.0002470243,0.0001450664,0.0007123479,0.0006069622,0.0005748387,0.0003629586,0.003205214,0.01162414,0.01761947,0.02161331,0.02343206,0.02502318,0.02605517,0.02750072,0.02869959,0.03025188,0.03150007,0.0329533,0.03404431,0.03525408,0.03608808,0.03699436,0.03752428,0.03808883,0.03827485,0.038459,0.03826049,0.03802532,0.03740667,0.03672392,0.0356667,0.03452919,0.03303939,0.03146603,0.02957836,0.02761782,0.0253979,0.02312932,0.02067555,0.01821333,0.0156636,0.01316116,0.01069219,0.008335078,0.006151535,0.004143586,0.002470803,0.001023842,0.0001927907,0.000790743,0.0008375456,0.0003096514,0.0004070332,0.0004658019,0.0004213101,0.0004137951,0.0003642014,0.0002802627
0.0001244324,0.0001580009,0.0002488736,0.0006494753,0.0004500388,0.0004971189,0.0006900383,0.000276001,0.00528669,0.01648945,0.02276366,0.02653398,0.0282068,0.02961294,0.03075816,0.03212736,0.03348815,0.03493045,0.03629748,0.03759284,0.03876398,0.03978715,0.0406714,0.04136765,0.04191431,0.04224214,0.04240603,0.04232358,0.04206091,0.04152994,0.04080755,0.03980616,0.03861291,0.03714364,0.03549596,0.03359096,0.03153713,0.02926073,0.02688128,0.02432889,0.02173649,0.01903669,0.01637901,0.01369248,0.01114612,0.008655682,0.006419559,0.004329838,0.002636009,0.001178117,0.0004189952,0.0008740433,0.0008736571,0.0002641349,0.0004655114,0.0003725989,0.0004903551,0.000361556,0.0003320552,0.0001923674
0.000146087,0.0001169787,0.0003000983,0.0001483007,0.0008322578,0.0006931886,0.0006436406,0.000415517,0.008568196,0.02278755,0.02825992,0.03207896,0.03296242,0.03464811,0.03544383,0.03716527,0.03825466,0.03994023,0.04100847,0.04244449,0.04330229,0.04439992,0.04496759,0.04568548,0.04590837,0.04620584,0.04603228,0.04586834,0.04525324,0.04459547,0.04351188,0.04235027,0.04079923,0.03915186,0.03716495,0.03508095,0.03272343,0.03028448,0.02765343,0.02497002,0.02219182,0.01940291,0.01663157,0.01389712,0.01130268,0.008793646,0.006562673,0.004479197,0.002842023,0.001456969,0.0007335179,0.001015646,0.0007204073,0.000248848,0.0004353753,0.0005357289,0.0004400447,0.0004796915,0.000372959,0.0003403855
0.0001258175,0.0001049852,0.0002830975,0.0006847396,0.0005468913,0.0007284065,0.0005781005,0.001370945,0.01548015,0.0292608,0.03462566,0.03711765,0.03806687,0.03923389,0.04042088,0.04182302,0.04322594,0.04454045,0.04579169,0.0468066,0.0477676,0.04842524,0.04904389,0.049308,0.04953403,0.04936202,0.04914722,0.04850022,0.04780642,0.04666123,0.04547542,0.04383849,0.04217984,0.04008863,0.03800815,0.03553242,0.03311394,0.03035447,0.02771006,0.02479247,0.02205652,0.01912638,0.01644835,0.01365976,0.01119003,0.008699585,0.006598517,0.00460586,0.003085376,0.001897382,0.001190499,0.001240633,0.0008986302,0.0004274371,0.0004847242,0.0004787043,0.0004884289,0.0004561405,0.0003335447,0.0002717621
0.0001627447,0.0001400908,0.0002807066,0.0002779678,0.0008136686,0.001143741,0.0005100462,0.007134222,0.02487824,0.03655126,0.04088429,0.04211303,0.04286721,0.04387675,0.04517521,0.04655473,0.04792537,0.0491193,0.05019617,0.05102546,0.05174048,0.05218282,0.05251336,0.05253719,0.05244015,0.05200356,0.05143905,0.0505107,0.04945502,0.04802749,0.04648882,0.04459054,0.04261228,0.04030348,0.03795937,0.0353309,0.03272385,0.0298923,0.02714622,0.02424501,0.02149607,0.01866695,0.0160512,0.01342933,0.01106883,0.008783881,0.006804067,0.005030918,0.003597327,0.002566115,0.001760472,0.001521008,0.00124774,0.001265282,0.0004658816,0.0006619078,0.0004452714,0.0005830433,0.0003862476,0.0004172827
0.0001881013,0.0001220986,0.000199743,0.000876861,0.0005078831,0.001234915,0.000643666,0.01152913,0.03555906,0.04360931,0.0468872,0.04625104,0.0474912,0.0479026,0.04982158,0.05067386,0.05240121,0.0529872,0.05423322,0.05443084,0.05521515,0.05503031,0.05536141,0.05476223,0.05461054,0.05355951,0.0529034,0.05138278,0.05022226,0.04824669,0.04661801,0.04424135,0.0422145,0.03952131,0.0371931,0.03429375,0.03178148,0.02880266,0.02623289,0.02330646,0.02080367,0.01805476,0.01572638,0.01325897,0.01118538,0.009089307,0.00734278,0.005734625,0.004393369,0.003374711,0.002423486,0.001913969,0.001683186,0.001458688,0.0004872921,0.0005820516,0.0005259326,0.0005362603,0.0003883687,0.0003232371
0.0002865923,0.0001194079,0.0001508336,0.0005105528,0.0007876648,0.001575103,0.0007728393,0.01743162,0.04642458,0.05043788,0.05174674,0.05008976,0.0514494,0.05188404,0.05388801,0.05464577,0.05617905,0.05654782,0.05745978,0.05740612,0.05779585,0.05734886,0.0572476,0.05637763,0.05577199,0.0544536,0.05334732,0.0515848,0.05000902,0.04784469,0.0458681,0.04338266,0.04110271,0.03839982,0.03593124,0.03313109,0.03059737,0.02782234,0.02534158,0.02270416,0.02037691,0.01796592,0.0158611,0.01373094,0.01188134,0.01005907,0.008471755,0.0069731,0.005624844,0.004427239,0.003235465,0.00234849,0.001758771,0.001350387,0.0004123437,0.0007221779,0.0005609021,0.0006151418,0.000505789,0.0004260643
0.0004575053,0.0002502337,2.499166e-05,0.001107424,0.0007035934,0.001163194,0.001471321,0.02940965,0.05756935,0.05553911,0.05567232,0.05292089,0.05509928,0.05510977,0.05756037,0.05772104,0.05935794,0.05909041,0.05995157,0.05930219,0.0595541,0.0585575,0.05825474,0.05688398,0.05603955,0.05428629,0.05293976,0.05083378,0.04905314,0.0466634,0.04454963,0.04197795,0.03965134,0.03700897,0.03459173,0.03199329,0.02960111,0.02714674,0.02487383,0.02263877,0.02054984,0.01857664,0.01669755,0.01498897,0.01330452,0.01182349,0.01027668,0.008935459,0.007428012,0.00607841,0.004542663,0.003072153,0.002161382,0.000688883,0.0004968561,0.0005169629,0.000797098,0.0004279477,0.0006603174,0.0002190884
0.0004921074,0.0001557571,0.0001670929,0.0003201989,0.001679043,0.0008539705,0.009450872,0.05359283,0.06490312,0.0607536,0.05703297,0.05658197,0.05728434,0.05889907,0.05982545,0.06095228,0.06110731,0.06153597,0.06104982,0.06096274,0.05998411,0.05945725,0.0580285,0.05708009,0.05522943,0.05389079,0.05167273,0.05000887,0.04751403,0.04562264,0.04296624,0.04096166,0.03826697,0.03626276,0.03364209,0.03173526,0.02927599,0.02753737,0.0252943,0.02376463,0.02175835,0.02044832,0.01866012,0.01754034,0.01590461,0.01489067,0.01328442,0.01222048,0.01046498,0.009149179,0.007081508,0.005353201,0.003135751,0.001157889,0.00155324,0.0007165563,0.0008645604,0.0005227096,0.0007762785,0.000380837
0.0002807202,0.0002794172,0.0004728658,0.000357658,0.002130872,0.001232263,0.03556686,0.07947524,0.06846538,0.06410325,0.05740382,0.05987371,0.0589296,0.06204497,0.06131295,0.06327132,0.06198984,0.06298139,0.061309,0.06162876,0.05965766,0.05942982,0.05718417,0.05648885,0.05400811,0.05292222,0.05026279,0.04888575,0.04614285,0.04459385,0.04187253,0.04026743,0.03766913,0.03611884,0.03372541,0.03230921,0.03016809,0.02893753,0.02706646,0.02604433,0.02442931,0.02360148,0.02219041,0.02149013,0.02017957,0.01946908,0.01809779,0.01716829,0.01552963,0.01412544,0.01199083,0.009764012,0.006819787,0.003096261,0.001811519,0.0006489209,0.000800461,0.000641419,0.0005869238,0.000524436
0.0001223937,0.0009711935,0.0006693496,0.0002743837,0.002075924,0.003384961,0.06226491,0.09428173,0.06912623,0.06511955,0.05832259,0.06246931,0.06069734,0.06426296,0.06249475,0.06460457,0.06247965,0.06356033,0.06124026,0.06160168,0.05913985,0.05892956,0.05635178,0.0556893,0.05304568,0.05204137,0.0493951,0.04816981,0.04560712,0.04428402,0.04188671,0.04057474,0.03841428,0.0372103,0.03533714,0.03430554,0.03274386,0.03191989,0.03067116,0.03005245,0.02908493,0.02861452,0.02785319,0.02741021,0.02673258,0.02613306,0.02537893,0.02438674,0.02336963,0.02167168,0.02012714,0.01712158,0.01440582,0.008437777,0.003573621,0.001187492,0.0004155442,0.001230541,0.0003303043,0.00111673
0.0006209212,2.025668e-05,0.0004288111,0.001543355,0.0003816666,0.02694022,0.1041962,0.09030092,0.07116787,0.06172828,0.06247944,0.06204035,0.06427768,0.0636761,0.0648179,0.06354795,0.06387895,0.06221589,0.06201954,0.0600999,0.05951102,0.05740779,0.05652762,0.05431673,0.05324692,0.05101619,0.04986523,0.04770571,0.04657729,0.04457195,0.04355949,0.0417785,0.04096003,0.0394531,0.03888547,0.03768033,0.0373912,0.03648468,0.03646176,0.03581177,0.03599251,0.03550938,0.03577859,0.03533331,0.03553991,0.03498028,0.03494919,0.03410237,0.03361963,0.03223424,0.03090695,0.02839385,0.0252073,0.01994768,0.01160396,0.001151253,0.0008668334,0.0008168939,0.000637328,0.0005271616
0.00143721,0.000375154,0.0007753154,0.0007930691,0.008861278,0.1100163,0.1256302,0.08130126,0.0691513,0.06167591,0.06478772,0.06337741,0.06588428,0.06429973,0.06552214,0.06365145,0.06407371,0.06208122,0.06197466,0.05992014,0.05943811,0.05737023,0.0566383,0.05461664,0.05375513,0.05185311,0.05097983,0.04926823,0.04848805,0.04703065,0.04643463,0.04528302,0.04493697,0.04412129,0.04406124,0.04358473,0.0438027,0.0436296,0.04406978,0.04412736,0.04469207,0.04487609,0.04543912,0.04563422,0.04606269,0.04615666,0.04631158,0.04618268,0.04587959,0.04531949,0.04417105,0.04266331,0.03973404,0.03593038,0.02854107,0.01637429,0.0006294598,0.0005327527,0.001474805,0.0004305511
0.001772599,0.00245316,0.007869667,0.03836336,0.1221883,0.1572831,0.1089682,0.07464676,0.06580697,0.06467371,0.06542192,0.06581428,0.06606296,0.06570854,0.06536999,0.06455244,0.06389475,0.0628126,0.0619638,0.06072325,0.05977146,0.05846381,0.05749502,0.05621088,0.05531617,0.05414724,0.05341588,0.05244434,0.05195589,0.05124903,0.0510642,0.05066228,0.05080912,0.05071799,0.05118758,0.05137357,0.05211497,0.05250701,0.05343717,0.0539414,0.05496147,0.05547636,0.05648829,0.05692091,0.05784016,0.05811034,0.05885844,0.05887606,0.05933611,0.05892894,0.05883699,0.05763382,0.05645068,0.05382257,0.05046127,0.04289486,0.02652027,0.007497268,0.002427436,0.001374212
0.05890109,0.07260349,0.1010085,0.14438,0.1716844,0.1339123,0.08741941,0.07007952,0.06696841,0.06706246,0.0674099,0.06750376,0.06733969,0.06691987,0.06640244,0.06569972,0.06499657,0.064142,0.06334754,0.06243183,0.06162886,0.06073905,0.06001181,0.05923552,0.05866962,0.05809101,0.05776349,0.05745099,0.05741794,0.05741275,0.05769709,0.05800243,0.0585872,0.05916811,0.0600012,0.060792,0.06179572,0.06271242,0.06379864,0.06475524,0.06584089,0.0667621,0.0677789,0.068607,0.06950437,0.07019683,0.07093142,0.07143985,0.07194191,0.07217027,0.07230698,0.07212488,0.0718291,0.07150682,0.07146373,0.07193718,0.06842732,0.05944129,0.05309619,0.05223992
0.1204326,0.1375021,0.1589992,0.1639366,0.1371097,0.09952759,0.07643417,0.0708015,0.06961682,0.06980403,0.0696336,0.06958535,0.06916146,0.06882264,0.0682426,0.0677481,0.06710452,0.06654935,0.0659176,0.0653859,0.06484206,0.06441633,0.06403669,0.06379452,0.06364801,0.06365175,0.06378651,0.06407065,0.06450304,0.06506613,0.06577559,0.06657981,0.06751358,0.06849477,0.06958076,0.07066222,0.07182264,0.07292771,0.0740905,0.07515261,0.07625999,0.0772289,0.07824108,0.07908315,0.07997642,0.08066992,0.08142918,0.0819509,0.08255467,0.08287095,0.08332179,0.08350254,0.08414831,0.08502352,0.08780016,0.09229841,0.09862363,0.1032531,0.1051212,0.1096846
0.1382158,0.1439124,0.1418147,0.1267948,0.1039187,0.08426468,0.07659734,0.07398622,0.07334345,0.07300733,0.07277722,0.07247292,0.07214914,0.0717833,0.0714016,0.07102647,0.07065436,0.07033387,0.07004063,0.06984121,0.06969433,0.0696782,0.06973527,0.06995045,0.07024895,0.07071903,0.07126763,0.07198495,0.07276027,0.07368692,0.07463862,0.0757147,0.07677624,0.07793213,0.07903372,0.08020242,0.08128112,0.08240559,0.08341037,0.08444724,0.08534155,0.08626258,0.08702436,0.08781496,0.08843375,0.08908945,0.08956193,0.090084,0.09041347,0.09082653,0.09108727,0.09160616,0.09229955,0.09401646,0.09714014,0.1029467,0.1110226,0.1186657,0.1251617,0.1315151
0.1265198,0.123592,0.116222,0.1036695,0.09092898,0.08407414,0.07987451,0.07828135,0.07738835,0.07697222,0.07659218,0.07633484,0.07605293,0.07583851,0.07562647,0.07547953,0.07537176,0.07533958,0.07538121,0.07551029,0.07574048,0.07606447,0.07650588,0.07703737,0.07768946,0.07841574,0.07925289,0.0801376,0.08111375,0.08210391,0.08316109,0.08419658,0.08527468,0.0862978,0.08734304,0.08830522,0.08927501,0.09013973,0.09100383,0.09174643,0.09248627,0.09309331,0.09370126,0.094169,0.0946462,0.09497816,0.09533302,0.09554075,0.09579735,0.09592864,0.09620123,0.09649947,0.09729949,0.098698,0.1016155,0.1061281,0.112194,0.1185692,0.1231927,0.1257931
0.1137549,0.1099404,0.1038563,0.0975659,0.09227461,0.08712694,0.08465599,0.08299685,0.08220594,0.08165883,0.08137047,0.08113308,0.08101541,0.08093365,0.08094047,0.08100227,0.08114719,0.08136842,0.08167131,0.08206569,0.08253618,0.08310381,0.08373436,0.08445747,0.08522234,0.08606683,0.086926,0.08784641,0.08875169,0.08969834,0.09060079,0.09152656,0.09238248,0.09324781,0.09402269,0.09479844,0.09546847,0.09613612,0.09668735,0.09723756,0.09766425,0.0980955,0.09839903,0.09871658,0.098904,0.0991186,0.09920236,0.09933375,0.09934349,0.09945145,0.09950111,0.09981769,0.1003263,0.1015841,0.1035547,0.1067886,0.1106375,0.1137483,0.1155921,0.1157524
0.1099762,0.107027,0.1035732,0.09899142,0.09430069,0.0917498,0.0893243,0.08808316,0.0872292,0.0868146,0.08653377,0.08644571,0.0864187,0.08650993,0.08665738,0.08689671,0.0871999,0.08758003,0.08802944,0.08854071,0.0891202,0.08974276,0.09042597,0.09112969,0.09188166,0.09262935,0.09341068,0.09416313,0.09493515,0.09565601,0.09638493,0.09704417,0.0977038,0.0982797,0.09885257,0.09933191,0.09980892,0.1001863,0.1005654,0.1008414,0.1011262,0.101306,0.1015042,0.101597,0.1017201,0.101738,0.1018024,0.1017656,0.1018054,0.1017709,0.1018961,0.1020564,0.1026046,0.1034536,0.1050936,0.1071577,0.1094955,0.1116175,0.112405,0.1116978
0.1092251,0.1071282,0.1041083,0.1013594,0.09900182,0.09593345,0.09435382,0.09308222,0.09243731,0.09201352,0.09186605,0.09181181,0.09190487,0.09205628,0.09230373,0.09260304,0.09297083,0.09338819,0.09385224,0.09436131,0.09489592,0.09546787,0.09604394,0.0966476,0.09723446,0.09783903,0.09840773,0.09898563,0.0995115,0.1000407,0.1005052,0.1009703,0.1013618,0.1017544,0.1020676,0.1023853,0.1026206,0.1028663,0.1030283,0.1032086,0.1033049,0.1034286,0.1034687,0.103547,0.1035421,0.1035887,0.103554,0.1035911,0.1035587,0.1036443,0.1037105,0.1040131,0.104434,0.1053275,0.1064625,0.1081306,0.1098156,0.1108145,0.11117,0.110727
0.110618,0.1089631,0.1071354,0.1044805,0.1016112,0.1002113,0.09854744,0.09765816,0.09700114,0.09670761,0.0965422,0.09656135,0.09664372,0.09683049,0.09705882,0.0973509,0.09767597,0.09803797,0.09842695,0.09883104,0.09925583,0.09967649,0.1001115,0.1005255,0.1009483,0.1013357,0.101728,0.1020735,0.1024223,0.1027159,0.1030136,0.1032508,0.1034951,0.1036758,0.1038687,0.1039966,0.1041434,0.104225,0.1043331,0.1043766,0.1044552,0.1044695,0.1045285,0.1045237,0.1045748,0.1045631,0.1046226,0.104625,0.1047274,0.1047971,0.1050333,0.1053079,0.1058866,0.1066113,0.107806,0.1090604,0.1103548,0.1115579,0.1119758,0.1115449
0.1110607,0.1098905,0.1080717,0.1065769,0.1053466,0.1032724,0.1022521,0.1013135,0.1008222,0.1004808,0.1003668,0.100326,0.1004049,0.1005208,0.1007016,0.1009047,0.1011408,0.1013921,0.1016539,0.1019262,0.1021917,0.1024644,0.1027166,0.1029738,0.1031998,0.1034305,0.103622,0.1038194,0.1039721,0.1041339,0.1042476,0.1043749,0.1044525,0.1045493,0.104596,0.1046685,0.1046911,0.1047468,0.1047531,0.1048003,0.1047987,0.1048464,0.1048457,0.104904,0.1049146,0.1049968,0.1050343,0.1051636,0.1052612,0.1054915,0.1057282,0.1061819,0.1067146,0.1075856,0.1085217,0.1097701,0.1109436,0.1116092,0.1119628,0.1118736
0.1118802,0.1109696,0.1099942,0.1083328,0.1064302,0.1056793,0.1045065,0.1038592,0.103317,0.103039,0.102843,0.1027885,0.102772,0.102828,0.1029013,0.103009,0.1031252,0.103252,0.1033838,0.1035101,0.1036402,0.1037531,0.1038701,0.1039618,0.1040594,0.1041257,0.104201,0.1042413,0.1042948,0.1043111,0.1043458,0.1043423,0.104363,0.1043454,0.1043584,0.1043333,0.1043455,0.10432,0.104339,0.1043208,0.1043548,0.1043521,0.1044103,0.1044327,0.1045266,0.1045871,0.1047347,0.1048562,0.1050926,0.1053242,0.1057241,0.1061636,0.1068559,0.107621,0.1087157,0.1097563,0.1107989,0.111839,0.1123365,0.1122587
0.1110752,0.1104978,0.109411,0.1086283,0.1080297,0.1065563,0.1058727,0.1051381,0.1047055,0.1043482,0.1041545,0.1040015,0.1039338,0.1038825,0.1038714,0.1038661,0.1038751,0.1038863,0.1038955,0.1039068,0.1039056,0.1039084,0.1038916,0.1038819,0.1038481,0.1038256,0.103776,0.1037426,0.1036806,0.10364,0.1035701,0.1035274,0.1034553,0.1034163,0.1033481,0.1033194,0.1032619,0.1032505,0.1032108,0.1032246,0.1032108,0.1032585,0.1032799,0.1033724,0.1034407,0.1035932,0.1037263,0.103964,0.1041952,0.1045667,0.1049588,0.1055499,0.1061944,0.1070995,0.1079923,0.1091074,0.1101341,0.110756,0.1112234,0.1114182
0.110301,0.1098651,0.1094063,0.1083454,0.1070189,0.1066328,0.1057637,0.1052513,0.104756,0.1044377,0.1041576,0.1039769,0.1038133,0.1036988,0.1035894,0.1034997,0.1034111,0.103325,0.1032403,0.1031476,0.103059,0.1029558,0.1028607,0.102747,0.102646,0.1025239,0.1024195,0.1022928,0.102189,0.1020623,0.101964,0.1018426,0.1017556,0.1016456,0.1015758,0.1014837,0.1014381,0.1013709,0.1013572,0.1013229,0.1013498,0.1013576,0.1014358,0.1014972,0.1016403,0.1017707,0.101999,0.1022229,0.1025702,0.1029299,0.1034538,0.1040141,0.1047888,0.1055941,0.1066522,0.1076132,0.1085665,0.1095689,0.1101563,0.1103237
0.1079262,0.107714,0.1070768,0.1067007,0.1064626,0.1053674,0.1048836,0.1042799,0.1038725,0.1034867,0.1032109,0.1029507,0.102749,0.1025525,0.1023821,0.1022125,0.1020502,0.1018889,0.1017237,0.1015624,0.1013908,0.1012271,0.1010493,0.1008842,0.1007026,0.100539,0.1003576,0.1001995,0.1000231,0.09987521,0.0997089,0.0995767,0.09942626,0.09931564,0.09918737,0.09910501,0.09900594,0.09895945,0.09889763,0.09889591,0.09888075,0.09893437,0.09897715,0.09909925,0.09921426,0.09942225,0.09962938,0.099949,0.100279,0.1007507,0.1012495,0.1019287,0.1026418,0.1035639,0.1044346,0.1054797,0.1064415,0.1070571,0.1076045,0.1079745
0.1056257,0.1054774,0.1053249,0.1046415,0.1036743,0.1034979,0.1028326,0.1024098,0.1019536,0.1016094,0.1012728,0.1010021,0.1007353,0.100501,0.100267,0.1000448,0.09982309,0.09960119,0.09938257,0.09915688,0.0989387,0.09870949,0.09849268,0.09826265,0.09805014,0.09782314,0.09761883,0.09739944,0.09720792,0.09700121,0.09682764,0.09663912,0.09648923,0.09632503,0.0962053,0.0960723,0.09599014,0.09589626,0.09586041,0.09581495,0.09583584,0.09585,0.09594037,0.09602786,0.09620374,0.09638215,0.09666501,0.09695864,0.09737905,0.09782199,0.09842129,0.09905181,0.09986637,0.1006855,0.1017095,0.1026202,0.1035162,0.1044936,0.1051292,0.1054402
0.101958,0.1019665,0.1016101,0.1014676,0.1014457,0.1006099,0.100258,0.09975842,0.09938113,0.09899268,0.09867303,0.09835247,0.09806928,0.09778511,0.09751685,0.09724831,0.09698283,0.09671985,0.09645247,0.09619181,0.09592262,0.095665,0.09539659,0.09514482,0.09488103,0.09463903,0.09438445,0.09415673,0.09391628,0.09370774,0.09348669,0.09330273,0.09310678,0.09295338,0.09278897,0.09267306,0.0925476,0.09247735,0.09239969,0.09238498,0.09236577,0.09241869,0.09247097,0.0926065,0.09274653,0.09298379,0.09323252,0.09359676,0.09398171,0.0945057,0.09505877,0.09577551,0.0965125,0.09742404,0.09826571,0.09925235,0.1001694,0.1007737,0.1013615,0.101828
0.09846575,0.0984933,0.09852581,0.09809751,0.09737084,0.09732185,0.09680901,0.09645829,0.09604967,0.09570583,0.09535041,0.09503444,0.09471414,0.0944128,0.09410979,0.0938124,0.09351648,0.09321841,0.09292613,0.09262739,0.09233937,0.09204259,0.09176166,0.09147084,0.09120093,0.09092057,0.09066604,0.09040089,0.0901664,0.0899214,0.0897119,0.08949222,0.08931303,0.0891244,0.08898159,0.08883048,0.08873112,0.08862519,0.08857786,0.08852646,0.08854184,0.08855666,0.08864817,0.08874391,0.08892866,0.08912398,0.089424,0.08974268,0.0901858,0.09065582,0.09127226,0.09191524,0.09271956,0.09351469,0.09448498,0.09534251,0.09617812,0.0971225,0.09777277,0.09816249
0.09385293,0.09399041,0.09381273,0.09380022,0.09390989,0.09326447,0.09300333,0.09259234,0.09225006,0.09187915,0.09154581,0.0912017,0.09087788,0.09055003,0.09022973,0.08990986,0.0895898,0.08927483,0.0889553,0.08864594,0.08832981,0.08802909,0.08772056,0.08743254,0.08713625,0.08686543,0.08658623,0.08633717,0.08607974,0.08585697,0.08562596,0.08543408,0.08523422,0.08507809,0.08491454,0.08479964,0.08467832,0.08461128,0.08453945,0.08452858,0.08451549,0.08457159,0.08462927,0.08476649,0.08491068,0.0851477,0.08539885,0.08575974,0.08614296,0.08665573,0.08719514,0.08788136,0.0885794,0.08942866,0.09020424,0.0911065,0.09196323,0.09253,0.09311735,0.0936221
0.08951376,0.08962765,0.08975146,0.08949099,0.0889242,0.08893662,0.08853367,0.08823135,0.08786509,0.08752882,0.0871716,0.0868334,0.08648728,0.0861496,0.08581093,0.08547358,0.08514076,0.08480529,0.0844799,0.08414994,0.0838356,0.08351597,0.08321732,0.08291321,0.08263515,0.08235162,0.08209881,0.08184056,0.08161735,0.08138862,0.08119896,0.08100361,0.08085123,0.08069301,0.08058167,0.08046447,0.08039828,0.08032661,0.08031075,0.0802904,0.08033182,0.08037083,0.08047931,0.08058891,0.08077823,0.08097411,0.0812633,0.08156627,0.08197961,0.08241328,0.08297515,0.08355445,0.08427255,0.08497341,0.08582755,0.08658133,0.08730593,0.08816832,0.08877578,0.08917424
0.08436431,0.08452655,0.08442631,0.08444045,0.08458523,0.08406199,0.0838317,0.08347039,0.08313718,0.08277083,0.08241897,0.08205357,0.08169591,0.08133533,0.08097709,0.08062315,0.08026856,0.07992461,0.07957873,0.07924961,0.07891841,0.07860982,0.07829948,0.07801718,0.07773354,0.07748296,0.07723128,0.07701709,0.07680169,0.07662768,0.07645196,0.076321,0.07618746,0.07610164,0.07601211,0.07597305,0.0759291,0.07593846,0.07594195,0.07600214,0.07605617,0.07617141,0.07628132,0.07645887,0.07663364,0.07688533,0.07713886,0.07748218,0.07783329,0.07828976,0.07875664,0.07934255,0.07992535,0.08063293,0.08126584,0.08200547,0.08272906,0.08317982,0.08368138,0.08413109
0.07968988,0.07976563,0.07985021,0.07964121,0.07914075,0.0791038,0.07873306,0.07840917,0.07803171,0.07765859,0.07726455,0.07687494,0.07647943,0.07608602,0.07569635,0.07530757,0.07493016,0.07455377,0.07419583,0.0738399,0.07350917,0.07318177,0.07288587,0.07259458,0.07234054,0.07209193,0.07188558,0.07168486,0.07153059,0.07138136,0.07128188,0.07118604,0.07114235,0.07110014,0.07111166,0.07112181,0.07118673,0.07124705,0.07136292,0.07147104,0.07163588,0.07179048,0.07200404,0.07220613,0.07247148,0.0727261,0.0730513,0.07336859,0.07376712,0.07416075,0.07464777,0.07512616,0.07570642,0.07625005,0.07691363,0.07748522,0.07800759,0.07868872,0.07914586,0.07943816
0.07467238,0.07472138,0.07456823,0.07447243,0.07449369,0.07399387,0.07367833,0.07327245,0.07285962,0.0724194,0.07197615,0.07152232,0.07106768,0.07061481,0.07016288,0.06972225,0.06928504,0.06886768,0.06845668,0.06807373,0.06770027,0.06736267,0.0670374,0.06675524,0.06648762,0.06626955,0.06606725,0.06591982,0.06578811,0.06571524,0.06565657,0.06565928,0.06567311,0.06574926,0.06583203,0.06597661,0.06612214,0.06632785,0.06652811,0.06678633,0.06703266,0.06733493,0.06761958,0.06795931,0.06827735,0.06865185,0.06900282,0.06941473,0.06980321,0.07025986,0.07069156,0.07119867,0.07166855,0.07221955,0.07267837,0.07320297,0.07372658,0.07397702,0.07428966,0.07456443
0.07040328,0.0703279,0.07024009,0.06994958,0.06942834,0.06918884,0.06874,0.06827691,0.06778028,0.06726436,0.06673024,0.06618709,0.06563989,0.06508961,0.06454679,0.06400674,0.0634846,0.06297137,0.06248637,0.06201646,0.06158504,0.06117453,0.06081248,0.06047638,0.060198,0.05994919,0.05976605,0.05961424,0.05953428,0.05948511,0.05951172,0.05956598,0.05969739,0.05985066,0.06007978,0.06032252,0.06063737,0.06095566,0.06134046,0.06171743,0.06215434,0.06257217,0.06304355,0.0634858,0.06397672,0.06443081,0.06493145,0.06539049,0.06589731,0.06635936,0.06687257,0.06733432,0.0678499,0.06829056,0.06880075,0.06920768,0.06951977,0.06998519,0.07023428,0.07034088
0.06618699,0.06608038,0.06582269,0.06556103,0.06533338,0.06480329,0.06430701,0.06376953,0.06318374,0.06257132,0.06193393,0.06128035,0.06061239,0.05994048,0.05926394,0.05859542,0.0579324,0.05728999,0.05666349,0.05607101,0.05550487,0.05498681,0.05450496,0.05408527,0.05371034,0.05341078,0.05316228,0.05300039,0.05289259,0.05287961,0.05291967,0.05305881,0.05324533,0.0535306,0.05385304,0.05426941,0.05470876,0.05523328,0.05576369,0.05636773,0.05695923,0.05761157,0.05823335,0.05890372,0.0595277,0.06019041,0.06079463,0.06143168,0.06200243,0.06260432,0.0631339,0.06369522,0.06417288,0.06468549,0.06507323,0.06547333,0.06587054,0.06597298,0.06612311,0.06622575
0.06268708,0.06252357,0.06231242,0.06195311,0.06147395,0.06102609,0.06050855,0.05990243,0.05926927,0.05858514,0.05786611,0.05711319,0.05633476,0.05553485,0.05472047,0.05389773,0.05307345,0.05225509,0.05145064,0.05066751,0.04991636,0.04920277,0.04854141,0.04793391,0.04740004,0.0469349,0.04656419,0.04627383,0.04609589,0.04600458,0.04603843,0.04615795,0.04640812,0.04673487,0.04718963,0.04770396,0.04833594,0.04900412,0.04977344,0.0505516,0.05141066,0.05225,0.05314881,0.05400075,0.05489223,0.05571363,0.05655863,0.05731635,0.0580878,0.05876123,0.05944495,0.06002321,0.06061304,0.06108172,0.06157781,0.06195488,0.0621867,0.06256086,0.06271603,0.06273058
0.05915416,0.05904964,0.05883159,0.05858676,0.05825006,0.05783629,0.05730739,0.05676821,0.0561399,0.05546128,0.05472728,0.05394085,0.05311061,0.0522333,0.05132462,0.05037765,0.049414,0.04842501,0.04743655,0.04644063,0.04546541,0.04450598,0.04359043,0.04271923,0.04191726,0.04119238,0.04056229,0.04004344,0.03964166,0.03938219,0.03925396,0.03929047,0.03945969,0.03980275,0.04026499,0.04089514,0.041617,0.04248754,0.04341245,0.0444577,0.04551525,0.04666049,0.04777583,0.04894601,0.05004762,0.05117445,0.05220043,0.05322845,0.05413231,0.0550242,0.05577826,0.05651677,0.05711009,0.05769711,0.05811872,0.05850839,0.05890412,0.05898676,0.05910995,0.05919399
0.05594344,0.05584805,0.0557204,0.05548033,0.05524402,0.05487328,0.05453636,0.05407265,0.05357207,0.05300201,0.05235908,0.05165589,0.05087411,0.05003893,0.04912455,0.04816663,0.04713398,0.04607107,0.04494385,0.04380385,0.04261728,0.04144062,0.04024383,0.03908588,0.03794415,0.03687679,0.03587216,0.03498267,0.03421004,0.03359362,0.03314848,0.03289127,0.03284789,0.03300313,0.03339071,0.03395924,0.03474981,0.03567805,0.03679475,0.03799065,0.03932882,0.04068371,0.04213144,0.04353671,0.04498798,0.04634478,0.04770681,0.04893192,0.05013082,0.05116233,0.05214908,0.05295178,0.05370816,0.0542728,0.05481627,0.05521783,0.05542103,0.05577543,0.05592802,0.05595014
0.05243304,0.05239056,0.05229105,0.05222401,0.05205974,0.05194587,0.05169817,0.05146813,0.05116175,0.05078739,0.0503563,0.04983198,0.04924683,0.04855394,0.04780032,0.04693069,0.04600499,0.04496157,0.04387128,0.04266891,0.04143428,0.04010195,0.03875887,0.03734343,0.03594778,0.03451915,0.03315252,0.03180984,0.03058499,0.02946013,0.02852004,0.02776873,0.02726678,0.02703409,0.02708617,0.02744836,0.02807768,0.0290019,0.03012609,0.03148798,0.03295964,0.0345964,0.03625356,0.03800532,0.0396992,0.04142553,0.0430284,0.04461141,0.04601814,0.04736455,0.04849615,0.04954366,0.05035559,0.05108716,0.05157641,0.05195403,0.05232957,0.05235297,0.0524094,0.05246786
0.04913778,0.04899349,0.04889377,0.04876547,0.04869615,0.04859658,0.04859034,0.04852233,0.04844352,0.04833885,0.04815612,0.04793038,0.04759343,0.04719884,0.04666863,0.04607289,0.04532536,0.04451034,0.04353527,0.0424964,0.04129757,0.04004488,0.03864159,0.03720191,0.03563241,0.03405405,0.03238201,0.03074295,0.02906817,0.02748896,0.02596258,0.02462133,0.023457,0.02258828,0.02203625,0.02186853,0.02210807,0.02273017,0.02374303,0.02503685,0.026626,0.028359,0.03027729,0.03221723,0.03424815,0.03620385,0.03817404,0.03999193,0.04176162,0.04331671,0.04477411,0.0459701,0.04703924,0.04781973,0.04848042,0.0489309,0.0490691,0.04932169,0.04935615,0.04923983
0.04561231,0.04536658,0.04511673,0.04496243,0.04492521,0.04490895,0.04492152,0.04502486,0.04514995,0.04525571,0.04536886,0.04540334,0.04541068,0.04529374,0.04512432,0.04479647,0.04439983,0.04382145,0.04316569,0.0423146,0.04138449,0.04025466,0.03905109,0.03765285,0.03619383,0.03455595,0.03287989,0.03105495,0.02922831,0.02730382,0.02543641,0.02355675,0.02183053,0.02023369,0.01894036,0.01798143,0.01749816,0.0175304,0.01808744,0.01915484,0.02059839,0.02239657,0.02436772,0.02653516,0.0287187,0.03098216,0.03315112,0.03531326,0.03729661,0.03920246,0.04085972,0.04238147,0.04359951,0.04464825,0.04536366,0.04583269,0.04622697,0.04615733,0.04603029,0.04587964
0.04251078,0.04205294,0.0416448,0.04130939,0.04091802,0.0408314,0.04086527,0.04098362,0.04119324,0.04148794,0.041778,0.04210271,0.04235163,0.04258788,0.04269098,0.04274623,0.04262621,0.04243457,0.042039,0.04155766,0.04085527,0.04006128,0.03903922,0.03792732,0.03658978,0.0351719,0.03354082,0.03184767,0.02996575,0.02805189,0.02599113,0.02394786,0.02183013,0.01981689,0.01786294,0.01617584,0.01479368,0.0139398,0.01370028,0.01414544,0.01524047,0.01681225,0.01878855,0.02095283,0.02330962,0.02566886,0.02808985,0.03039771,0.03267647,0.03475555,0.0367298,0.03842965,0.03995944,0.0411518,0.04213009,0.04282755,0.04306998,0.04331284,0.04323764,0.04289891
0.03919714,0.03860041,0.03795902,0.03732649,0.0370993,0.03669666,0.03654025,0.03658433,0.03678555,0.03709418,0.03752569,0.03797052,0.03847153,0.03890109,0.0393287,0.03961819,0.03986263,0.03992137,0.03990593,0.03967328,0.03934865,0.03878822,0.03812745,0.03722301,0.03621802,0.03497095,0.03363077,0.0320593,0.03041012,0.02855054,0.02663847,0.02455046,0.02245039,0.02023287,0.01807497,0.01591224,0.01395868,0.01224878,0.01106996,0.01057813,0.01093045,0.01207537,0.01377648,0.01590084,0.01820074,0.02067,0.02311966,0.02560775,0.02796655,0.03027523,0.03237041,0.0343372,0.03601303,0.03748996,0.03861391,0.03940059,0.04004245,0.04011333,0.0399845,0.03970775
0.03616698,0.03549691,0.03473782,0.03406256,0.03303226,0.03259983,0.03224664,0.03208452,0.03214453,0.03240935,0.03280379,0.03334393,0.03390887,0.03454225,0.03510602,0.0356728,0.03609842,0.03647957,0.03667019,0.03678471,0.03667705,0.0364742,0.03603116,0.03548383,0.03468913,0.03378937,0.03264433,0.03140084,0.02992245,0.02835936,0.0265802,0.02473806,0.02270908,0.02065041,0.01845186,0.01628065,0.01405929,0.0119906,0.01009644,0.008697947,0.008028861,0.008350139,0.009584961,0.01140377,0.01361772,0.01596708,0.01844828,0.02088556,0.02333759,0.02564965,0.02789415,0.02991953,0.03179832,0.03337971,0.03473343,0.03581282,0.03638585,0.03687159,0.03695485,0.03665711
0.03260774,0.03193969,0.03112384,0.03010681,0.02963153,0.02869557,0.02808214,0.02771588,0.02757103,0.02766133,0.02797749,0.02843452,0.02904558,0.0296837,0.03039222,0.03102968,0.03166959,0.03216726,0.03261974,0.03288271,0.03306957,0.03303769,0.03291155,0.0325509,0.03208771,0.03138465,0.03057873,0.0295361,0.02839716,0.02703205,0.02558342,0.02392617,0.02220463,0.02030004,0.01835904,0.01627349,0.01419716,0.01204767,0.01001014,0.00809614,0.006640155,0.005958096,0.006393341,0.007786831,0.009696849,0.01192062,0.01422033,0.01660881,0.0189323,0.02124992,0.02342327,0.02551576,0.02739076,0.02910643,0.03053496,0.0316403,0.03260631,0.03300728,0.03314374,0.03303979
0.02899932,0.02846272,0.02769905,0.02696614,0.02559485,0.0248797,0.02412331,0.02352491,0.02319363,0.02310227,0.02324568,0.02361477,0.02411772,0.02476686,0.0254338,0.02616299,0.02681574,0.02746619,0.02797508,0.02843804,0.02871781,0.0289243,0.02892299,0.02883295,0.02852279,0.02811754,0.02748922,0.0267666,0.02582542,0.02479669,0.02356016,0.02224809,0.02074463,0.01918268,0.01745177,0.01568579,0.01378266,0.01188105,0.00989943,0.008003448,0.006200418,0.00483376,0.004315279,0.00499716,0.006544681,0.00845568,0.01057743,0.01271953,0.01491356,0.01702988,0.01912496,0.0210779,0.02294105,0.02459483,0.02607522,0.027356,0.02819482,0.02894527,0.02931244,0.02928888
0.02475658,0.02430925,0.02367084,0.02269562,0.02223812,0.02113517,0.02027706,0.01960274,0.01908952,0.01883652,0.01882234,0.01902406,0.01943231,0.01995104,0.0205948,0.02123931,0.02193142,0.02254114,0.02314254,0.0236068,0.02402635,0.02427514,0.02445722,0.02444963,0.02436361,0.0240795,0.02371289,0.02314761,0.0225018,0.02166291,0.02075038,0.01965546,0.01849796,0.01717306,0.01580044,0.01427986,0.01273102,0.01106054,0.009391295,0.007647187,0.005976062,0.004393547,0.003275395,0.003151672,0.004161554,0.005771034,0.007563534,0.009476873,0.01137189,0.01329232,0.01513065,0.01693719,0.01860856,0.02018494,0.02157182,0.02271608,0.02378027,0.02438723,0.02476825,0.0249194
0.02049682,0.02023405,0.01972171,0.01921635,0.01799919,0.01734477,0.01654835,0.0158049,0.01526512,0.01489407,0.01475674,0.01483631,0.01509331,0.01552156,0.01602468,0.01662306,0.01720168,0.01781114,0.01833427,0.01884434,0.01922619,0.01956752,0.01975598,0.01988794,0.01985408,0.0197559,0.01948717,0.01915231,0.01864832,0.01808108,0.0173509,0.01656415,0.01562453,0.01463806,0.0135119,0.01235133,0.01106738,0.009764705,0.00836001,0.006960094,0.005496913,0.004102631,0.002816068,0.002095156,0.002500124,0.003692929,0.005190439,0.006747589,0.00836919,0.009953605,0.01154674,0.01306009,0.01453514,0.01588602,0.01713467,0.0182722,0.01908841,0.01986542,0.020356,0.02054231
0.01594897,0.01574847,0.01539775,0.01472387,0.01448448,0.01361561,0.01289566,0.01226986,0.01170324,0.01132548,0.01111013,0.01108664,0.01124125,0.01152268,0.01193159,0.01237746,0.01288795,0.01336212,0.01385309,0.01425956,0.01465183,0.01493055,0.01517634,0.01529226,0.01536492,0.01529989,0.01518708,0.01493479,0.01463461,0.01419761,0.01371599,0.01310372,0.01245283,0.01168011,0.01087682,0.009962681,0.00902782,0.007995212,0.006953975,0.00583192,0.004719914,0.003560633,0.002476267,0.001568261,0.001447035,0.002265324,0.003394451,0.004647241,0.005900851,0.007188424,0.008433207,0.009676462,0.01084655,0.01197501,0.01299874,0.01387173,0.01472723,0.01527028,0.01567336,0.01592248
0.01174357,0.01167142,0.01141953,0.01119136,0.01037793,0.00999594,0.009458324,0.008907598,0.008472189,0.008108296,0.007898867,0.007826297,0.007891425,0.008086176,0.008354623,0.008707041,0.009064177,0.009460382,0.009811283,0.01017003,0.01045245,0.01072333,0.01089992,0.01105366,0.01110361,0.01112485,0.01103844,0.0109213,0.01069667,0.01044218,0.01008334,0.009697779,0.009213354,0.008707027,0.008109001,0.007495215,0.006798259,0.006092754,0.005313965,0.004535402,0.003696456,0.002872466,0.002018999,0.001259523,0.0008451054,0.001273147,0.002100588,0.002994845,0.003941749,0.00486992,0.005816264,0.006721823,0.00761991,0.008454769,0.009243813,0.009989046,0.0105361,0.01109349,0.01148067,0.01168334
0.007782965,0.00772011,0.007583355,0.007230195,0.007205292,0.00671791,0.006322339,0.00596693,0.005609974,0.005352521,0.005164331,0.005086209,0.005106606,0.005208647,0.005392509,0.005606605,0.005869769,0.006118104,0.006388554,0.006614505,0.006845004,0.00701345,0.007175872,0.007266511,0.007345198,0.007347385,0.007334792,0.007244356,0.007138591,0.006956073,0.006759377,0.006488848,0.006206667,0.005854911,0.005494944,0.00507068,0.004642364,0.00415579,0.003669913,0.003132696,0.002602057,0.002029642,0.001476114,0.0009155616,0.0005185839,0.0006809745,0.001203645,0.001819473,0.002435755,0.003078071,0.00369836,0.004327956,0.004922835,0.00550754,0.006045231,0.0065069,0.006988871,0.007294135,0.007541167,0.007719336
0.004561859,0.004559939,0.00447385,0.004430657,0.004029762,0.003912548,0.003691541,0.003447045,0.003254522,0.00307288,0.002958901,0.002895478,0.002894729,0.002952338,0.003045043,0.003181616,0.003320707,0.003485786,0.003629334,0.003785911,0.003906257,0.00403155,0.004112283,0.004193197,0.004225202,0.004254836,0.004233764,0.004209277,0.004134041,0.004055474,0.00392738,0.003796905,0.003619113,0.003440518,0.003217477,0.002995683,0.002732823,0.00247357,0.002177011,0.001886725,0.00156345,0.001249966,0.0009103875,0.0005921708,0.0003033663,0.0003133038,0.000616096,0.0009599635,0.001332439,0.001693634,0.002069129,0.002425893,0.002787033,0.003122222,0.00344513,0.003761803,0.003981495,0.004234729,0.004414879,0.004515778
0.002048276,0.002033512,0.002005473,0.001885893,0.001953409,0.00179,0.001678207,0.001582527,0.001472502,0.001396807,0.001332032,0.001301198,0.00129647,0.001315832,0.001361734,0.001414715,0.001487476,0.001552306,0.001630385,0.001690776,0.001759984,0.001805864,0.001857831,0.001883422,0.001913515,0.001915784,0.001921725,0.00189944,0.001880558,0.001833781,0.001790557,0.001720302,0.001654092,0.001562105,0.001474868,0.001363392,0.001257532,0.001129168,0.001007388,0.0008650112,0.0007303279,0.0005773242,0.0004338676,0.0002773342,0.0001463871,0.0001254799,0.0002534607,0.0004184761,0.0005795073,0.0007527893,0.0009160842,0.001087065,0.001245514,0.001405968,0.001552608,0.001673445,0.001820216,0.001896964,0.00196588,0.002023399
0.0005307184,0.0005351686,0.0005242261,0.0005416948,0.000443986,0.0004523442,0.0004280729,0.0003948677,0.0003751018,0.0003496813,0.0003363451,0.0003263241,0.0003248288,0.0003309341,0.0003398733,0.0003569996,0.0003712492,0.0003928671,0.0004076215,0.0004288869,0.0004409518,0.0004589067,0.0004663929,0.0004793496,0.0004812107,0.000488278,0.0004840209,0.0004848161,0.0004743192,0.0004688115,0.000452227,0.000440642,0.0004183344,0.0004010895,0.0003735693,0.0003512143,0.0003191021,0.0002922777,0.0002562641,0.0002256758,0.0001865215,0.0001529709,0.000111671,7.661505e-05,3.771439e-05,2.719541e-05,6.068945e-05,9.849393e-05,0.0001432722,0.0001833011,0.0002284939,0.0002683923,0.000311966,0.0003499686,0.0003884626,0.0004311777,0.0004487038,0.0004875678,0.0005129559,0.0005242901
7.386126e-11,5.268858e-10,4.123644e-10,3.06325e-10,2.351359e-11,5.972894e-11,2.02842e-11,2.749137e-10,1.326051e-10,6.784595e-10,1.717274e-10,9.740023e-11,2.327447e-10,6.812212e-13,2.077129e-10,9.99633e-11,3.249891e-10,5.585824e-10,5.276646e-10,2.514089e-10,9.752828e-11,1.740576e-10,8.020439e-11,1.306399e-12,3.211255e-10,2.732805e-10,4.259798e-10,3.361833e-11,2.132156e-10,3.818166e-10,1.200214e-11,2.288442e-10,8.923445e-11,6.812259e-10,3.18217e-10,2.268173e-10,1.755543e-10,7.33584e-11,4.261292e-11,1.975711e-10,2.435528e-11,1.547368e-10,6.770821e-11,4.064246e-10,1.572453e-10,1.76184e-11,7.322566e-11,6.503053e-10,2.050017e-10,4.466068e-11,3.617575e-10,1.085308e-10,1.430136e-11,3.536246e-11,1.376559e-10,3.847931e-10,5.021863e-10,3.661893e-10,6.053858e-12,5.717942e-11
