7.225052e-11,1.871076e-10,7.737513e-11,9.528352e-11,5.954869e-11,8.579969e-10,2.435227e-10,1.306113e-10,6.641058e-11,1.236332e-10,6.904743e-11,2.61352e-11,1.585777e-10,1.699169e-12,2.835284e-10,5.833538e-11,9.386192e-11,3.328546e-10,3.639255e-10,2.530234e-10,5.798693e-10,2.697196e-10,8.454543e-11,2.603557e-10,5.713421e-11,1.3739e-10,5.912933e-10,5.997686e-11,2.299688e-10,2.262026e-10,8.341431e-10,3.319707e-10,3.394075e-11,4.386559e-11,3.253137e-11,3.772752e-10,6.39639e-11,3.803077e-10,4.876967e-11,7.4655e-11,1.820364e-10,2.362743e-10,4.482364e-10,4.99638e-10,8.297245e-11,2.279162e-11,5.420897e-11,5.86098e-11,2.527859e-10,2.021501e-10,1.796672e-10,4.909194e-10,1.483656e-10,1.175394e-10,6.849133e-12,1.890163e-10,3.201886e-10,1.02472e-10,1.926586e-10,1.369117e-10,8.252812e-11,3.990298e-10,1.522497e-10,1.299659e-10,6.310221e-11,1.946183e-10,2.760595e-10,3.763422e-11,1.731233e-10,2.375333e-10,3.459616e-10,1.865129e-10,2.615833e-10,5.992732e-11,2.241703e-11,4.35314e-11,6.494146e-11,3.364806e-10,1.116807e-10,2.414904e-10
2.895987e-08,6.667946e-08,1.751472e-08,2.512478e-08,3.659487e-07,3.438052e-07,6.546437e-08,1.109372e-07,1.037644e-07,9.647198e-08,1.414777e-08,5.604507e-08,7.293342e-09,1.581418e-08,6.804034e-09,1.581201e-09,2.78193e-09,4.191627e-09,2.86301e-09,7.413962e-09,5.536532e-09,1.025776e-08,7.829862e-09,1.181301e-08,1.017059e-08,1.322557e-08,1.102492e-08,1.43839e-08,1.311452e-08,1.468823e-08,1.416883e-08,1.642618e-08,1.508227e-08,1.625598e-08,1.673206e-08,1.721802e-08,1.678342e-08,1.760579e-08,1.825641e-08,1.750539e-08,1.865303e-08,1.870892e-08,1.953966e-08,1.861775e-08,2.061296e-08,1.909637e-08,2.083372e-08,1.952471e-08,2.162015e-08,1.965435e-08,2.20078e-08,2.013959e-08,2.264166e-08,2.042476e-08,2.304191e-08,2.070528e-08,2.333752e-08,2.097942e-08,2.334574e-08,2.126403e-08,2.32157e-08,2.141693e-08,2.28247e-08,2.196211e-08,2.147738e-08,2.239108e-08,2.061854e-08,1.424852e-08,3.405957e-08,1.170262e-08,2.459228e-08,2.492857e-08,2.646371e-08,9.346243e-08,5.560645e-08,9.093465e-08,6.853329e-08,6.148097e-08,4.370754e-08,5.340508e-08
4.395098e-07,2.932011e-07,3.856168e-07,3.598742e-07,3.706086e-07,8.811277e-07,4.343462e-08,1.588455e-07,4.057905e-07,1.762698e-07,4.889089e-07,3.76427e-07,3.169378e-07,7.220558e-08,1.015721e-08,2.732558e-08,2.282439e-08,1.306206e-08,2.86936e-08,8.513248e-09,3.484841e-08,3.767213e-09,3.831661e-08,1.725448e-09,4.008013e-08,7.549116e-09,3.802763e-08,1.342208e-08,3.863681e-08,1.696368e-08,3.729837e-08,2.331027e-08,3.631397e-08,2.598757e-08,3.652469e-08,3.057101e-08,3.300558e-08,3.431145e-08,3.30128e-08,3.688509e-08,3.093766e-08,4.205654e-08,2.965619e-08,4.433763e-08,2.881373e-08,4.800698e-08,2.686118e-08,5.061458e-08,2.647118e-08,5.296695e-08,2.568544e-08,5.555846e-08,2.565426e-08,5.707574e-08,2.608053e-08,5.845629e-08,2.705695e-08,5.872352e-08,2.879098e-08,5.774632e-08,3.222888e-08,5.34687e-08,3.821459e-08,4.494763e-08,4.682128e-08,3.306862e-08,4.209248e-08,1.216262e-07,2.076992e-07,3.345453e-07,2.66258e-07,1.844234e-07,1.984892e-07,1.067218e-07,1.105445e-07,8.89094e-08,2.835419e-07,1.073601e-07,3.65338e-07,2.421679e-07
1.397742e-06,1.734991e-06,1.649994e-06,1.512574e-06,2.311957e-06,3.987797e-08,5.816892e-07,5.255621e-07,5.326439e-07,1.618488e-06,1.724929e-06,1.970293e-06,1.28536e-06,4.191611e-07,9.989406e-08,1.119861e-07,1.002232e-07,1.051356e-07,7.675112e-08,1.151754e-07,7.218232e-08,1.260788e-07,6.422447e-08,1.237066e-07,4.730118e-08,1.150913e-07,3.389949e-08,1.052654e-07,2.293599e-08,9.394781e-08,2.277718e-08,8.799397e-08,2.910041e-08,7.579315e-08,4.057483e-08,6.609811e-08,4.989752e-08,5.535504e-08,6.441524e-08,4.235845e-08,7.618414e-08,3.376824e-08,8.858823e-08,2.103353e-08,1.015621e-07,1.178631e-08,1.115069e-07,7.901632e-09,1.230045e-07,1.530171e-08,1.318027e-07,2.371759e-08,1.397155e-07,3.258265e-08,1.453506e-07,4.009144e-08,1.48249e-07,4.715244e-08,1.466052e-07,5.301702e-08,1.361405e-07,6.098553e-08,1.097242e-07,7.773743e-08,6.002831e-08,1.058868e-07,5.343787e-08,3.391166e-07,1.112991e-06,1.35728e-06,1.229276e-06,9.414356e-07,4.77319e-07,5.274135e-07,1.585169e-07,5.513317e-07,4.180171e-07,1.016038e-06,9.82558e-07,1.435403e-06
4.279111e-06,4.308362e-06,4.482202e-06,4.309182e-06,2.262267e-06,3.671412e-06,8.789992e-07,3.005091e-07,2.636199e-06,3.55716e-06,5.056059e-06,5.037442e-06,3.560684e-06,1.044843e-06,2.543911e-07,3.304582e-07,3.148237e-07,2.509186e-07,2.899088e-07,2.438711e-07,3.069583e-07,2.411579e-07,3.082041e-07,2.179326e-07,2.850568e-07,1.761192e-07,2.468296e-07,1.369967e-07,2.174568e-07,1.079865e-07,1.872045e-07,7.845051e-08,1.57654e-07,6.261472e-08,1.297685e-07,6.243921e-08,9.456828e-08,8.114107e-08,6.692699e-08,1.075996e-07,4.110844e-08,1.416336e-07,3.512824e-08,1.718275e-07,5.294394e-08,2.047392e-07,8.212152e-08,2.349634e-07,1.09024e-07,2.624451e-07,1.357711e-07,2.879105e-07,1.584061e-07,3.073576e-07,1.771437e-07,3.213235e-07,1.903741e-07,3.26049e-07,1.954987e-07,3.153482e-07,1.866091e-07,2.736079e-07,1.661744e-07,1.87767e-07,1.822674e-07,9.225266e-08,1.292872e-07,1.099822e-06,2.812712e-06,3.773928e-06,3.274681e-06,2.394614e-06,1.704388e-06,4.467558e-07,3.290131e-07,6.547514e-07,1.913012e-06,2.204524e-06,3.237572e-06,3.535567e-06
8.169833e-06,9.002625e-06,9.064135e-06,8.256568e-06,8.773121e-06,3.689373e-06,2.53089e-06,1.706155e-06,4.149009e-06,7.997261e-06,9.850231e-06,1.044326e-05,7.136155e-06,2.151872e-06,6.06883e-07,8.197527e-07,7.258934e-07,6.775203e-07,5.873411e-07,6.750433e-07,5.843513e-07,7.001188e-07,5.627021e-07,6.653844e-07,4.868397e-07,5.904171e-07,4.009437e-07,5.120687e-07,3.185332e-07,4.375241e-07,2.519648e-07,3.735695e-07,1.929846e-07,2.988409e-07,1.475459e-07,2.285818e-07,1.415184e-07,1.607246e-07,1.798139e-07,1.068141e-07,2.400677e-07,1.014668e-07,3.098287e-07,1.486015e-07,3.839628e-07,2.130312e-07,4.541462e-07,2.825241e-07,5.246661e-07,3.493686e-07,5.85628e-07,4.080285e-07,6.387136e-07,4.592205e-07,6.787395e-07,4.965055e-07,7.013557e-07,5.17031e-07,6.965053e-07,5.073247e-07,6.416292e-07,4.509673e-07,5.037745e-07,3.599331e-07,2.91515e-07,3.944706e-07,1.450407e-07,2.022095e-06,5.876114e-06,7.526653e-06,6.645212e-06,5.014359e-06,2.981955e-06,1.893996e-06,4.74756e-07,2.087935e-06,3.097672e-06,5.006073e-06,5.988051e-06,7.459347e-06
1.433964e-05,1.513052e-05,1.537031e-05,1.482379e-05,1.039477e-05,9.959162e-06,3.440823e-06,1.667157e-06,8.208695e-06,1.280188e-05,1.709735e-05,1.756288e-05,1.217425e-05,3.5548e-06,1.363398e-06,1.833534e-06,1.766595e-06,1.424149e-06,1.424264e-06,1.312375e-06,1.420061e-06,1.311531e-06,1.39883e-06,1.22758e-06,1.276298e-06,1.059429e-06,1.09948e-06,8.85072e-07,9.416779e-07,7.340005e-07,7.908412e-07,5.815443e-07,6.443988e-07,4.46532e-07,5.033028e-07,3.283291e-07,3.636751e-07,2.782981e-07,2.764507e-07,3.329081e-07,2.847273e-07,4.608945e-07,3.848945e-07,6.109965e-07,5.244759e-07,7.735993e-07,6.812943e-07,9.329929e-07,8.318883e-07,1.082259e-06,9.732277e-07,1.217107e-06,1.09497e-06,1.326868e-06,1.190782e-06,1.404697e-06,1.249891e-06,1.435492e-06,1.252836e-06,1.38915e-06,1.160653e-06,1.208493e-06,9.293939e-07,8.367646e-07,6.70774e-07,5.622429e-07,4.521569e-07,3.580825e-06,9.82136e-06,1.291464e-05,1.130242e-05,8.310201e-06,5.59986e-06,2.204473e-06,8.92231e-07,2.857942e-06,6.008489e-06,7.941084e-06,1.069759e-05,1.240738e-05
2.13038e-05,2.28966e-05,2.335895e-05,2.120842e-05,2.060012e-05,1.154989e-05,6.205604e-06,3.802062e-06,1.132121e-05,2.015139e-05,2.559433e-05,2.679118e-05,1.845441e-05,5.105998e-06,3.184415e-06,4.782261e-06,4.411445e-06,3.725827e-06,3.205428e-06,3.243034e-06,3.034926e-06,3.232126e-06,2.956177e-06,3.078972e-06,2.681415e-06,2.752202e-06,2.312046e-06,2.385818e-06,1.94073e-06,2.033956e-06,1.603182e-06,1.704238e-06,1.279817e-06,1.360844e-06,9.719755e-07,1.035295e-06,7.455459e-07,7.614518e-07,6.982851e-07,6.486329e-07,8.856781e-07,7.886431e-07,1.203872e-06,1.094663e-06,1.576574e-06,1.459023e-06,1.960009e-06,1.838818e-06,2.339625e-06,2.204455e-06,2.685092e-06,2.532343e-06,2.985641e-06,2.80924e-06,3.217078e-06,3.004878e-06,3.349865e-06,3.088599e-06,3.334716e-06,2.993218e-06,3.081131e-06,2.619725e-06,2.450589e-06,1.838715e-06,1.377186e-06,1.432938e-06,8.362625e-07,5.062137e-06,1.505965e-05,1.94849e-05,1.706376e-05,1.283178e-05,7.851845e-06,4.356667e-06,1.179316e-06,4.879196e-06,8.403203e-06,1.258811e-05,1.573505e-05,1.897885e-05
3.012226e-05,3.227071e-05,3.253275e-05,3.148358e-05,2.36476e-05,1.941568e-05,7.556558e-06,3.96286e-06,1.684535e-05,2.749055e-05,3.611605e-05,3.753907e-05,2.584736e-05,6.224491e-06,9.204692e-06,1.380285e-05,1.267323e-05,1.00342e-05,8.741382e-06,8.094933e-06,8.084238e-06,7.901453e-06,7.933704e-06,7.554536e-06,7.372028e-06,6.785952e-06,6.498539e-06,5.879489e-06,5.603511e-06,5.004502e-06,4.734821e-06,4.137763e-06,3.884105e-06,3.300914e-06,3.055896e-06,2.513652e-06,2.301682e-06,1.945396e-06,1.867096e-06,1.90242e-06,2.033791e-06,2.461856e-06,2.724493e-06,3.34608e-06,3.658975e-06,4.360866e-06,4.684437e-06,5.3996e-06,5.700979e-06,6.395293e-06,6.650823e-06,7.296751e-06,7.478679e-06,8.044388e-06,8.122338e-06,8.566254e-06,8.495659e-06,8.759498e-06,8.46886e-06,8.458088e-06,7.843416e-06,7.416303e-06,6.317462e-06,5.156397e-06,3.480482e-06,2.956138e-06,2.789931e-06,6.642465e-06,2.102804e-05,2.744226e-05,2.400184e-05,1.76179e-05,1.16966e-05,5.080646e-06,1.796383e-06,6.456806e-06,1.235261e-05,1.703604e-05,2.236311e-05,2.643533e-05
3.974922e-05,4.230887e-05,4.34255e-05,3.932285e-05,3.69469e-05,2.300996e-05,1.137679e-05,6.613107e-06,2.151703e-05,3.712533e-05,4.792628e-05,4.996712e-05,3.465492e-05,4.913464e-06,2.978784e-05,4.092572e-05,3.409837e-05,2.692531e-05,2.242898e-05,2.139198e-05,2.063959e-05,2.099725e-05,2.039993e-05,2.030274e-05,1.911761e-05,1.850427e-05,1.699903e-05,1.623736e-05,1.467939e-05,1.394393e-05,1.241648e-05,1.170054e-05,1.019129e-05,9.454345e-06,8.01651e-06,7.325316e-06,6.128757e-06,5.640408e-06,5.11493e-06,5.161933e-06,5.736024e-06,6.352519e-06,7.693401e-06,8.612038e-06,1.027896e-05,1.130731e-05,1.30796e-05,1.412106e-05,1.587754e-05,1.684414e-05,1.848214e-05,1.931106e-05,2.075723e-05,2.137172e-05,2.251561e-05,2.280238e-05,2.350795e-05,2.331904e-05,2.337726e-05,2.248988e-05,2.164322e-05,1.979602e-05,1.76445e-05,1.411226e-05,9.563945e-06,6.87721e-06,7.897236e-06,6.204897e-06,2.826573e-05,3.64024e-05,3.180347e-05,2.366938e-05,1.47263e-05,7.657299e-06,2.16616e-06,8.712977e-06,1.588349e-05,2.317388e-05,2.942645e-05,3.507625e-05
5.034941e-05,5.515128e-05,5.464226e-05,5.386311e-05,4.088601e-05,3.202708e-05,1.258057e-05,6.281405e-06,2.884914e-05,4.589211e-05,6.251434e-05,6.271992e-05,4.596048e-05,2.017592e-05,8.843321e-05,9.657104e-05,7.704137e-05,5.872846e-05,5.110927e-05,4.753255e-05,4.793948e-05,4.729479e-05,4.791166e-05,4.616706e-05,4.534786e-05,4.235022e-05,4.063778e-05,3.728315e-05,3.535423e-05,3.207445e-05,3.008522e-05,2.689573e-05,2.486764e-05,2.179023e-05,1.974662e-05,1.696901e-05,1.512077e-05,1.329747e-05,1.231804e-05,1.255393e-05,1.319409e-05,1.559734e-05,1.748311e-05,2.100305e-05,2.346298e-05,2.740599e-05,3.006419e-05,3.407396e-05,3.667918e-05,4.05273e-05,4.287446e-05,4.638574e-05,4.828738e-05,5.126037e-05,5.246848e-05,5.462558e-05,5.480554e-05,5.577036e-05,5.44411e-05,5.370356e-05,5.034064e-05,4.739665e-05,4.137381e-05,3.483319e-05,2.3615e-05,1.331402e-05,1.892634e-05,3.41489e-06,3.645552e-05,4.619054e-05,4.136665e-05,2.917974e-05,2.008175e-05,8.510329e-06,2.701682e-06,1.165752e-05,2.01801e-05,2.931099e-05,3.717534e-05,4.515994e-05
6.188412e-05,6.783984e-05,6.751443e-05,6.349185e-05,5.60503e-05,3.949691e-05,1.635146e-05,7.66324e-06,3.710944e-05,5.542329e-05,8.036882e-05,7.565701e-05,5.619691e-05,9.053549e-05,0.0002004928,0.0001822844,0.000144914,0.000108812,9.812057e-05,9.094547e-05,9.359127e-05,9.191337e-05,9.426397e-05,9.049635e-05,8.96764e-05,8.357009e-05,8.070799e-05,7.392489e-05,7.035193e-05,6.379559e-05,5.995895e-05,5.37248e-05,4.963583e-05,4.371448e-05,3.947342e-05,3.428069e-05,3.033785e-05,2.705002e-05,2.473028e-05,2.545072e-05,2.64155e-05,3.128253e-05,3.493659e-05,4.190853e-05,4.688693e-05,5.459417e-05,6.008115e-05,6.786647e-05,7.333801e-05,8.074258e-05,8.575038e-05,9.243019e-05,9.659729e-05,0.0001021587,0.0001049559,0.0001088386,0.0001095707,0.0001110292,0.0001087188,0.0001067849,0.0001004492,9.43772e-05,8.309272e-05,7.098538e-05,5.021692e-05,2.693009e-05,2.983907e-05,2.338524e-05,4.182925e-05,5.796409e-05,5.130017e-05,3.630979e-05,2.414748e-05,1.096912e-05,2.744277e-06,1.439936e-05,2.437033e-05,3.737421e-05,4.565502e-05,5.627694e-05
7.470346e-05,8.376681e-05,8.130413e-05,8.226802e-05,6.167101e-05,4.839464e-05,1.800526e-05,7.998175e-06,4.473776e-05,6.751774e-05,9.616199e-05,9.722511e-05,4.168056e-05,0.000239805,0.0003602771,0.0003029995,0.000239473,0.0001805826,0.0001661635,0.0001540777,0.0001608328,0.0001572143,0.0001630735,0.0001556846,0.0001559633,0.0001443536,0.000140955,0.0001279991,0.0001233043,0.0001106209,0.00010539,9.322102e-05,8.752558e-05,7.600008e-05,6.992571e-05,5.979092e-05,5.39742e-05,4.750537e-05,4.399254e-05,4.506562e-05,4.644471e-05,5.541922e-05,6.097238e-05,7.401946e-05,8.171282e-05,9.62067e-05,0.0001047718,0.0001194097,0.0001279795,0.0001419103,0.0001497601,0.0001623273,0.0001688012,0.0001792585,0.0001834712,0.0001907919,0.0001915521,0.0001943532,0.0001900308,0.0001865995,0.0001757016,0.0001648741,0.0001464174,0.0001257119,9.337357e-05,5.213232e-05,3.246952e-05,5.746652e-05,3.488475e-05,7.412946e-05,6.08443e-05,4.432769e-05,2.951883e-05,1.313891e-05,3.832467e-06,1.798081e-05,2.966558e-05,4.442176e-05,5.500924e-05,6.836899e-05
9.086307e-05,9.620794e-05,9.924499e-05,9.015422e-05,8.225846e-05,5.679049e-05,2.587865e-05,1.416868e-05,4.98723e-05,8.571939e-05,0.0001087372,0.0001279275,7.073899e-05,0.0004823433,0.0005629324,0.0004702506,0.00035819,0.0002812867,0.0002532675,0.0002429253,0.0002482513,0.0002491126,0.0002533661,0.0002475564,0.0002434736,0.0002303395,0.000220867,0.0002048,0.0001936425,0.0001773124,0.000165804,0.0001497396,0.0001379663,0.0001223342,0.0001105616,9.647814e-05,8.600057e-05,7.66157e-05,7.110195e-05,7.207086e-05,7.576207e-05,8.797216e-05,9.90642e-05,0.0001173566,0.0001320521,0.0001526357,0.0001686805,0.0001896146,0.000205581,0.0002255005,0.0002401993,0.0002580317,0.0002704369,0.000284973,0.0002936618,0.0003032196,0.000306304,0.0003086626,0.000303619,0.0002960986,0.0002807745,0.0002618054,0.0002352615,0.0002019239,0.0001562462,9.228138e-05,3.235239e-05,9.026973e-05,1.196564e-05,8.949878e-05,7.060263e-05,5.485649e-05,3.234018e-05,1.713452e-05,5.374077e-06,1.856483e-05,3.69677e-05,5.205703e-05,6.740392e-05,7.942206e-05
0.0001063322,0.0001148745,0.000116685,0.0001127656,9.137596e-05,6.339257e-05,3.000271e-05,1.822771e-05,5.456242e-05,0.0001049246,0.0001238247,0.0001481752,0.0002688645,0.0008059667,0.0008247663,0.0006810848,0.0005080205,0.0004091736,0.0003637611,0.0003567316,0.0003595819,0.0003673435,0.0003687416,0.0003662937,0.0003557499,0.0003419467,0.0003237061,0.0003048121,0.0002844383,0.0002643989,0.0002439647,0.0002236151,0.0002034106,0.0001830534,0.0001636167,0.000144678,0.000128263,0.0001150312,0.0001076404,0.0001078767,0.0001156293,0.0001311059,0.0001504649,0.000174638,0.0001993655,0.0002271087,0.0002536513,0.0002821598,0.000308298,0.0003355743,0.000359546,0.0003839866,0.0004042046,0.000423978,0.0004383145,0.0004509527,0.0004565661,0.0004588082,0.0004519552,0.0004400671,0.0004177004,0.0003898942,0.0003510336,0.0003044412,0.0002393231,0.0001531334,4.822392e-05,0.0001009124,4.8665e-05,9.269342e-05,8.796012e-05,6.10059e-05,4.038614e-05,1.901145e-05,6.825482e-06,2.382342e-05,4.264509e-05,6.023091e-05,7.826409e-05,9.337804e-05
0.0001244385,0.0001299407,0.0001370447,0.000121829,0.0001144666,7.741655e-05,3.881516e-05,2.280296e-05,6.450786e-05,0.0001207541,0.0001524068,0.0001287421,0.0006293905,0.001210883,0.001153931,0.0009375152,0.0006890951,0.0005666096,0.0004964412,0.0004984903,0.0004935989,0.0005152398,0.0005081074,0.0005153631,0.0004917236,0.0004827377,0.0004485026,0.0004315971,0.0003946184,0.0003752499,0.0003387727,0.0003181292,0.0002827807,0.0002610796,0.0002280916,0.0002069682,0.000180419,0.0001648036,0.0001544668,0.0001537585,0.0001685198,0.0001855375,0.0002187455,0.0002465075,0.0002879115,0.0003204261,0.0003643222,0.0003981139,0.0004411231,0.000473512,0.0005129808,0.0005417593,0.0005753732,0.00059803,0.0006226673,0.0006357894,0.000647347,0.0006465456,0.000639729,0.0006201726,0.0005907408,0.000550741,0.0004974861,0.0004348565,0.0003457308,0.0002369977,8.483507e-05,8.414454e-05,0.0001249246,8.411796e-05,0.0001102018,6.656784e-05,4.77889e-05,2.000934e-05,7.001093e-06,2.589959e-05,4.972272e-05,7.069649e-05,9.168797e-05,0.0001073128
0.0001401677,0.0001544665,0.0001554,0.0001526694,0.0001235852,8.595484e-05,4.030118e-05,2.132117e-05,7.698816e-05,0.0001308537,0.0001943931,7.525591e-05,0.001183194,0.001702944,0.001560121,0.001233068,0.0009072473,0.0007471773,0.0006566943,0.0006630197,0.0006555688,0.0006880672,0.0006765833,0.0006904101,0.0006563636,0.0006486693,0.0005998546,0.0005814176,0.0005285611,0.0005065396,0.0004542213,0.0004301514,0.0003796208,0.0003538173,0.0003071182,0.0002814931,0.0002448248,0.000225619,0.0002130584,0.0002118741,0.000234916,0.0002553419,0.0003040419,0.0003378719,0.0003979009,0.0004378459,0.0005012384,0.0005428347,0.0006048512,0.0006445852,0.0007015774,0.0007364827,0.0007852105,0.0008118932,0.0008480924,0.0008620116,0.0008801214,0.0008755186,0.0008685228,0.0008393254,0.000801772,0.000746395,0.0006770068,0.0005940589,0.0004787593,0.0003430479,0.0001444399,4.891412e-05,0.000207613,6.201368e-05,0.0001331119,6.977934e-05,5.955257e-05,2.083267e-05,7.056384e-06,3.481257e-05,5.39032e-05,8.184415e-05,0.0001019513,0.0001254422
0.0001619234,0.0001711113,0.0001793399,0.0001624887,0.0001498164,0.000107223,4.948531e-05,2.139746e-05,9.516001e-05,0.0001410522,0.0002319926,0.0003051944,0.001900353,0.002306194,0.002036097,0.001570296,0.001157064,0.0009513301,0.0008421356,0.0008506206,0.0008444212,0.0008860038,0.0008735949,0.0008910741,0.0008491455,0.0008391584,0.0007776354,0.000753633,0.0006860987,0.0006574682,0.0005902519,0.0005591777,0.0004939096,0.000460755,0.0004005887,0.0003682008,0.0003217739,0.0002983652,0.0002841706,0.0002844615,0.0003162766,0.0003437862,0.0004083186,0.000452499,0.0005316365,0.0005832844,0.0006668353,0.0007202664,0.0008020209,0.0008526205,0.0009278167,0.0009717094,0.001036083,0.001068714,0.001116727,0.001132202,0.001156812,0.00114768,0.001140126,0.001098778,0.001052737,0.0009773631,0.0008919967,0.0007813018,0.0006418053,0.0004682641,0.0002329189,1.853821e-05,0.0002513155,2.412058e-05,0.0001319014,8.509438e-05,6.231935e-05,2.503919e-05,7.582013e-06,3.415724e-05,6.420803e-05,9.2405e-05,0.0001188297,0.0001404356
0.0001817136,0.0001986266,0.0002024977,0.0001995786,0.0001630975,0.0001142157,5.300801e-05,2.046885e-05,0.000107503,0.0001609597,0.0002274159,0.0008651955,0.002772051,0.003024078,0.00258271,0.001937565,0.00144065,0.00116885,0.001058047,0.001053278,0.001065859,0.001101058,0.00110434,0.00110974,0.00107505,0.001046651,0.0009858888,0.0009409952,0.0008713169,0.0008216167,0.0007505142,0.000698966,0.0006288633,0.0005768314,0.0005114257,0.0004634733,0.0004132694,0.0003822561,0.0003690458,0.0003745308,0.0004129935,0.0004565225,0.0005315291,0.0005971173,0.0006889403,0.000763798,0.000860866,0.0009372607,0.001032277,0.001104108,0.001191176,0.001253229,0.001327118,0.001373565,0.001427406,0.001450559,0.001475773,0.001466318,0.00145277,0.001401149,0.001341931,0.001245506,0.001140974,0.0009977011,0.0008337671,0.0006127793,0.0003500171,5.086227e-05,0.0002369813,9.42386e-05,0.0001105523,0.0001072492,6.465261e-05,3.369528e-05,1.068713e-05,4.058433e-05,7.228396e-05,0.0001017719,0.0001327524,0.0001589916
0.0002054796,0.0002191056,0.000228547,0.000212587,0.0001913565,0.0001468932,6.112984e-05,1.599001e-05,0.000132898,0.000180926,0.0001897771,0.001810832,0.003831703,0.003849123,0.003191984,0.002326019,0.001750868,0.001397151,0.001300347,0.001270552,0.001316732,0.001333825,0.001365438,0.001345905,0.001329625,0.001270426,0.001220883,0.001142822,0.001079991,0.0009979322,0.000931172,0.000849402,0.0007809758,0.0007019054,0.00063642,0.0005681845,0.0005177342,0.0004795713,0.000468218,0.0004853631,0.0005278636,0.0005970368,0.000677664,0.0007752742,0.0008740241,0.0009827696,0.001087395,0.001197068,0.001299076,0.001401778,0.001494271,0.001583473,0.001660015,0.001728165,0.001780505,0.001818249,0.001836379,0.001832313,0.001804555,0.001747276,0.001666454,0.001552383,0.001419833,0.001245679,0.001048651,0.0007812254,0.0004857179,0.0001154507,0.0001916629,0.0002305756,9.124714e-05,0.0001341002,6.3375e-05,3.92365e-05,1.153732e-05,3.871472e-05,8.424142e-05,0.0001143448,0.0001514309,0.0001770673
0.0002238663,0.0002559389,0.0002517021,0.0002632902,0.0002042209,0.000158342,6.167292e-05,1.194259e-05,0.0001444898,0.0002320125,7.934767e-05,0.003203596,0.005099424,0.004769923,0.003847788,0.002723095,0.002078674,0.001630765,0.001566977,0.001500195,0.001595913,0.001580985,0.00165476,0.001596179,0.001610575,0.001506405,0.001478942,0.001354868,0.00130913,0.001182964,0.001129207,0.001006698,0.0009475221,0.0008334945,0.0007738113,0.000681292,0.0006344197,0.0005917702,0.0005832888,0.0006203272,0.0006643397,0.0007693736,0.000850888,0.0009910826,0.001091156,0.001244072,0.001350213,0.001502806,0.00160562,0.001747977,0.001839457,0.001963459,0.002036015,0.002132428,0.002176322,0.002233948,0.002237748,0.002243278,0.002194017,0.002134272,0.002024471,0.001894846,0.00172648,0.001522363,0.00128399,0.0009716136,0.0006361761,0.0002008666,0.0001322437,0.0003964726,8.041922e-05,0.0001585788,6.760007e-05,4.681894e-05,1.484364e-05,5.033e-05,8.930729e-05,0.0001282886,0.0001629267,0.0002020556
0.0002542871,0.0002752462,0.0002869468,0.0002722164,0.000245327,0.0001932717,8.322508e-05,2.475252e-05,0.0001402044,0.0003290012,0.0005181863,0.005050164,0.006533291,0.005797342,0.004497002,0.00314004,0.002389404,0.001887609,0.001834572,0.001759162,0.001883405,0.001857497,0.001952938,0.001872394,0.001898575,0.001764253,0.00174228,0.001585251,0.001542078,0.001383212,0.001329864,0.001176613,0.001116043,0.000976079,0.0009143113,0.0008065206,0.0007597345,0.0007213176,0.0007178222,0.0007796441,0.0008313598,0.0009721749,0.001062165,0.001242549,0.001351311,0.001545271,0.001659307,0.001851588,0.001960399,0.002139171,0.002233361,0.00238886,0.00245971,0.002581222,0.002617376,0.002691823,0.002680373,0.002693049,0.002620039,0.002556295,0.002413593,0.002267932,0.002057455,0.001824411,0.001535322,0.001183078,0.0007948749,0.000310102,7.772124e-05,0.00053608,5.362993e-05,0.0001763512,6.696159e-05,5.109231e-05,1.603011e-05,4.622388e-05,0.0001043358,0.0001409679,0.0001863149,0.000219799
0.0002756981,0.0003170446,0.0003174254,0.0003313588,0.000268239,0.0001990231,9.40016e-05,3.537525e-05,0.0001293199,0.0003763875,0.001649535,0.007171169,0.008139972,0.006872365,0.005122907,0.003548321,0.002680472,0.002159276,0.002103669,0.002043928,0.002177994,0.002160682,0.002255911,0.00217061,0.00218708,0.002039856,0.002003829,0.00183003,0.001771245,0.001594963,0.001525988,0.001356154,0.001280355,0.001127462,0.001054176,0.0009432214,0.0008942986,0.0008691804,0.0008773186,0.0009649417,0.001036756,0.001206924,0.001320074,0.001530298,0.001662639,0.001885794,0.002022342,0.002241478,0.002369595,0.002571419,0.002680659,0.002854346,0.002934223,0.003067111,0.003104858,0.00318291,0.003164486,0.003171661,0.003081644,0.00300284,0.002832463,0.002661993,0.002411448,0.002143626,0.001801611,0.001410149,0.0009605265,0.0004418667,5.064921e-05,0.0005815171,9.005313e-05,0.000144601,8.876028e-05,5.090476e-05,1.597231e-05,6.483519e-05,0.0001063749,0.0001581178,0.0001975688,0.0002481213
0.0003084608,0.0003403136,0.0003579451,0.0003424561,0.0003183566,0.0002483131,0.0001216389,4.655885e-05,0.0001387535,0.0003108324,0.003584302,0.009595796,0.009838523,0.007961965,0.005674576,0.003944334,0.002928284,0.002456542,0.00236137,0.002366283,0.002466845,0.002496705,0.002549621,0.002494787,0.002462601,0.00233464,0.002249311,0.002089428,0.001984334,0.001818128,0.001706636,0.001544253,0.001432368,0.001287105,0.001189907,0.001091861,0.001041282,0.00103726,0.001069644,0.001178576,0.001289225,0.001475519,0.001632444,0.001855772,0.002032129,0.002265993,0.002443862,0.002671168,0.002836196,0.003042291,0.003182037,0.003354926,0.003457844,0.003583905,0.003635478,0.003699508,0.003684657,0.003670454,0.003572937,0.003465267,0.00327523,0.00306862,0.002783962,0.002473063,0.00208131,0.001647274,0.001135563,0.000589726,8.47059e-05,0.0005491581,0.0002694396,9.461433e-05,0.0001122024,4.201748e-05,1.236985e-05,6.578297e-05,0.0001183251,0.0001768065,0.0002207684,0.0002705483
0.0003429638,0.0003778469,0.0004083187,0.0004013096,0.0003672676,0.0002344841,0.0001643118,9.184749e-05,0.0001099008,0.0001825423,0.006528071,0.01242694,0.01152472,0.009010135,0.006107096,0.004313766,0.003129346,0.002779065,0.002609206,0.002723311,0.002749528,0.002860767,0.002830955,0.002836403,0.002719895,0.002639369,0.002474412,0.002353834,0.002177107,0.002043144,0.00186921,0.001732266,0.001571907,0.001448501,0.001326403,0.00124985,0.00121037,0.001227101,0.001304701,0.001424337,0.001595609,0.001782675,0.002003803,0.002222404,0.002461597,0.002687742,0.002924505,0.003140569,0.003358063,0.003548745,0.003733409,0.003885868,0.004024646,0.004124098,0.004201562,0.004232355,0.004232892,0.004178852,0.004086001,0.003932358,0.003735571,0.003476869,0.003171948,0.002802995,0.00237696,0.00188561,0.001330209,0.0007416151,0.0001717772,0.0005212041,0.0005243775,6.287243e-05,0.0001422467,4.610419e-05,1.448675e-05,8.266981e-05,0.0001264985,0.0001879807,0.0002408341,0.0002929938
0.000396353,0.0003863833,0.0004757111,0.0003933058,0.0004546641,0.0002768166,0.0002313172,0.000128665,0.0001704633,0.0003418584,0.01059575,0.01554347,0.01312628,0.009918563,0.006402542,0.004633968,0.003293809,0.003123711,0.002853385,0.003111639,0.003025434,0.003246719,0.003095131,0.00318762,0.002951818,0.002946042,0.002672371,0.002616089,0.002342919,0.002262843,0.002008942,0.001915515,0.001698665,0.001608967,0.001469447,0.001418564,0.001413231,0.001442732,0.001592574,0.001706195,0.001962835,0.002130429,0.002438419,0.002630907,0.002953263,0.003149374,0.003463055,0.003645742,0.003931665,0.004084873,0.00432829,0.004438956,0.004625781,0.004678187,0.004792257,0.004771156,0.004797181,0.004687007,0.004608345,0.004395521,0.004201649,0.003881382,0.003565769,0.003132615,0.002682272,0.002130422,0.001541693,0.0009087713,0.0003011039,0.0005226546,0.0008369773,6.124515e-05,0.000166615,4.318547e-05,1.74566e-05,7.005983e-05,0.0001528788,0.0001962222,0.0002809196,0.0003029773
0.0004171216,0.0004517057,0.0005111975,0.0004994479,0.0004798218,0.0003118997,0.0002170491,5.188621e-05,0.0004630939,0.001937335,0.01574368,0.01852917,0.01466032,0.01048807,0.006643591,0.004811738,0.003508351,0.003423685,0.003160108,0.00347275,0.003344147,0.003596431,0.00338069,0.003497242,0.003191825,0.003209036,0.002868553,0.002836551,0.002504369,0.002446131,0.002144411,0.002069546,0.001828925,0.001757618,0.001633864,0.001601691,0.001656018,0.00169843,0.001928913,0.002041305,0.002380556,0.002534967,0.002922832,0.003093783,0.003491662,0.003659489,0.004042876,0.004190665,0.004539104,0.004650474,0.004948216,0.005010019,0.005242383,0.005239015,0.00538953,0.005306667,0.005360714,0.005184498,0.005126031,0.004844741,0.00466335,0.004273387,0.003960701,0.003456914,0.002999605,0.002381218,0.001778867,0.001095311,0.0004730565,0.0005720448,0.001137771,7.860766e-05,0.0002059944,4.14236e-05,1.424914e-05,0.0001001436,0.0001511026,0.0002189997,0.0002889617,0.0003427903
0.0004503771,0.0004923813,0.0005511834,0.0005376703,0.0005319971,0.0004514208,0.0002013182,8.228712e-05,0.0007001871,0.005579478,0.0211082,0.02120093,0.01591895,0.0106882,0.006801799,0.004867816,0.00378599,0.003684452,0.003535673,0.003792281,0.003709823,0.003892501,0.003692138,0.003742449,0.003443056,0.003406634,0.003070778,0.002995517,0.002667577,0.002575465,0.002282943,0.00218664,0.001970579,0.001898207,0.001824575,0.001816262,0.00193562,0.002015488,0.002301696,0.002449619,0.002830805,0.003014228,0.003434696,0.003626501,0.004050219,0.004230781,0.00463418,0.004785646,0.00514743,0.005253302,0.005558006,0.005605479,0.00583819,0.005811937,0.005956911,0.005844342,0.005888506,0.005677853,0.00560671,0.005288299,0.00509268,0.00466389,0.004335162,0.003790276,0.003315566,0.002655646,0.002038311,0.001317991,0.000693129,0.0006676586,0.001284952,0.0002434079,0.0001522631,4.965066e-05,1.27246e-05,8.848702e-05,0.0001719993,0.0002417296,0.0003162533,0.0003748465
0.0004732657,0.0005706542,0.0005911652,0.0006778778,0.0005631532,0.0005062903,0.0001905668,0.0001588706,0.0004263874,0.01160632,0.02636608,0.02331347,0.01671519,0.01051393,0.006880286,0.004836522,0.004133871,0.003912304,0.003980845,0.004063889,0.004116778,0.004119318,0.004023231,0.00391079,0.003702705,0.003527562,0.003274904,0.003085139,0.002830961,0.00264962,0.002424001,0.002274826,0.002125473,0.002051892,0.00204285,0.002086745,0.002248366,0.00240954,0.002703859,0.002938303,0.003303459,0.003568823,0.003960382,0.004225751,0.004612485,0.004856277,0.005216948,0.00542077,0.005734736,0.005881599,0.006134289,0.006212363,0.006389658,0.006384156,0.00647172,0.006372683,0.006360403,0.006158114,0.006033352,0.005720381,0.005477016,0.005051902,0.004681821,0.004136878,0.003628555,0.002963831,0.002324587,0.001591098,0.0009660582,0.0007955483,0.001294736,0.0005881964,5.173482e-05,0.0001009051,3.895917e-05,0.0001053356,0.0001829877,0.0002562178,0.0003294354,0.000415486
0.0004781474,0.0006505924,0.0005969682,0.0007694773,0.000583122,0.0007628655,0.0001082975,0.0003336561,0.0002092193,0.02019629,0.03162136,0.0245256,0.01698031,0.009957694,0.006929742,0.004744675,0.0045725,0.004106205,0.004492221,0.004273894,0.004555949,0.004265134,0.004365232,0.003993209,0.00396327,0.003568093,0.003474714,0.003107524,0.002989226,0.002681032,0.002564361,0.002360026,0.002291786,0.002254471,0.002285108,0.002440331,0.002586299,0.002892239,0.003123709,0.003508242,0.003783885,0.004194189,0.00448201,0.00488166,0.005156994,0.005523083,0.005767899,0.006080892,0.006275751,0.006519242,0.006651423,0.006814848,0.006871629,0.006941766,0.006911037,0.006880795,0.006755641,0.006618324,0.00638914,0.006139457,0.005803103,0.005440776,0.004990931,0.004506639,0.003932067,0.003322613,0.00263344,0.00193991,0.001287303,0.0009605941,0.001328605,0.001028323,4.159859e-05,0.000116219,2.342638e-05,0.0001034068,0.0001902965,0.0003027269,0.0003360153,0.0004775995
0.0004910683,0.000750199,0.0006402791,0.0009489579,0.0006401314,0.000804834,0.0002275885,0.0001114852,0.002797472,0.03120095,0.0357728,0.02493396,0.01643681,0.00928705,0.006845337,0.004767139,0.004989122,0.004365015,0.004964896,0.004491581,0.004937238,0.004387568,0.004645573,0.004040316,0.004166004,0.003573617,0.00362595,0.003105852,0.00311036,0.002712433,0.002687306,0.00248648,0.002467756,0.00253387,0.002556825,0.002876974,0.002955396,0.003445234,0.003564934,0.004133575,0.004270834,0.00485953,0.004993184,0.005562336,0.00567297,0.006198642,0.006272102,0.006734586,0.006753377,0.007136821,0.007091241,0.007387131,0.007266828,0.007462997,0.007259058,0.007351864,0.007062281,0.007047005,0.006665293,0.006538232,0.006066273,0.005827808,0.005261987,0.004898467,0.00422996,0.003731805,0.002977177,0.002365416,0.001677001,0.001222384,0.001399254,0.0014998,7.545461e-05,0.0001708914,5.424585e-05,0.0001431772,0.0001870344,0.0003302641,0.00033507,0.0005331627
0.0006310451,0.0006682765,0.0008466537,0.0007999417,0.00100343,0.0007173578,0.0008403676,0.001090788,0.01020838,0.04243343,0.03750225,0.0247225,0.01486454,0.00889046,0.006447886,0.005156307,0.005167818,0.004872584,0.005192612,0.004877176,0.005078109,0.004630959,0.004706875,0.0041838,0.004180369,0.003657895,0.003622908,0.003171872,0.003124696,0.002809053,0.002766493,0.002675443,0.002671384,0.002857008,0.002904807,0.00332273,0.00341418,0.003976532,0.004087537,0.004714976,0.004821528,0.005464226,0.005545782,0.006167639,0.006206607,0.006786444,0.006771049,0.007290453,0.007205087,0.007650044,0.007488445,0.007852961,0.007607815,0.007881309,0.00754738,0.007729343,0.00730966,0.007397729,0.006889268,0.006880807,0.006289697,0.006185752,0.005511522,0.005294789,0.004530488,0.004185048,0.003353403,0.002882309,0.002129028,0.001649981,0.001560199,0.001637475,0.0002395157,9.903228e-05,4.668523e-05,9.484708e-05,0.0002552262,0.0003060607,0.0004364351,0.0004847564
0.0007452619,0.0006566559,0.001050493,0.0008526325,0.001299176,0.0005114361,0.001358374,0.0005891341,0.02427634,0.05017222,0.03686789,0.0233829,0.01284039,0.008617463,0.006028601,0.005736873,0.005238693,0.005494913,0.005247766,0.005338346,0.005029095,0.004937219,0.004588346,0.00438739,0.004039663,0.003798208,0.003502037,0.003288578,0.003081145,0.002949377,0.00286778,0.0028891,0.00296715,0.003167851,0.00337358,0.003713587,0.003992484,0.004416739,0.004716652,0.00517626,0.005461921,0.005924555,0.006169444,0.006607546,0.006793024,0.007191547,0.007306512,0.007650485,0.007680525,0.007959325,0.007901177,0.00811211,0.007961591,0.008096632,0.007851576,0.007913363,0.007580533,0.007570368,0.007149085,0.00706605,0.006563774,0.006411208,0.005828429,0.005589855,0.004916894,0.004578652,0.003833561,0.003406803,0.002692541,0.002259089,0.001865104,0.001589114,0.0005932518,9.243545e-05,3.347623e-05,0.0001592678,0.0002717933,0.0002872805,0.0004950106,0.0004601489
0.0008459855,0.0006181921,0.001184674,0.0008004621,0.001535472,0.0009007896,0.001006421,0.003698515,0.04353399,0.05320174,0.03422711,0.02076981,0.01098992,0.008306586,0.005874265,0.006274639,0.005371698,0.006028628,0.005271157,0.005713343,0.004921719,0.005178333,0.004411417,0.004547322,0.003858254,0.003914071,0.003376555,0.003395833,0.003088297,0.003091488,0.003076101,0.003101358,0.003384265,0.003452634,0.003941897,0.004046124,0.004644111,0.00476571,0.005395825,0.005515895,0.006134251,0.006236824,0.006808992,0.006875091,0.007382441,0.007405757,0.007837477,0.007805232,0.008146824,0.008054489,0.00830698,0.008155917,0.00831473,0.008098934,0.008165983,0.007893759,0.007877909,0.00755153,0.007451264,0.00707475,0.006898779,0.006479148,0.006223086,0.00574762,0.005398928,0.004867562,0.004433666,0.00388359,0.003419903,0.002973153,0.002566633,0.002213558,0.001135953,8.717008e-05,2.670874e-05,0.0001131508,0.0003336237,0.0002897953,0.000577586,0.0004429113
0.0005533069,0.001111106,0.0007905125,0.001714084,0.0007873717,0.002260341,0.0008380175,0.01666086,0.06275785,0.05017557,0.03084242,0.01669716,0.01026046,0.007446325,0.006512961,0.006227463,0.006009731,0.005997515,0.005663807,0.00559044,0.005123556,0.005010019,0.004497318,0.004374699,0.003894577,0.003790149,0.003431939,0.003366562,0.003221474,0.003206413,0.003336632,0.003374482,0.0037624,0.003834216,0.00439745,0.004475074,0.005134497,0.005191668,0.005887946,0.005906161,0.006603887,0.006568838,0.007238991,0.007135953,0.007763294,0.007588957,0.008164534,0.007909672,0.008422186,0.008086495,0.008539259,0.008126767,0.008516056,0.008024356,0.008355062,0.007796268,0.008077224,0.007454015,0.007683695,0.007004743,0.007192827,0.00646675,0.006603856,0.005822333,0.005899308,0.005077187,0.005101363,0.004295263,0.004319359,0.003689588,0.003824654,0.003376704,0.00260536,0.0005028382,0.0001226554,0.000266861,0.0002039316,0.0004690707,0.0003595659,0.0007485399
0.0005772557,0.001117481,0.0008364304,0.001632301,0.001225468,0.002235989,0.003681552,0.04183244,0.06896468,0.0438171,0.0257322,0.01330229,0.009658967,0.007029112,0.007094459,0.006231973,0.006539395,0.005884975,0.005987341,0.005357533,0.005308968,0.004734504,0.00460286,0.004118034,0.003971191,0.003628391,0.003526319,0.003365403,0.003365385,0.003411338,0.003546241,0.003762982,0.004015352,0.004332527,0.004661548,0.005013509,0.005379747,0.005720727,0.00609386,0.006394366,0.006754146,0.006995283,0.007325176,0.00749238,0.007783232,0.007871764,0.008119225,0.008122806,0.008321361,0.008240678,0.008395266,0.008234651,0.008345254,0.00810515,0.008179098,0.007870954,0.007917276,0.007543294,0.00756391,0.007132911,0.00713926,0.006655954,0.00664182,0.006098597,0.006068439,0.005481573,0.005465612,0.004889418,0.004998034,0.004601605,0.005104437,0.004971757,0.005363131,0.002285264,4.367739e-05,0.0001466422,0.0002783047,0.000504255,0.0004072497,0.0007896481
0.0009274688,0.0008562904,0.001432931,0.001495329,0.002101107,0.001469871,0.02499622,0.06536129,0.06056466,0.03653193,0.01930499,0.01183531,0.008571114,0.007593183,0.006990979,0.006770925,0.006433187,0.006158107,0.005796505,0.005447573,0.005092443,0.004729883,0.004410564,0.004089681,0.003854302,0.003642823,0.003526961,0.003475489,0.003503262,0.003637456,0.003792973,0.004076437,0.004311222,0.004686327,0.004951673,0.005366148,0.005625889,0.00604394,0.006273312,0.006669955,0.006853035,0.007212854,0.007338955,0.007650661,0.007713984,0.007973701,0.007972996,0.008177551,0.008111474,0.008262453,0.008136478,0.008238241,0.008055239,0.008110645,0.007878749,0.007897352,0.007624677,0.007609355,0.007300649,0.007259555,0.006925161,0.006860889,0.006499033,0.006409433,0.006033447,0.005940803,0.005596709,0.005575233,0.005407351,0.005692176,0.006035377,0.006995693,0.007726263,0.006693741,0.001787404,0.0003088195,0.0003743418,0.0003041452,0.000610509,0.0005613347
0.0008915518,0.0008379922,0.001256903,0.001416941,0.004127653,0.01862708,0.05137203,0.06871538,0.04797853,0.02761559,0.01501082,0.01063788,0.00834665,0.007846583,0.007140236,0.006957986,0.006432659,0.006172835,0.005681355,0.005371081,0.004936705,0.00462673,0.004274457,0.004018779,0.003791506,0.003647909,0.003574079,0.003581892,0.003666502,0.003828384,0.004031917,0.004305809,0.004572398,0.004908703,0.005190852,0.005548909,0.00581474,0.006167215,0.006395512,0.006723566,0.006901626,0.007194227,0.007314221,0.007563852,0.007622313,0.007827258,0.007824454,0.00798408,0.007920796,0.008037889,0.007919223,0.007998344,0.007828247,0.007873899,0.007659784,0.007679983,0.007428479,0.007427455,0.00714414,0.007129584,0.006822367,0.006797892,0.006468853,0.006439999,0.006106795,0.006105583,0.005824029,0.005950548,0.005884298,0.006421664,0.00695353,0.008436261,0.009785453,0.01083184,0.006900036,0.002174838,0.0001580065,0.0004006931,0.0006639943,0.0006252652
0.001684818,0.002299553,0.003937537,0.00553243,0.01641087,0.0421214,0.0608953,0.05599119,0.03503874,0.02025631,0.01268238,0.009934509,0.008498176,0.00792573,0.00731322,0.006938167,0.0064295,0.006048036,0.005580816,0.005212268,0.004808047,0.004485877,0.004173068,0.003940783,0.003759389,0.003658917,0.003632252,0.003681661,0.003801115,0.00397934,0.004199747,0.004459699,0.004730035,0.005027097,0.005306885,0.005608126,0.005870964,0.006155073,0.006383777,0.006636892,0.006821558,0.007036078,0.007171123,0.007342683,0.007426205,0.007554679,0.007587687,0.007674214,0.007658514,0.007706323,0.007646208,0.007659747,0.007559435,0.007543629,0.007409253,0.007370736,0.007207936,0.00715177,0.006966033,0.006899184,0.006697188,0.006625232,0.006412834,0.006346889,0.006145919,0.006125199,0.006000763,0.006137118,0.006264996,0.00684242,0.007626871,0.009181182,0.01102205,0.01269879,0.01165913,0.007166934,0.002245076,0.0005842888,0.0004488934,0.0007748518
0.004239225,0.006850036,0.01052543,0.01663217,0.03073006,0.04838203,0.05236178,0.04026302,0.02495944,0.01588203,0.01156898,0.009698046,0.008627139,0.007957168,0.007353562,0.006854367,0.006344909,0.005896658,0.005445399,0.005052859,0.004674145,0.004360008,0.004081475,0.00387947,0.003734366,0.003671622,0.00367434,0.003750486,0.003881851,0.004063223,0.004278422,0.00451902,0.004773439,0.00503458,0.005294686,0.00554971,0.005793915,0.006026036,0.006240756,0.006439852,0.00661758,0.006778407,0.006915237,0.007035389,0.007130458,0.007210598,0.007265224,0.007307098,0.007323334,0.007329997,0.007311411,0.007286759,0.007237185,0.007185674,0.007110201,0.007037443,0.006941112,0.006852208,0.006740271,0.006641829,0.006520943,0.006420384,0.00629937,0.006211843,0.006116007,0.006085271,0.006083459,0.006222129,0.006483016,0.007049805,0.007931096,0.009381025,0.0112053,0.01303285,0.01296616,0.009912171,0.005488788,0.002412158,0.000905548,0.002102961
0.008012058,0.01197603,0.01723122,0.02472058,0.03544182,0.04257165,0.03860323,0.02808672,0.01896299,0.01378792,0.01108123,0.009635007,0.008647772,0.007927926,0.007284862,0.006736997,0.00621005,0.00574437,0.005297884,0.004908845,0.004549671,0.004253557,0.004003822,0.00382604,0.003709697,0.003666496,0.003687002,0.003767464,0.003898603,0.004066791,0.004266236,0.004480948,0.004710163,0.004938717,0.005169874,0.005390307,0.005605781,0.005804657,0.005993821,0.0061633,0.006320409,0.006456574,0.006578957,0.006680281,0.006767523,0.006834629,0.006887962,0.006922481,0.006943812,0.006948151,0.006940322,0.006917544,0.006883907,0.006837732,0.00678263,0.006717749,0.006645939,0.006567233,0.006484126,0.006397909,0.006310862,0.006225688,0.00614625,0.006079481,0.00603574,0.006031665,0.006091797,0.006253271,0.006566414,0.007103196,0.007946773,0.009166748,0.01069488,0.01207065,0.01232318,0.01032448,0.006613913,0.003212078,0.002207465,0.004638022
0.01126862,0.01570476,0.02077702,0.02662867,0.03161149,0.03227757,0.02770993,0.02120095,0.01604735,0.01279434,0.01084345,0.009535463,0.008594787,0.007822844,0.007177124,0.006592429,0.006075598,0.005596296,0.005170781,0.0047835,0.00445053,0.004165684,0.003941538,0.003776922,0.00367705,0.003640078,0.003661121,0.003735437,0.003850601,0.004001457,0.004173779,0.004364674,0.004561726,0.004764441,0.00496318,0.005158998,0.005344853,0.005522374,0.005686678,0.005839377,0.005977448,0.006101985,0.006211585,0.006306584,0.006387219,0.006452928,0.006505351,0.00654287,0.006568464,0.006579562,0.006580448,0.006567473,0.006546352,0.006512437,0.006473032,0.006422377,0.006369131,0.006306592,0.006244978,0.006177089,0.00611494,0.006051381,0.006001796,0.005961598,0.005953282,0.005979422,0.00607489,0.00625648,0.006576515,0.007069051,0.007796268,0.008756758,0.009868741,0.01075647,0.01067244,0.009045681,0.006232831,0.003678096,0.004263018,0.007403675
0.01296277,0.01667812,0.02042896,0.02361835,0.02547119,0.02471737,0.02149969,0.01769725,0.01452665,0.01224373,0.01059656,0.009407807,0.008465523,0.007706217,0.007043084,0.00646986,0.005947931,0.005485921,0.00506529,0.004697863,0.004375058,0.004107813,0.003892925,0.003737356,0.003639255,0.003597827,0.003609479,0.003665826,0.003762065,0.003886293,0.004034771,0.004196041,0.004368584,0.004542879,0.004719292,0.004890416,0.005057754,0.00521572,0.005366179,0.005505055,0.005634164,0.005750669,0.00585608,0.005948582,0.00602931,0.006097423,0.006153544,0.00619776,0.006230064,0.006251479,0.006261425,0.006261787,0.006251614,0.006233598,0.006206565,0.006173972,0.006134369,0.006092087,0.006045591,0.006000305,0.005955226,0.005917308,0.005887796,0.005876818,0.005891084,0.005946918,0.006060087,0.006256226,0.006560401,0.007001664,0.007596853,0.00832036,0.00905222,0.009482409,0.009209417,0.007836427,0.00580895,0.004795999,0.006344975,0.009385422
0.01304015,0.01584538,0.01827092,0.02009896,0.02072652,0.01996665,0.0181615,0.01583325,0.01361613,0.0117703,0.01035663,0.009228295,0.008336664,0.007578698,0.006938808,0.006365863,0.005864487,0.005407887,0.005007011,0.004647345,0.0043403,0.004078638,0.003871048,0.003713952,0.003610603,0.003557661,0.003551636,0.0035882,0.003658851,0.003759576,0.003880214,0.004018528,0.004165091,0.004319598,0.004474224,0.004630014,0.004780779,0.004928232,0.005067578,0.005200688,0.005323961,0.005439037,0.005543404,0.005638235,0.005722093,0.00579561,0.005858337,0.005910349,0.00595211,0.005983156,0.006004888,0.006016263,0.006019773,0.006013815,0.006002028,0.005982338,0.0059594,0.00593093,0.005902618,0.005872344,0.005847247,0.005826067,0.005818659,0.005826196,0.005863188,0.005935655,0.00606405,0.006260372,0.006546922,0.006931447,0.007415039,0.007948026,0.008417397,0.008596925,0.008181483,0.007149492,0.006032517,0.006005508,0.007620547,0.0102022
0.0123298,0.01435338,0.0160835,0.01723889,0.01779527,0.0174698,0.01622766,0.01456551,0.01286077,0.01136284,0.01008988,0.009066963,0.008205208,0.007488448,0.006857699,0.006311532,0.005817544,0.005382611,0.004989026,0.004645786,0.004343427,0.004089965,0.003880604,0.00372034,0.003606244,0.003538334,0.003513562,0.003526874,0.00357494,0.003649662,0.00374838,0.003862449,0.003990636,0.004125168,0.004266171,0.004407189,0.004549247,0.004687201,0.004822407,0.004950889,0.005073965,0.005188677,0.005296112,0.00539419,0.005483659,0.005563326,0.005633519,0.00569399,0.005744528,0.005785816,0.005817179,0.005840199,0.005853925,0.005860758,0.005859547,0.005853595,0.005841558,0.005827831,0.00581095,0.005796566,0.005783741,0.005779795,0.005785664,0.005811169,0.005860717,0.005947778,0.006080579,0.006275035,0.006537515,0.006873548,0.007265266,0.007663923,0.007962681,0.008002986,0.007663939,0.006966618,0.006413951,0.006733756,0.008137708,0.01014281
0.01147021,0.01311142,0.01446562,0.01548919,0.0158811,0.01562615,0.0148403,0.01361804,0.01226216,0.01096683,0.009862592,0.008908369,0.008114167,0.007420476,0.006825489,0.006291137,0.005821925,0.005395755,0.00502024,0.004682516,0.004390528,0.004137021,0.003928347,0.003760377,0.00363618,0.003552832,0.003509186,0.003502331,0.003527371,0.003581482,0.003657753,0.003754165,0.003863523,0.003984969,0.00411202,0.00424481,0.004377902,0.004512024,0.004642775,0.004771108,0.004893565,0.005011027,0.005120944,0.005223912,0.005318289,0.005404325,0.005481245,0.005548976,0.005607549,0.005656567,0.005696919,0.005727859,0.005751274,0.005766044,0.005775088,0.005777064,0.005775832,0.005770139,0.005764764,0.005758812,0.005758381,0.005763473,0.005782412,0.00581689,0.005878109,0.005970245,0.006106322,0.006291067,0.006532277,0.006822686,0.007144701,0.00744629,0.007648021,0.00764302,0.007352138,0.00690768,0.006656464,0.007050297,0.008168809,0.009763108
0.01077194,0.01210778,0.01327991,0.01408593,0.01454195,0.01446288,0.01379922,0.01281904,0.01170829,0.01063712,0.009643484,0.008791267,0.00803931,0.007394777,0.006818432,0.006313962,0.005855661,0.005449954,0.005081067,0.004756305,0.004466297,0.004217497,0.004004647,0.003832213,0.003697159,0.00360093,0.003541219,0.003516032,0.003523104,0.00355761,0.003617472,0.003696443,0.003793111,0.003901112,0.004019876,0.004143654,0.004272579,0.004401788,0.004531784,0.004658626,0.004782903,0.004901558,0.005015096,0.00512127,0.005220393,0.005311043,0.005393267,0.005466552,0.005530579,0.005585731,0.005631393,0.005668831,0.005697296,0.005718854,0.005732669,0.005741714,0.005745101,0.005746933,0.005746307,0.005748543,0.005753269,0.005767252,0.005791598,0.005834702,0.005899635,0.005996314,0.00612841,0.006304279,0.006521453,0.006774705,0.007039429,0.007273699,0.007410188,0.007382336,0.007178531,0.006885194,0.006786677,0.007157413,0.008081625,0.009353438
0.01021695,0.01139578,0.01238622,0.01315149,0.01346821,0.01336504,0.01292978,0.01217449,0.0112683,0.01032847,0.009470238,0.008682726,0.007997989,0.007381904,0.006842466,0.006352206,0.005917254,0.005519595,0.005165813,0.004844572,0.004562327,0.004312226,0.00409972,0.003920763,0.003778769,0.003671287,0.003598946,0.003559809,0.003551532,0.003572142,0.003617095,0.003684549,0.003768947,0.003868934,0.003978955,0.004098281,0.004221935,0.004349686,0.004477341,0.004604949,0.004729141,0.004850025,0.004965073,0.005074274,0.00517595,0.005269906,0.005355298,0.005431763,0.005499242,0.005557205,0.005606435,0.005646213,0.005678292,0.005701739,0.005719282,0.005729928,0.005737328,0.005740723,0.005744642,0.00574875,0.005758741,0.005775013,0.00580496,0.005849912,0.005918733,0.006013469,0.006142284,0.006304927,0.006502052,0.006720988,0.006942244,0.007125953,0.007226121,0.007198354,0.007037919,0.006856468,0.006836756,0.007191439,0.007952764,0.009030196
0.00979789,0.01078454,0.01166297,0.01226882,0.0126351,0.01263876,0.01224119,0.0116151,0.01085594,0.01007541,0.009301241,0.008601514,0.007957254,0.007387625,0.006867317,0.006404316,0.005979117,0.005598469,0.005249253,0.004937944,0.004656259,0.004409867,0.00419396,0.004012811,0.003863792,0.003749138,0.003667194,0.003617663,0.003599011,0.003608388,0.003644123,0.003701563,0.003779142,0.003871486,0.003977426,0.004091725,0.0042137,0.004338719,0.004466463,0.004593084,0.004718441,0.004839508,0.004956196,0.005066272,0.005169593,0.005264734,0.005351432,0.005429137,0.005497384,0.005556499,0.005605869,0.005646682,0.005678331,0.005702796,0.005719493,0.005731301,0.005737706,0.00574268,0.005745796,0.005752135,0.00576176,0.005780884,0.005810621,0.005858024,0.005925013,0.006018636,0.00613954,0.006291284,0.006467478,0.006659371,0.006844751,0.00699381,0.007068432,0.007045123,0.006941839,0.006831612,0.006876312,0.007202656,0.007868351,0.008769434
0.009451712,0.01033586,0.01108242,0.01166834,0.01192625,0.01189583,0.01164504,0.01115442,0.01052656,0.009830887,0.009160346,0.008512584,0.00792637,0.007382378,0.006894534,0.006443725,0.006037847,0.005662849,0.005325224,0.005015574,0.004739757,0.004491957,0.00427719,0.004092088,0.003940191,0.003819662,0.003731936,0.003675724,0.003649935,0.003653086,0.003681879,0.003734557,0.003806476,0.003895922,0.003997879,0.004110979,0.00423053,0.004355566,0.004482054,0.004609339,0.004734169,0.004856049,0.004972544,0.005083176,0.005186346,0.005281524,0.005367927,0.005444981,0.005512683,0.005570413,0.005618996,0.005657751,0.005688446,0.005710318,0.005726071,0.005735006,0.005740714,0.005742823,0.005745744,0.005749539,0.005759606,0.005776537,0.005806914,0.005851657,0.005917746,0.006005664,0.006120277,0.006258635,0.00641813,0.006585628,0.006744827,0.006868595,0.006932793,0.006922737,0.006855584,0.00681044,0.006889008,0.007209291,0.007783218,0.008574579
0.009184729,0.009929672,0.01059965,0.01106523,0.01136521,0.01140971,0.01116224,0.01074387,0.01020461,0.009621247,0.009009351,0.008431067,0.007877364,0.007372457,0.006900359,0.006472048,0.00607329,0.005711517,0.005376426,0.00507425,0.004798281,0.00455384,0.004337069,0.004152138,0.003997095,0.003874468,0.003783175,0.003723564,0.003694529,0.003694019,0.003720504,0.003770031,0.003840816,0.00392797,0.004029834,0.004141476,0.004261592,0.004385759,0.004513033,0.004639733,0.004765166,0.004886459,0.005003066,0.005112913,0.005215505,0.005309566,0.005394584,0.005470137,0.005535628,0.005591481,0.005637066,0.005673642,0.005700679,0.005720216,0.00573184,0.005738466,0.005739832,0.005739899,0.005738561,0.005740763,0.005746831,0.005762539,0.005788904,0.005831936,0.005892651,0.005976109,0.006081152,0.006208746,0.006351411,0.006500471,0.006638675,0.006746924,0.006805693,0.006811142,0.006786627,0.006786588,0.006907723,0.007210348,0.007732789,0.008411134
0.008954991,0.009631554,0.01020365,0.0106612,0.01087425,0.01087886,0.01072904,0.01039316,0.009938832,0.009406636,0.008870709,0.008329771,0.007822377,0.007337457,0.006891898,0.006472775,0.006089368,0.005731236,0.00540509,0.005103653,0.004832569,0.004587372,0.004372841,0.004186558,0.004032018,0.00390806,0.003816317,0.003755923,0.003726151,0.00372567,0.003751556,0.003801921,0.003872421,0.00396098,0.004062812,0.004176058,0.004296228,0.00442183,0.004549034,0.00467669,0.004801754,0.004923307,0.005039122,0.005148384,0.005249685,0.00534225,0.005425465,0.005498589,0.005561769,0.0056143,0.005657129,0.005689579,0.005713497,0.00572823,0.005736517,0.005737865,0.005735863,0.005730408,0.005725856,0.005722537,0.005725636,0.005735856,0.005759154,0.005796168,0.005852534,0.005927849,0.006025026,0.00614013,0.006269648,0.006402309,0.006526226,0.006624529,0.0066862,0.006710396,0.006718657,0.006764126,0.006903984,0.007207997,0.007673876,0.008285929
0.008773454,0.0093483,0.009867989,0.01023054,0.01047456,0.01053226,0.01036738,0.01007039,0.009667001,0.009213194,0.008715111,0.008226643,0.007742904,0.007289183,0.006855517,0.006454526,0.006076208,0.005728619,0.005404077,0.005108828,0.004837848,0.004596303,0.004381468,0.004197407,0.004042944,0.00392061,0.003829795,0.003770916,0.003743033,0.003744191,0.003772732,0.003824814,0.003898317,0.00398849,0.004093235,0.004207803,0.004330424,0.004456896,0.004585836,0.00471381,0.00483973,0.004960977,0.00507667,0.005184984,0.005285147,0.005376115,0.005457159,0.005528051,0.005588058,0.005637753,0.005676444,0.0057055,0.005724398,0.005735271,0.005737779,0.00573491,0.005726553,0.005716689,0.005705435,0.005697655,0.005693872,0.005699561,0.005715691,0.005747593,0.005795787,0.005864176,0.005950878,0.00605584,0.00617218,0.006292877,0.006405849,0.006499947,0.006566809,0.006610719,0.006652405,0.006730397,0.006903436,0.007196723,0.007634857,0.008171932
0.008605964,0.009136061,0.009581474,0.009942081,0.0101153,0.01012968,0.01003081,0.009783329,0.009435392,0.009009749,0.008566361,0.008102881,0.007654874,0.007215791,0.006803449,0.006409321,0.006043502,0.005698592,0.005381533,0.005087062,0.004820754,0.004579525,0.004368014,0.004184783,0.004033215,0.003912769,0.003824983,0.003769229,0.003744683,0.003749916,0.003781912,0.003838467,0.003915216,0.00400968,0.004117168,0.004235404,0.004360093,0.00448935,0.004619599,0.00474933,0.004875774,0.004997691,0.005113126,0.005220992,0.005320122,0.005409519,0.005488774,0.005556973,0.005614434,0.005660329,0.00569574,0.005719928,0.005734832,0.00573982,0.005737684,0.005728041,0.005714502,0.005697137,0.0056803,0.005664511,0.005654862,0.005652172,0.005662035,0.00568503,0.005726041,0.005784414,0.005862216,0.005955689,0.00606177,0.006171881,0.006278241,0.006371356,0.006447448,0.00651133,0.006582461,0.006694847,0.006879162,0.007178043,0.00758001,0.008077443
0.008466185,0.008921414,0.009331532,0.009615619,0.00980969,0.009863647,0.009741363,0.009513848,0.009193138,0.008822716,0.008402289,0.00797792,0.007546322,0.007131848,0.006728353,0.006349041,0.005987159,0.00565112,0.005335519,0.005046647,0.004781068,0.004543873,0.004333465,0.004153812,0.004004493,0.003887918,0.003803849,0.003752511,0.003732942,0.003742952,0.00378058,0.003841819,0.003924125,0.004022744,0.004135154,0.004256757,0.004385395,0.004517118,0.00465019,0.004781472,0.004909556,0.005032118,0.005147985,0.005255614,0.00535397,0.005442254,0.005519509,0.00558571,0.005639948,0.00568295,0.005713904,0.005734288,0.005743513,0.005743804,0.00573482,0.005719626,0.005698184,0.00567452,0.005648915,0.00562622,0.005607157,0.005597066,0.005597015,0.005612037,0.005642585,0.005692138,0.005758916,0.005842891,0.005938633,0.006041249,0.006143064,0.006238216,0.006324547,0.00640864,0.006506132,0.006642984,0.006854774,0.00714687,0.007534612,0.007981047
0.008326296,0.008753128,0.009106308,0.009392579,0.009530831,0.009541269,0.009464951,0.009266711,0.008983522,0.008626762,0.008246013,0.007837703,0.007433583,0.007029645,0.006643385,0.006269368,0.005917958,0.005584209,0.005275168,0.004987361,0.004726325,0.004490276,0.00428377,0.004106303,0.003961157,0.003848332,0.003769174,0.003723172,0.003709201,0.003725583,0.003769005,0.003836833,0.003924557,0.004029261,0.004146303,0.004273025,0.00440533,0.004540996,0.004676723,0.004810688,0.004940424,0.005064398,0.005180941,0.005288699,0.005386753,0.005473867,0.005549838,0.005613545,0.005665477,0.005704632,0.005732223,0.005747388,0.005752155,0.005745846,0.005731307,0.005708189,0.005680144,0.005647349,0.005614205,0.005581397,0.005554035,0.005533129,0.005524167,0.005527938,0.005549091,0.005587267,0.005644493,0.0057179,0.005805533,0.005901549,0.006001401,0.006100469,0.006198423,0.006301443,0.006424699,0.006588506,0.006806887,0.007106326,0.007469838,0.00789297
0.008203022,0.00857446,0.008904993,0.009129775,0.009280813,0.009323433,0.009221788,0.009033797,0.008763472,0.008446711,0.008079218,0.007700321,0.00730741,0.006922977,0.006543364,0.006181606,0.005833426,0.005507285,0.005199706,0.004916962,0.004657065,0.004425057,0.004220422,0.004047068,0.003905299,0.003797397,0.003723421,0.00368332,0.003675984,0.00369886,0.003749563,0.003823811,0.003918579,0.004029056,0.004152291,0.004283833,0.004421158,0.004560577,0.004700031,0.004836683,0.004968823,0.005094431,0.005212041,0.00532039,0.005418164,0.005504808,0.005579111,0.005641242,0.005690083,0.005726502,0.005749523,0.005760724,0.005759398,0.005747854,0.005725693,0.005696053,0.005658914,0.005618365,0.005574819,0.005533175,0.005494379,0.005463807,0.005442786,0.005436393,0.005445406,0.005473447,0.005519421,0.005583949,0.005663382,0.005754857,0.005854067,0.005958297,0.006068376,0.006190302,0.0063343,0.006516506,0.006757997,0.007052608,0.007409534,0.007796948
0.008073208,0.008427364,0.008714002,0.008943881,0.009053602,0.009054832,0.008986447,0.008815439,0.008572152,0.008260555,0.007922533,0.007553785,0.007182215,0.006805405,0.006439814,0.00608225,0.005742891,0.005418773,0.005116886,0.004835328,0.004579576,0.004349067,0.004148317,0.003977733,0.003840535,0.003737238,0.00366899,0.003635307,0.003634703,0.003665132,0.003722906,0.003804875,0.003906339,0.004023908,0.004152986,0.004290523,0.004432637,0.004576769,0.004719909,0.004859924,0.004994654,0.005122271,0.00524139,0.005350376,0.005448551,0.005534422,0.005607985,0.005667884,0.005714767,0.005747422,0.005767185,0.005773026,0.005767053,0.005748491,0.00572023,0.005681905,0.005637207,0.005586375,0.005533888,0.005480587,0.005431698,0.005388508,0.005356631,0.005337305,0.005335377,0.005351201,0.005387311,0.005442134,0.005515039,0.005602604,0.005702543,0.005813159,0.005935201,0.006074007,0.006239966,0.006443806,0.006688626,0.006990874,0.007330638,0.007704705
0.007955745,0.008268627,0.008541753,0.008722783,0.008838458,0.008868027,0.008776053,0.008611046,0.008372164,0.008090618,0.007759914,0.007413696,0.007049853,0.006688635,0.006328142,0.005980739,0.005644088,0.005326421,0.005025912,0.004748718,0.004494186,0.004267315,0.004068637,0.003902061,0.003768608,0.003670475,0.003607977,0.003580777,0.003587525,0.003625254,0.003691053,0.003780335,0.003889531,0.004013773,0.004149661,0.0042929,0.004440595,0.004589336,0.00473673,0.004880259,0.005017899,0.005147935,0.005268599,0.005378899,0.00547723,0.005563271,0.005635538,0.005694381,0.005738443,0.005768723,0.005784044,0.005786071,0.005773937,0.005750018,0.005713804,0.005668494,0.005614041,0.005554594,0.00549067,0.005427262,0.005365571,0.005311146,0.005265727,0.005234723,0.005219565,0.005224439,0.005249334,0.005295866,0.005362202,0.00544716,0.005548801,0.005665936,0.005800342,0.005956077,0.006138434,0.006355783,0.006620013,0.006918289,0.007255687,0.007603895
0.007830637,0.008133341,0.008372265,0.008559764,0.008647716,0.00863915,0.008571968,0.008416293,0.008198417,0.007917428,0.007609251,0.00726952,0.006922484,0.006566941,0.006217909,0.005873928,0.005544652,0.005228762,0.004933024,0.004656938,0.004405885,0.004180464,0.003985185,0.003821369,0.003692236,0.003598815,0.003542089,0.00352155,0.00353533,0.003580926,0.00365425,0.003751568,0.00386799,0.003999619,0.004141926,0.004291457,0.004444562,0.004598342,0.004750089,0.004897353,0.005038284,0.005170749,0.005293644,0.005405038,0.005504491,0.005590233,0.005662451,0.005719527,0.005762252,0.005789176,0.005801739,0.005798705,0.00578224,0.005751421,0.005709159,0.005655021,0.005592715,0.005522503,0.005448937,0.005373016,0.005300136,0.005231947,0.005174374,0.005129326,0.005102188,0.005094362,0.005109272,0.00514685,0.005207801,0.005290676,0.005394559,0.005519222,0.005665035,0.005835364,0.006036,0.006271097,0.006536366,0.00684173,0.007166154,0.007506865
0.00771766,0.007989285,0.008220836,0.008370195,0.008457626,0.008475127,0.008387818,0.008236897,0.008018553,0.007760928,0.007456691,0.007134567,0.006793101,0.006450145,0.006105207,0.005769639,0.005442705,0.005132162,0.004837643,0.004565075,0.004315045,0.004092505,0.003899017,0.003738545,0.003612843,0.003524096,0.003472862,0.003458546,0.003479494,0.003532325,0.003613534,0.00371824,0.00384229,0.003980789,0.004129868,0.004285422,0.004444174,0.004603012,0.004759203,0.004910554,0.005054722,0.005190293,0.005315185,0.005428674,0.005528849,0.005615612,0.005687186,0.005744087,0.005784691,0.005810102,0.005818914,0.005812843,0.005790822,0.00575525,0.00570546,0.005644667,0.005572744,0.005493863,0.005408612,0.005322075,0.005235731,0.005155388,0.005083342,0.005025565,0.004984426,0.004965021,0.004968726,0.004998368,0.005053859,0.005135304,0.005242246,0.005373852,0.005531506,0.005716755,0.005930644,0.006175272,0.00645666,0.00675836,0.007082565,0.007403846
0.007598549,0.007864166,0.008068763,0.008224268,0.008296355,0.008279415,0.008210755,0.008064171,0.007863317,0.007604132,0.007317592,0.006999926,0.006671906,0.006333484,0.005997973,0.005665381,0.00534455,0.005035592,0.004744872,0.004473167,0.004225685,0.004004144,0.003813062,0.003654681,0.003532302,0.00344749,0.003401142,0.00339271,0.003419989,0.003479973,0.003568208,0.003680333,0.003811315,0.003956728,0.004112149,0.004273709,0.004438021,0.004601832,0.00476275,0.004918002,0.005066048,0.005204441,0.005332354,0.005447546,0.005549809,0.005637082,0.005709717,0.005765822,0.005806298,0.005829436,0.005836735,0.00582672,0.005801559,0.005760135,0.005705315,0.005636539,0.005557463,0.005468311,0.005373653,0.005274607,0.005176748,0.005082127,0.004997114,0.004924471,0.004870418,0.00483771,0.004830994,0.004851891,0.00490243,0.004982729,0.005092526,0.00523197,0.005400164,0.005597906,0.00582672,0.006086379,0.006367474,0.0066754,0.006989281,0.007306373
0.007491626,0.007733943,0.007935124,0.008062014,0.00812732,0.0081347,0.008050179,0.007908757,0.007704877,0.007464393,0.007180225,0.006876626,0.006553098,0.006224993,0.005893106,0.005567498,0.005248842,0.004944189,0.004654481,0.004385268,0.004138303,0.003918429,0.003728231,0.003571759,0.003451546,0.003369864,0.003327562,0.003323892,0.003356904,0.003422885,0.003517715,0.003636287,0.003773845,0.003925516,0.00408695,0.004254265,0.00442379,0.004592724,0.004757989,0.004917718,0.005069239,0.005211436,0.005341908,0.005460186,0.00556405,0.005653602,0.005726763,0.005784183,0.005823954,0.005847247,0.005852396,0.005841107,0.005812071,0.00576763,0.005706903,0.005633019,0.005545695,0.005449024,0.005343578,0.005234448,0.005123348,0.00501634,0.004916352,0.004830073,0.004761063,0.00471566,0.004696954,0.004709267,0.004754262,0.004833102,0.004946154,0.005092147,0.005271161,0.005482003,0.005722163,0.005988431,0.006282975,0.006587755,0.006902701,0.007205071
0.007378067,0.007617096,0.007797534,0.007929157,0.007990593,0.007967858,0.007897427,0.007757194,0.007568854,0.007326545,0.00705675,0.00675693,0.00644446,0.006120536,0.005796559,0.005473876,0.005160266,0.004857116,0.004570188,0.004301421,0.004055724,0.00383587,0.003646356,0.003490358,0.00337134,0.00329149,0.00325178,0.003251715,0.003288908,0.003359897,0.003459968,0.003584141,0.003727305,0.003884491,0.004051419,0.004223788,0.004398483,0.00457189,0.00474193,0.004905501,0.005061367,0.005206762,0.005341123,0.005461911,0.005569123,0.005660408,0.005736256,0.005794497,0.005836103,0.005859089,0.005864953,0.005851951,0.005822171,0.005774245,0.00571089,0.00563133,0.005539029,0.005434063,0.005320856,0.005200528,0.005078692,0.004957734,0.00484445,0.004742533,0.004659254,0.004599017,0.004568108,0.004570161,0.004608779,0.0046855,0.004800397,0.004953266,0.005141472,0.005362936,0.005615138,0.00589495,0.006189329,0.006500046,0.006807267,0.007107879
0.007271096,0.007494119,0.007674327,0.007787019,0.007836477,0.007836854,0.007755732,0.007622398,0.007430502,0.007203816,0.006936461,0.006648405,0.006340464,0.006025379,0.005705229,0.005388549,0.005077294,0.004777571,0.004491495,0.004224053,0.003978048,0.003758102,0.003567769,0.003411199,0.003291774,0.00321201,0.003173229,0.003174763,0.003214538,0.003288692,0.003392573,0.00352094,0.003668443,0.003830265,0.004001557,0.004178662,0.004357497,0.004535563,0.004709427,0.004877532,0.005036884,0.005186646,0.00532411,0.005449041,0.005558929,0.005654045,0.005732024,0.005793612,0.005836627,0.005862249,0.005868543,0.005857129,0.005826422,0.005778596,0.005712485,0.005630982,0.005533524,0.005423925,0.00530257,0.005174322,0.00504093,0.004908501,0.004780458,0.004664157,0.004564435,0.004489156,0.004443518,0.004433876,0.004464025,0.004536473,0.004652249,0.004809413,0.005006228,0.005238723,0.005501385,0.005786228,0.00609249,0.006401829,0.00671195,0.007002712
0.007148937,0.007371723,0.007538193,0.007654473,0.007711551,0.007687763,0.007618035,0.007484811,0.00730803,0.007081204,0.006826429,0.006542998,0.006244879,0.00593468,0.005621705,0.00530859,0.005001802,0.004703884,0.004419755,0.004152379,0.003906166,0.003684832,0.003492743,0.00333401,0.003212333,0.003130708,0.003090461,0.00309145,0.003131416,0.003206663,0.003312392,0.003443083,0.003593584,0.003758383,0.003933323,0.004113652,0.004296496,0.004477863,0.004655962,0.004827362,0.004991103,0.005144126,0.005286106,0.005414234,0.005528685,0.005626856,0.005709335,0.005773714,0.005820983,0.005848909,0.005858921,0.005849004,0.005821073,0.005773471,0.005708623,0.005625448,0.005527011,0.005413068,0.005287616,0.005151516,0.00501007,0.004865678,0.004725222,0.004593085,0.00447749,0.004384591,0.004322737,0.004298139,0.004316768,0.004382132,0.004495127,0.004655155,0.00485793,0.005098475,0.005370277,0.005668053,0.005976032,0.006292365,0.006598688,0.00689087
0.007016998,0.007232268,0.007402414,0.007511006,0.007553413,0.007552753,0.007479177,0.007356331,0.007177935,0.006965506,0.006715241,0.006442853,0.006150837,0.005849211,0.005541407,0.005234211,0.004930785,0.004636039,0.004353129,0.004086223,0.003839019,0.003615697,0.003420675,0.003258126,0.00313236,0.003046345,0.00300222,0.002999808,0.003037331,0.003111102,0.003216171,0.003347267,0.003498491,0.003665059,0.003841602,0.004024624,0.004209616,0.004394318,0.004574949,0.004750215,0.004916824,0.005074181,0.005219322,0.005352208,0.005470092,0.005573384,0.00565949,0.005729216,0.005780161,0.00581346,0.005826954,0.005822098,0.005797051,0.005753703,0.005690571,0.005610133,0.005511437,0.005397744,0.005269024,0.005129514,0.004980622,0.004827969,0.004674972,0.00452912,0.004396133,0.004285242,0.004203924,0.004161247,0.004164059,0.004217428,0.004323943,0.004481809,0.004687724,0.00493516,0.005216054,0.005517896,0.005836918,0.006155107,0.006467397,0.00675601
0.006851118,0.007070433,0.007235764,0.007348265,0.007410463,0.00739426,0.007331859,0.007210761,0.007048991,0.006840569,0.006603075,0.006338204,0.00605646,0.00576207,0.005462081,0.005160419,0.004862015,0.004570457,0.00428957,0.004023168,0.003774889,0.003549205,0.003350109,0.003182572,0.003050509,0.002957971,0.002906983,0.002898304,0.002930308,0.002999541,0.003101395,0.003229997,0.003380166,0.003545865,0.003722969,0.003906256,0.004092991,0.004278808,0.004462126,0.004639214,0.004809332,0.004969178,0.005118621,0.005254656,0.005377592,0.005484659,0.00557651,0.005650579,0.005707839,0.005745887,0.005766035,0.005766061,0.00574763,0.005708837,0.005651687,0.005574768,0.005480543,0.005368314,0.005241316,0.005099845,0.004948354,0.004788707,0.004627108,0.004467865,0.004319344,0.004188844,0.004086585,0.004021712,0.004003709,0.004039552,0.00413281,0.00428384,0.004487806,0.004737482,0.005022492,0.005335462,0.005658394,0.005985132,0.006298678,0.006592887
0.00665047,0.006871863,0.007045669,0.007163386,0.007211478,0.007219905,0.007162609,0.007057381,0.006898841,0.006705801,0.006477335,0.006224849,0.005952865,0.0056686,0.005376921,0.005082707,0.004790275,0.004503113,0.004225279,0.003959844,0.003711197,0.003482755,0.003279575,0.003105605,0.002966066,0.002864456,0.002804171,0.002786032,0.002809276,0.002870898,0.002966134,0.003089851,0.003235732,0.00339896,0.003573636,0.003756301,0.003942007,0.004128618,0.004312033,0.004491129,0.004662382,0.004825369,0.004976947,0.005117228,0.005243325,0.005355743,0.005451773,0.005532237,0.005594637,0.005640021,0.005666121,0.005674182,0.005662202,0.005631724,0.005581005,0.005511994,0.00542334,0.005317535,0.005193987,0.005055909,0.004903975,0.004742622,0.004574494,0.004406134,0.004243015,0.004094561,0.003969678,0.00387996,0.003836066,0.003847479,0.003920695,0.004056594,0.004252139,0.004499307,0.004788142,0.005102007,0.005433365,0.005764569,0.006086823,0.00638419
0.006394137,0.006623742,0.006802487,0.006925514,0.007005391,0.007009289,0.006965172,0.006865999,0.006727447,0.006545077,0.006331725,0.006091937,0.005832734,0.00556013,0.005278839,0.004994079,0.004709103,0.004428443,0.004154616,0.003892102,0.003643468,0.003413678,0.003205966,0.003025926,0.002877404,0.00276559,0.002693402,0.002663149,0.002674475,0.002724977,0.002810706,0.002925865,0.003065298,0.003222548,0.003393378,0.003572104,0.003755977,0.003940272,0.004123497,0.004301673,0.004474191,0.004637593,0.004791867,0.004933923,0.005064146,0.005179727,0.005281335,0.005366385,0.005435798,0.005487143,0.005521584,0.005536844,0.005534299,0.005511938,0.005471293,0.005410732,0.005332016,0.00523402,0.005119013,0.004986579,0.004839886,0.004679787,0.004510928,0.004336517,0.004163576,0.003998964,0.003853093,0.003736926,0.0036634,0.003644369,0.003688912,0.003801674,0.003980264,0.00421742,0.004499914,0.004818079,0.005152128,0.005490682,0.005817561,0.00612339
0.006081312,0.006320999,0.006511837,0.006652358,0.006720732,0.00675096,0.006721922,0.00664517,0.006516907,0.006352639,0.006154892,0.005930748,0.005686968,0.005427975,0.005160118,0.004886317,0.004611984,0.004339064,0.004072389,0.003813715,0.003567894,0.003337238,0.003127109,0.002940773,0.002784066,0.002660722,0.002575584,0.00253078,0.002527419,0.002563876,0.002636426,0.002740448,0.002869583,0.003018949,0.003182199,0.003355741,0.003534215,0.003715446,0.003895068,0.004071997,0.004242567,0.004406429,0.004560375,0.00470459,0.004836175,0.004955677,0.005060415,0.005151178,0.005225537,0.005284412,0.005325609,0.005350139,0.005356017,0.005344434,0.005313566,0.005264823,0.005196618,0.005110612,0.005005755,0.004884055,0.004745361,0.004592466,0.004426707,0.004252631,0.004074137,0.003898855,0.003734933,0.003594192,0.003489711,0.003435596,0.003444639,0.003524355,0.00367632,0.003894129,0.004167725,0.004477702,0.004811984,0.005152995,0.005487266,0.005799955
0.00570255,0.005951138,0.006154093,0.006300007,0.006409127,0.006445873,0.006432302,0.006366929,0.006262449,0.00611673,0.005937653,0.005732813,0.005505816,0.005264491,0.005011267,0.004752607,0.004490073,0.004229038,0.003970624,0.00371981,0.003477877,0.003250008,0.003038271,0.002848459,0.002683778,0.0025502,0.002451215,0.002390976,0.002370843,0.00239047,0.002447301,0.002536457,0.002653084,0.002790638,0.002944678,0.003109145,0.003281096,0.003455505,0.003630808,0.003802866,0.003971076,0.004131933,0.004285444,0.004428566,0.004561679,0.004682086,0.004790411,0.004884201,0.004964293,0.005028392,0.005077501,0.005109479,0.005125405,0.005123385,0.005104491,0.005067111,0.005012342,0.004938852,0.004847981,0.004738767,0.004613013,0.004470546,0.004314025,0.004145031,0.00396801,0.003787736,0.003612219,0.003451297,0.003318273,0.003228245,0.003196506,0.003235665,0.003350778,0.003539597,0.00378944,0.004088989,0.004417603,0.004758234,0.005094802,0.005413674
0.005263688,0.005524881,0.005739037,0.005910161,0.006009405,0.006071598,0.00608132,0.006043501,0.005956315,0.005831343,0.005674733,0.005489328,0.005284091,0.005060774,0.004827125,0.004584186,0.004338356,0.004090078,0.003844809,0.003602958,0.003369634,0.00314584,0.002936905,0.002744928,0.002575805,0.002432797,0.002321735,0.002245726,0.002208153,0.002209355,0.002247766,0.002320003,0.002420467,0.00254441,0.002685327,0.002839376,0.003000894,0.003167489,0.003334623,0.003501101,0.003663225,0.0038206,0.003970076,0.00411182,0.004243055,0.004364294,0.004473039,0.00456998,0.004652927,0.004722628,0.004777147,0.004817258,0.004841183,0.004849802,0.004841435,0.004817029,0.004775036,0.004716388,0.004639897,0.00454648,0.004435462,0.004308039,0.004164353,0.004006649,0.003836758,0.003659168,0.003479277,0.003305793,0.003150336,0.003027603,0.002954906,0.002947862,0.00301793,0.003166301,0.003387384,0.003662691,0.003976009,0.004309627,0.004645042,0.004967778
0.004771648,0.005036019,0.005263237,0.005435588,0.005578056,0.005654312,0.005679088,0.005656092,0.005594376,0.005494449,0.005359173,0.005198979,0.005014271,0.004814469,0.004599912,0.004378117,0.004149099,0.003918929,0.003687407,0.00345987,0.003236308,0.003021903,0.002817373,0.002628264,0.002456587,0.002308344,0.002186737,0.002097197,0.002042475,0.002024832,0.002043804,0.002096617,0.002179415,0.002286285,0.002412728,0.002552579,0.002702583,0.002857536,0.003015653,0.003172744,0.003328078,0.003478231,0.003623113,0.003759866,0.003888769,0.004007374,0.004116192,0.004213042,0.004298625,0.00437094,0.004430799,0.004476375,0.004508453,0.004525469,0.004528087,0.004514967,0.004486669,0.004441958,0.00438145,0.00430402,0.004210365,0.004099726,0.00397299,0.003830437,0.003673799,0.003505408,0.003329447,0.003152252,0.002983294,0.002835844,0.002726333,0.002673659,0.002692901,0.002793517,0.002970637,0.003214746,0.003506825,0.003825089,0.004153005,0.004472323
0.004240378,0.004512361,0.004743393,0.004941066,0.005071407,0.005167058,0.005218486,0.005223921,0.005183487,0.005104412,0.00499612,0.004857464,0.004699243,0.004520769,0.004330913,0.004129047,0.00392232,0.00370989,0.003497633,0.003284786,0.003076541,0.002872655,0.002678201,0.002493903,0.00232521,0.002174199,0.002046747,0.001945914,0.001876684,0.001841134,0.001840513,0.001873501,0.001936431,0.002025309,0.002134128,0.002258891,0.002393889,0.002536417,0.002681896,0.002828905,0.002973824,0.003116115,0.003252803,0.003383941,0.003507003,0.003622381,0.003727892,0.003824059,0.003909056,0.003983424,0.004045613,0.004096153,0.004133629,0.004158642,0.004169848,0.004167818,0.004151316,0.004120699,0.004075003,0.004014336,0.003937967,0.003845915,0.003737698,0.003613739,0.003474339,0.003321007,0.003156216,0.002984135,0.002812139,0.002650246,0.002513818,0.002420457,0.002390376,0.002436756,0.002565567,0.002767009,0.003024236,0.003320072,0.003631758,0.003944715
0.003690432,0.003953725,0.004191526,0.004381008,0.004548986,0.004660229,0.004721462,0.004740776,0.004723168,0.004671631,0.004584221,0.004473564,0.004337224,0.00418571,0.004017579,0.003841037,0.003654807,0.003465422,0.003271583,0.003078816,0.002886033,0.00269826,0.002515016,0.002341326,0.002177838,0.002029929,0.001899677,0.001792633,0.001711755,0.001661228,0.001642558,0.001655855,0.001699138,0.001768207,0.001859074,0.001966008,0.002085543,0.002212533,0.002344899,0.002478545,0.002612519,0.002743599,0.002871522,0.002993712,0.003110289,0.003219143,0.003320619,0.003412904,0.003496513,0.003569843,0.003633479,0.003686028,0.003727977,0.003758225,0.003777082,0.003783648,0.00377808,0.003759481,0.003727975,0.003682642,0.003623455,0.003549617,0.003460802,0.003356754,0.003237219,0.003102925,0.002954745,0.002795604,0.002629788,0.002465429,0.002313581,0.002191364,0.002117039,0.002111466,0.002184695,0.002336348,0.002554844,0.002817414,0.003107182,0.003401877
0.003138505,0.003398797,0.00362799,0.00383555,0.00398472,0.004103828,0.00418889,0.004231921,0.004234671,0.004199963,0.004139708,0.004049228,0.003940495,0.003810719,0.00366941,0.003514562,0.003353704,0.003185013,0.00301451,0.002840563,0.002668276,0.002496443,0.002329776,0.002167794,0.002015262,0.00187287,0.00174576,0.001635984,0.001548728,0.001486593,0.001452962,0.001448622,0.00147268,0.001522745,0.001594288,0.001683623,0.001785463,0.001896901,0.002013505,0.002133619,0.002253818,0.002373374,0.0024896,0.002602366,0.002709501,0.00281121,0.002905706,0.00299331,0.003072614,0.003143936,0.003206161,0.003259579,0.003303207,0.003337382,0.003361205,0.003374935,0.003377794,0.003369722,0.003350204,0.003318821,0.003275159,0.003218539,0.003148443,0.003064222,0.002965553,0.002851995,0.002724264,0.002582908,0.002431509,0.00227412,0.002120207,0.001981359,0.001876776,0.001825093,0.0018446,0.001943004,0.002111348,0.002336233,0.0025934,0.002868181
0.00260974,0.002847386,0.003072662,0.003259584,0.003434583,0.003565118,0.003650275,0.003701483,0.003719764,0.003710073,0.003666251,0.003602189,0.003513112,0.003409929,0.00328978,0.003161066,0.003021515,0.002877792,0.002727785,0.002576994,0.002423571,0.00227226,0.002121734,0.001976409,0.001835821,0.001704463,0.001583067,0.001476408,0.001386528,0.001318019,0.001273135,0.00125429,0.001261581,0.001293322,0.00134686,0.001417685,0.001502538,0.001596719,0.001697945,0.001802418,0.001908956,0.002014653,0.002119073,0.002219978,0.002317327,0.002409383,0.002496307,0.002576708,0.002650875,0.002717648,0.002777362,0.002829091,0.002873045,0.002908596,0.002935763,0.002954122,0.002963539,0.002963549,0.002953967,0.002934283,0.002904051,0.00286283,0.002809606,0.002744248,0.002665395,0.002573243,0.002466696,0.002346739,0.002213905,0.002071984,0.001925428,0.001784772,0.001661844,0.001577446,0.001551521,0.001596308,0.001715566,0.001894057,0.002116613,0.002358832
0.00211528,0.002338711,0.002542416,0.002736571,0.002884116,0.003008193,0.003109693,0.003175594,0.003208851,0.003208312,0.00318739,0.003138543,0.003074117,0.002989654,0.002894697,0.002786197,0.002671605,0.002548429,0.002422523,0.002291695,0.002160789,0.00202797,0.001897536,0.001768181,0.001643963,0.001524466,0.001413842,0.001312877,0.001225937,0.00115493,0.001103785,0.001074274,0.001067844,0.001083995,0.00112043,0.001174475,0.001241893,0.001319945,0.001404626,0.001494187,0.001585529,0.001677774,0.001768627,0.001857764,0.001943436,0.002025648,0.002103029,0.002175718,0.002242701,0.0023041,0.002359207,0.00240809,0.002450197,0.002485612,0.002513888,0.002535012,0.002548695,0.002554565,0.002552612,0.002542099,0.002523078,0.00249454,0.002456271,0.002407155,0.002346927,0.002274208,0.002189186,0.002090385,0.001979447,0.001856362,0.001725856,0.001592261,0.001467659,0.001365026,0.001302773,0.001302501,0.001370691,0.001504212,0.001683558,0.001895177
0.001675441,0.001865719,0.002055489,0.002217934,0.00237779,0.002506484,0.002596869,0.002662642,0.002701522,0.00271976,0.00270795,0.002680287,0.002630245,0.002568461,0.002491011,0.002405998,0.00231043,0.00221074,0.002104284,0.001996286,0.001884453,0.001773122,0.001660479,0.001550344,0.001441539,0.001337719,0.001238564,0.001147819,0.001066299,0.0009978844,0.0009443129,0.0009087386,0.0008924013,0.0008958136,0.0009180206,0.0009563578,0.001008347,0.001070231,0.001139805,0.001213809,0.001290957,0.001368754,0.001446681,0.001522862,0.001597147,0.001668179,0.001735947,0.001799495,0.001858876,0.001913371,0.00196307,0.002007467,0.002046544,0.002080075,0.002107855,0.002129869,0.002145768,0.002155513,0.002158697,0.002155269,0.002144546,0.002126588,0.002100051,0.002065249,0.002020361,0.001965732,0.001899451,0.001821873,0.001731678,0.001630481,0.001518527,0.00140119,0.001282445,0.001175261,0.001096561,0.001060908,0.001085395,0.001171672,0.001311726,0.001483141
0.00129057,0.001459829,0.001619431,0.001779657,0.001905402,0.002014873,0.002113002,0.002183433,0.002230003,0.002248446,0.002252738,0.002233341,0.002202225,0.002153764,0.002096971,0.00202808,0.001954049,0.001871958,0.001787226,0.001697341,0.001606726,0.001513215,0.001420628,0.001327217,0.001236386,0.001147051,0.001062463,0.0009824281,0.000910249,0.0008467467,0.0007952406,0.0007572182,0.0007350383,0.0007293644,0.0007399369,0.0007654636,0.0008032211,0.0008511209,0.0009059106,0.0009660097,0.001028808,0.001093388,0.001157937,0.001221993,0.001284252,0.00134457,0.001401957,0.001456434,0.001507317,0.001554583,0.001597865,0.001637037,0.001671932,0.001702396,0.001728379,0.001749634,0.001766286,0.00177775,0.001784429,0.001785416,0.001781185,0.001770619,0.001753902,0.001729791,0.001698393,0.001658021,0.001609064,0.001549223,0.001479616,0.001398335,0.001307808,0.001208007,0.001105323,0.00100501,0.0009166043,0.000860576,0.0008521634,0.0008997821,0.0009969025,0.001134685
0.0009717289,0.001104502,0.001244989,0.001367736,0.001495239,0.001603697,0.001681835,0.001744628,0.001787565,0.001817603,0.0018233,0.001818368,0.001795175,0.001763575,0.001718928,0.001668646,0.001609271,0.00154668,0.001477945,0.001407787,0.001333715,0.001259565,0.001183302,0.001108188,0.001032675,0.0009597205,0.0008883834,0.0008215,0.0007589553,0.0007036221,0.0006562917,0.0006196773,0.0005949697,0.0005836714,0.0005859893,0.0006010115,0.0006273493,0.0006625283,0.0007047801,0.0007515973,0.0008018142,0.0008534241,0.0009059559,0.0009579143,0.001009115,0.001058577,0.001106151,0.001151289,0.001193849,0.001233487,0.0012701,0.001303507,0.001333535,0.001360244,0.001383272,0.001402905,0.001418639,0.001430775,0.001438742,0.00144288,0.001442359,0.001437702,0.001427446,0.001412362,0.001390559,0.001362739,0.001326873,0.001283373,0.001230316,0.001168676,0.001096833,0.001017731,0.0009308088,0.0008425566,0.0007629323,0.0006990269,0.0006666619,0.0006810081,0.0007450689,0.0008447331
0.0007092216,0.0008207504,0.000929376,0.001045216,0.001136888,0.001218528,0.001298145,0.001357954,0.001402444,0.001425363,0.001440472,0.001437212,0.001426623,0.001402449,0.001372769,0.001333415,0.001290557,0.001241049,0.001189683,0.001133806,0.001077308,0.001017907,0.0009588983,0.0008983773,0.0008391609,0.0007798552,0.0007229984,0.0006678214,0.0006167413,0.0005697223,0.0005291724,0.0004958053,0.0004717376,0.0004577784,0.0004547045,0.0004622804,0.0004792256,0.0005043451,0.0005353697,0.0005711227,0.0006096367,0.0006501006,0.0006912214,0.0007325124,0.0007730881,0.0008127457,0.0008508154,0.0008872629,0.000921674,0.0009539235,0.0009839187,0.001011378,0.001036436,0.001058748,0.001078561,0.001095451,0.001109828,0.001120987,0.001129593,0.001134674,0.001136985,0.001135415,0.00113049,0.001120977,0.001107405,0.001088069,0.001063787,0.001032123,0.0009942916,0.0009478434,0.0008944441,0.0008322965,0.0007650187,0.0006934566,0.0006199258,0.0005573572,0.0005181472,0.0005116161,0.0005442848,0.0006158566
0.0005062091,0.0005852309,0.00067554,0.0007547708,0.0008430475,0.0009215887,0.0009772255,0.001025296,0.001060217,0.001089173,0.001099951,0.001105231,0.001096956,0.001083872,0.001061002,0.001034819,0.001001655,0.0009666149,0.0009266972,0.000885975,0.0008419474,0.0007978887,0.0007517345,0.0007062176,0.0006596779,0.0006144918,0.0005694546,0.0005266946,0.0004855868,0.0004481528,0.0004144286,0.0003863532,0.0003645289,0.000350426,0.0003445431,0.0003469911,0.0003572642,0.00037409,0.0003963501,0.0004223658,0.0004512942,0.0004816644,0.0005131495,0.000544661,0.0005760322,0.0006066367,0.00063625,0.0006646517,0.0006915818,0.0007169734,0.0007406053,0.0007625191,0.0007824441,0.0008006289,0.0008166113,0.0008308662,0.0008427849,0.0008529032,0.0008605319,0.0008662831,0.0008692421,0.0008702436,0.0008678499,0.0008631253,0.0008543143,0.0008424104,0.0008255722,0.000804489,0.0007772255,0.0007447978,0.0007050438,0.0006600879,0.0006076385,0.0005509317,0.0004955315,0.0004420087,0.0003975189,0.0003782995,0.0003921465,0.000435991
0.0003479332,0.000410764,0.0004736588,0.0005463979,0.0006024722,0.0006529086,0.000707637,0.0007492242,0.0007825343,0.000800496,0.0008160183,0.0008184985,0.0008176964,0.0008072709,0.0007941497,0.0007740848,0.0007523113,0.0007256481,0.0006981641,0.0006672267,0.0006361298,0.0006026427,0.0005695178,0.0005348883,0.0005010444,0.0004665289,0.0004333236,0.0004004162,0.0003695746,0.0003402872,0.000314198,0.0002913788,0.0002733221,0.0002604718,0.0002537332,0.0002532791,0.0002587448,0.000269668,0.0002847301,0.0003032426,0.0003239228,0.0003461877,0.0003692224,0.0003926352,0.0004158865,0.0004387964,0.0004609596,0.0004823139,0.000502669,0.0005218323,0.0005399098,0.000556525,0.0005720044,0.0005858905,0.0005986054,0.0006096237,0.0006195073,0.0006275121,0.0006344179,0.0006392651,0.0006429365,0.0006443765,0.0006443427,0.0006416566,0.0006371611,0.0006292626,0.0006191101,0.0006044851,0.0005867771,0.0005636592,0.0005366419,0.0005035223,0.000466844,0.0004257683,0.0003793009,0.0003349123,0.0003000019,0.0002770458,0.0002759738,0.0003025284
0.0002336676,0.0002724399,0.0003219986,0.0003641699,0.000416639,0.0004653778,0.0004972249,0.00052698,0.0005489385,0.0005700918,0.000578611,0.0005857534,0.0005837036,0.000579934,0.000569534,0.0005579244,0.0005415027,0.000524506,0.0005040549,0.000483519,0.0004605366,0.0004378104,0.0004133871,0.0003895035,0.0003645621,0.0003404489,0.0003159309,0.000292605,0.0002696517,0.0002484856,0.0002287258,0.0002116585,0.0001973505,0.0001868573,0.0001804787,0.0001786158,0.0001811921,0.0001877183,0.0001976674,0.0002100792,0.0002244953,0.0002399686,0.0002563373,0.0002729098,0.000289565,0.0003059742,0.0003219062,0.0003373536,0.0003520285,0.0003660323,0.0003790927,0.0003913902,0.0004025996,0.0004130754,0.0004223122,0.0004308686,0.000438096,0.0004446441,0.0004497722,0.0004542267,0.0004570799,0.0004592933,0.0004595586,0.0004590295,0.0004561826,0.0004521435,0.000445335,0.0004367026,0.0004245054,0.0004099435,0.0003909229,0.0003693217,0.0003425645,0.0003125221,0.0002827195,0.0002509888,0.0002182136,0.0001964931,0.0001902746,0.0002023677
0.0001488991,0.000178514,0.000208307,0.0002474833,0.0002749098,0.0002992452,0.0003310017,0.0003545133,0.0003746349,0.0003844695,0.0003955224,0.0003980011,0.0004001893,0.0003961651,0.0003916334,0.0003825901,0.0003732991,0.0003607608,0.0003482924,0.0003334488,0.0003189103,0.0003026408,0.0002868595,0.0002698718,0.0002534987,0.0002363796,0.000220049,0.0002034782,0.0001879623,0.0001728203,0.0001591592,0.0001467021,0.0001363952,0.0001283037,0.0001230844,0.0001208875,0.0001217205,0.0001254989,0.0001315894,0.0001397037,0.0001491323,0.0001595601,0.0001705404,0.0001818367,0.0001931668,0.0002044062,0.0002153622,0.0002259502,0.0002361518,0.0002457424,0.0002549408,0.0002633509,0.0002713723,0.0002785237,0.0002852897,0.0002911197,0.0002966165,0.0003010637,0.0003052385,0.0003082565,0.0003110015,0.0003125037,0.0003136235,0.0003132687,0.0003124276,0.0003096912,0.0003063174,0.0003004629,0.0002935488,0.0002836216,0.000272151,0.0002570919,0.0002405543,0.0002213235,0.0001974084,0.0001734421,0.0001540006,0.0001361024,0.0001270442,0.0001320729
9.226124e-05,0.0001069384,0.0001295369,0.0001464836,0.0001727688,0.0001985053,0.0002119003,0.0002262855,0.0002365004,0.0002488974,0.000252982,0.0002582615,0.0002577672,0.0002576108,0.0002533442,0.0002493152,0.000242264,0.0002355502,0.0002266074,0.0002181051,0.0002079597,0.0001983166,0.0001874563,0.000177147,0.0001659808,0.0001554191,0.0001443471,0.0001339565,0.0001234328,0.0001137727,0.0001044519,9.6306e-05,8.911356e-05,8.353254e-05,7.960535e-05,7.766322e-05,7.772735e-05,7.966184e-05,8.330612e-05,8.819239e-05,9.416135e-05,0.0001006967,0.0001077598,0.0001149857,0.0001223044,0.0001295917,0.0001366629,0.0001436111,0.0001501827,0.0001565559,0.000162455,0.0001681315,0.0001732432,0.0001781803,0.0001824508,0.0001866063,0.0001900295,0.0001933712,0.0001959189,0.0001984232,0.0002000255,0.0002016497,0.0002021895,0.0002027193,0.0002019849,0.0002010883,0.0001987141,0.0001959229,0.000191236,0.0001859188,0.0001781948,0.0001697601,0.0001583519,0.0001452561,0.0001330071,0.0001189271,0.0001012282,8.853868e-05,8.097424e-05,8.148969e-05
5.245096e-05,6.385767e-05,7.439935e-05,9.225625e-05,0.0001015905,0.0001091092,0.0001245244,0.0001349221,0.0001446833,0.0001478164,0.0001539148,0.0001546855,0.0001567927,0.0001551735,0.0001543014,0.000150722,0.0001477473,0.0001427804,0.0001383977,0.0001325063,0.0001271839,0.0001207124,0.0001148023,0.0001080332,0.0001017994,9.494842e-05,8.863385e-05,8.1956e-05,7.585021e-05,6.966048e-05,6.413323e-05,5.888022e-05,5.448365e-05,5.079889e-05,4.821753e-05,4.676083e-05,4.650709e-05,4.748061e-05,4.942414e-05,5.228188e-05,5.572073e-05,5.963892e-05,6.382425e-05,6.817999e-05,7.259075e-05,7.698003e-05,8.130496e-05,8.546461e-05,8.954504e-05,9.332693e-05,9.705903e-05,0.0001003892,0.0001036968,0.0001065477,0.0001094011,0.0001117492,0.0001141498,0.0001159726,0.0001179054,0.0001191929,0.0001206212,0.0001213502,0.0001222104,0.0001222501,0.0001224247,0.0001215726,0.0001208451,0.0001188219,0.0001167784,0.0001131925,0.0001094072,0.000103736,9.796849e-05,9.101565e-05,8.090772e-05,7.075465e-05,6.379658e-05,5.508466e-05,4.919015e-05,4.825448e-05
2.864633e-05,3.219423e-05,4.04137e-05,4.406224e-05,5.492752e-05,6.651517e-05,6.926909e-05,7.414415e-05,7.694618e-05,8.292642e-05,8.364146e-05,8.65498e-05,8.601877e-05,8.673436e-05,8.506037e-05,8.427662e-05,8.171906e-05,7.989549e-05,7.672575e-05,7.420346e-05,7.065004e-05,6.767189e-05,6.388846e-05,6.062077e-05,5.674216e-05,5.333256e-05,4.948844e-05,4.607336e-05,4.239913e-05,3.915893e-05,3.586072e-05,3.304234e-05,3.040799e-05,2.834372e-05,2.675336e-05,2.583243e-05,2.558082e-05,2.59693e-05,2.69921e-05,2.845038e-05,3.034224e-05,3.243543e-05,3.475161e-05,3.714014e-05,3.956922e-05,4.202329e-05,4.43795e-05,4.675205e-05,4.894711e-05,5.115212e-05,5.312289e-05,5.511817e-05,5.682302e-05,5.859728e-05,6.001764e-05,6.155609e-05,6.26923e-05,6.398647e-05,6.483235e-05,6.587822e-05,6.641082e-05,6.720065e-05,6.738691e-05,6.785118e-05,6.762526e-05,6.765572e-05,6.689867e-05,6.63446e-05,6.482114e-05,6.34653e-05,6.09094e-05,5.856169e-05,5.467391e-05,5.019062e-05,4.698828e-05,4.278218e-05,3.522701e-05,3.054357e-05,2.688155e-05,2.58594e-05
1.321687e-05,1.678772e-05,1.879376e-05,2.574699e-05,2.664913e-05,2.641602e-05,3.271847e-05,3.603763e-05,3.982151e-05,3.947486e-05,4.222379e-05,4.179142e-05,4.308412e-05,4.224731e-05,4.251608e-05,4.124423e-05,4.08109e-05,3.921995e-05,3.832054e-05,3.651627e-05,3.529544e-05,3.335956e-05,3.193039e-05,2.993926e-05,2.837941e-05,2.63822e-05,2.475862e-05,2.282362e-05,2.121895e-05,1.942421e-05,1.793089e-05,1.638882e-05,1.515371e-05,1.403205e-05,1.323926e-05,1.272166e-05,1.253514e-05,1.270411e-05,1.313367e-05,1.385547e-05,1.473218e-05,1.577282e-05,1.688832e-05,1.806218e-05,1.926582e-05,2.045263e-05,2.165478e-05,2.277438e-05,2.392929e-05,2.493842e-05,2.601699e-05,2.68953e-05,2.787414e-05,2.861414e-05,2.948565e-05,3.008151e-05,3.084791e-05,3.129263e-05,3.195093e-05,3.224352e-05,3.278536e-05,3.292144e-05,3.333238e-05,3.32758e-05,3.352801e-05,3.322332e-05,3.325951e-05,3.263306e-05,3.23369e-05,3.127882e-05,3.0536e-05,2.885605e-05,2.762813e-05,2.604425e-05,2.256002e-05,1.926911e-05,1.852638e-05,1.572278e-05,1.378774e-05,1.279651e-05
5.756822e-06,5.779164e-06,8.057605e-06,7.111285e-06,1.080438e-05,1.547823e-05,1.428974e-05,1.506595e-05,1.483656e-05,1.734164e-05,1.669148e-05,1.802952e-05,1.741723e-05,1.804296e-05,1.734822e-05,1.754172e-05,1.674963e-05,1.664819e-05,1.578059e-05,1.54797e-05,1.457397e-05,1.413933e-05,1.321472e-05,1.268369e-05,1.176441e-05,1.117569e-05,1.028675e-05,9.667442e-06,8.828882e-06,8.217991e-06,7.472298e-06,6.92059e-06,6.321226e-06,5.891604e-06,5.516043e-06,5.29465e-06,5.206241e-06,5.242183e-06,5.431268e-06,5.694779e-06,6.074712e-06,6.483772e-06,6.954298e-06,7.440771e-06,7.930869e-06,8.445651e-06,8.913091e-06,9.425034e-06,9.851715e-06,1.0342e-05,1.071322e-05,1.117257e-05,1.147991e-05,1.190722e-05,1.21463e-05,1.253808e-05,1.270885e-05,1.306435e-05,1.316618e-05,1.348514e-05,1.351269e-05,1.379486e-05,1.374197e-05,1.39743e-05,1.382733e-05,1.398846e-05,1.372348e-05,1.378381e-05,1.335072e-05,1.326575e-05,1.260139e-05,1.23601e-05,1.136182e-05,1.024928e-05,1.029535e-05,9.919364e-06,7.208382e-06,6.337545e-06,5.412695e-06,5.149666e-06
1.619008e-06,2.624774e-06,2.240854e-06,4.779711e-06,3.533928e-06,1.849437e-06,3.994197e-06,4.687557e-06,5.940526e-06,4.867659e-06,5.965809e-06,5.328101e-06,5.971105e-06,5.490179e-06,5.855577e-06,5.411949e-06,5.602451e-06,5.176869e-06,5.255617e-06,4.84267e-06,4.83863e-06,4.437328e-06,4.376904e-06,3.995598e-06,3.892743e-06,3.530722e-06,3.395374e-06,3.061996e-06,2.910409e-06,2.61291e-06,2.455461e-06,2.206116e-06,2.064295e-06,1.886944e-06,1.784787e-06,1.701025e-06,1.664333e-06,1.683969e-06,1.724792e-06,1.824117e-06,1.928642e-06,2.070436e-06,2.214825e-06,2.369242e-06,2.534821e-06,2.683997e-06,2.859635e-06,2.991009e-06,3.169857e-06,3.277518e-06,3.45655e-06,3.537975e-06,3.713033e-06,3.766573e-06,3.937279e-06,3.962687e-06,4.12977e-06,4.125151e-06,4.288147e-06,4.253738e-06,4.412492e-06,4.347316e-06,4.500112e-06,4.398683e-06,4.543266e-06,4.397637e-06,4.526626e-06,4.327017e-06,4.424793e-06,4.155766e-06,4.212328e-06,3.820919e-06,3.860586e-06,3.841576e-06,2.797814e-06,1.996328e-06,2.83804e-06,2.274431e-06,2.100493e-06,1.748852e-06
5.179692e-07,4.314813e-07,6.257177e-07,8.555069e-07,6.213617e-07,2.39412e-06,1.129623e-06,1.006288e-06,4.508161e-07,1.384349e-06,8.079052e-07,1.336278e-06,9.550529e-07,1.278023e-06,9.942912e-07,1.216486e-06,9.84877e-07,1.141058e-06,9.404198e-07,1.051731e-06,8.771861e-07,9.573811e-07,8.019721e-07,8.546185e-07,7.175735e-07,7.506584e-07,6.325168e-07,6.477474e-07,5.455965e-07,5.472432e-07,4.651519e-07,4.580307e-07,3.973043e-07,3.838569e-07,3.493084e-07,3.376847e-07,3.317571e-07,3.280036e-07,3.451705e-07,3.541757e-07,3.835882e-07,4.046872e-07,4.362293e-07,4.680889e-07,4.951198e-07,5.351233e-07,5.53914e-07,6.010038e-07,6.105691e-07,6.632728e-07,6.620932e-07,7.198656e-07,7.077121e-07,7.708075e-07,7.473119e-07,8.150799e-07,7.79842e-07,8.530693e-07,8.062173e-07,8.847701e-07,8.252597e-07,9.095544e-07,8.369973e-07,9.266337e-07,8.39512e-07,9.338456e-07,8.303726e-07,9.274496e-07,8.043456e-07,9.018449e-07,7.507234e-07,8.68095e-07,6.595392e-07,4.525401e-07,8.885912e-07,1.19679e-06,3.668949e-07,3.336515e-07,3.754448e-07,3.495531e-07
1.400732e-07,3.002752e-07,5.580926e-08,7.126332e-07,7.700307e-08,8.06938e-07,8.055451e-08,2.860746e-08,3.585892e-07,9.9644e-08,2.208455e-07,3.851172e-08,1.653038e-07,2.447838e-09,1.405055e-07,1.624812e-08,1.218843e-07,2.478602e-08,1.083595e-07,2.949366e-08,9.556466e-08,2.982485e-08,8.356961e-08,3.015868e-08,7.290802e-08,2.917979e-08,6.14907e-08,2.697165e-08,5.162045e-08,2.55556e-08,4.23935e-08,2.351192e-08,3.346073e-08,2.285283e-08,2.65801e-08,2.291607e-08,2.128889e-08,2.389112e-08,2.068317e-08,2.553049e-08,2.349344e-08,2.777792e-08,2.859722e-08,2.994981e-08,3.452604e-08,3.229411e-08,4.087345e-08,3.441947e-08,4.70205e-08,3.610488e-08,5.265735e-08,3.76942e-08,5.812037e-08,3.85318e-08,6.300805e-08,3.897162e-08,6.768639e-08,3.905862e-08,7.199506e-08,3.852957e-08,7.597775e-08,3.777078e-08,7.945714e-08,3.631839e-08,8.268897e-08,3.396906e-08,8.528757e-08,3.110383e-08,8.701907e-08,2.740997e-08,8.976584e-08,1.912487e-08,9.39684e-08,1.730693e-07,9.057339e-08,3.053118e-07,1.97558e-07,8.427807e-08,1.924853e-07,1.027789e-07
6.872632e-11,1.004484e-10,8.851925e-11,3.091477e-10,1.188193e-10,8.915534e-11,5.675305e-10,9.898288e-11,2.7554e-10,8.873952e-11,7.567977e-11,6.085624e-11,7.592046e-11,2.064958e-10,2.479283e-10,1.792509e-10,5.928212e-10,2.595242e-10,2.143676e-10,1.105276e-10,1.880357e-10,2.007859e-10,2.675785e-10,2.003883e-10,7.648487e-11,2.16848e-10,2.563315e-11,3.090049e-11,3.575458e-10,4.068071e-10,3.44027e-10,8.662274e-11,1.02976e-09,1.016059e-10,1.606268e-11,5.03794e-10,2.446084e-10,1.318236e-10,2.521433e-10,2.612124e-10,2.329888e-10,8.531844e-11,4.213518e-10,4.230193e-11,2.515699e-12,4.806492e-10,5.535532e-11,2.10906e-10,4.741949e-10,1.791021e-10,3.272595e-10,1.013229e-10,3.988947e-11,1.98992e-10,1.309345e-10,2.021745e-10,3.079694e-11,1.990191e-10,2.048724e-10,1.197944e-10,3.717845e-10,1.084957e-10,3.908106e-11,2.653858e-10,1.186489e-10,1.948049e-10,2.483961e-10,1.237639e-10,2.985336e-11,4.083627e-10,2.215045e-10,3.267848e-10,2.757462e-10,4.136066e-10,2.525584e-10,2.713925e-10,1.793777e-10,2.687915e-10,1.105998e-10,3.474587e-11
