0,0,0,0,0,0,0,0,0,0,0,0,0,0,0,0,0,0,0,0,0,0,0,0,0,0,0,0,0,0,0,0,0,0,0,0,0,0,0,0,0,0,0,0,0,0,0,0,0,0,0,0,0,0,0,0,0,0,0,0,0,0,0,0,0,0,0,0,0,0,0,0,0,0,0,0,0,0,0,0
1.228417e-08,1.114923e-08,9.734615e-09,8.313208e-09,6.728018e-09,5.342846e-09,3.781039e-09,2.532188e-09,1.239975e-09,1.33339e-09,2.168066e-09,3.556613e-09,2.765177e-09,8.197853e-10,1.584766e-09,1.636388e-09,1.66607e-09,1.554812e-09,1.417973e-09,1.451364e-09,1.348877e-09,1.440856e-09,1.371738e-09,1.462552e-09,1.430935e-09,1.493592e-09,1.507419e-09,1.529081e-09,1.592402e-09,1.568021e-09,1.682146e-09,1.613637e-09,1.776328e-09,1.668731e-09,1.872485e-09,1.732949e-09,1.966703e-09,1.801861e-09,2.050559e-09,1.864717e-09,2.113651e-09,1.912774e-09,2.150684e-09,1.941284e-09,2.158394e-09,1.945534e-09,2.133385e-09,1.921731e-09,2.074253e-09,1.868653e-09,1.978267e-09,1.778431e-09,1.828866e-09,1.627596e-09,1.602055e-09,1.411682e-09,1.34597e-09,1.252975e-09,1.26858e-09,1.380442e-09,1.694929e-09,2.526186e-09,3.232274e-09,3.947644e-09,2.161267e-09,2.976152e-09,9.863835e-09,9.022158e-09,2.034734e-08,2.847565e-08,2.59876e-08,2.063918e-08,1.580757e-08,1.34399e-08,1.222254e-08,1.234953e-08,1.300054e-08,1.354674e-08,1.356688e-08,1.317309e-08
1.851007e-07,1.621213e-07,1.480945e-07,1.200971e-07,1.015228e-07,7.471608e-08,5.761312e-08,3.637657e-08,2.034364e-08,1.715531e-08,3.356738e-08,5.150172e-08,4.08163e-08,1.161913e-08,2.349634e-08,2.515356e-08,2.470919e-08,2.367618e-08,2.167328e-08,2.162394e-08,2.106579e-08,2.100936e-08,2.176835e-08,2.09281e-08,2.295339e-08,2.102631e-08,2.431778e-08,2.126699e-08,2.572846e-08,2.164868e-08,2.712447e-08,2.223376e-08,2.850558e-08,2.307335e-08,2.9844e-08,2.415347e-08,3.109647e-08,2.536306e-08,3.214019e-08,2.654114e-08,3.287272e-08,2.752263e-08,3.315023e-08,2.820068e-08,3.301638e-08,2.856131e-08,3.239218e-08,2.839972e-08,3.124946e-08,2.78379e-08,2.963309e-08,2.668073e-08,2.713427e-08,2.457826e-08,2.358991e-08,2.152301e-08,1.969207e-08,1.909069e-08,1.863902e-08,2.096623e-08,2.485026e-08,3.819531e-08,4.686758e-08,5.915878e-08,3.145189e-08,4.18053e-08,1.537671e-07,1.313886e-07,3.002713e-07,4.190894e-07,3.874965e-07,3.011051e-07,2.408202e-07,1.845634e-07,1.920357e-07,1.778748e-07,1.893639e-07,2.00825e-07,2.018524e-07,1.915538e-07
8.088515e-07,7.357821e-07,6.399801e-07,5.502142e-07,4.435442e-07,3.526576e-07,2.476642e-07,1.68305e-07,8.06681e-08,9.214195e-08,1.39733e-07,2.363499e-07,1.825404e-07,5.402477e-08,1.102974e-07,1.170587e-07,1.195572e-07,1.091762e-07,9.877017e-08,1.00504e-07,9.205409e-08,9.966053e-08,9.2599e-08,1.016572e-07,9.60527e-08,1.04507e-07,1.009077e-07,1.076892e-07,1.06558e-07,1.110712e-07,1.127193e-07,1.147874e-07,1.193533e-07,1.189817e-07,1.262404e-07,1.2358e-07,1.331064e-07,1.283093e-07,1.39281e-07,1.323688e-07,1.440014e-07,1.352822e-07,1.470102e-07,1.366802e-07,1.478825e-07,1.362363e-07,1.465402e-07,1.339397e-07,1.427976e-07,1.294455e-07,1.363974e-07,1.224207e-07,1.265285e-07,1.112785e-07,1.113438e-07,9.580396e-08,9.435891e-08,8.495677e-08,8.935841e-08,9.334209e-08,1.178374e-07,1.670619e-07,2.163579e-07,2.476534e-07,1.367253e-07,2.533122e-07,6.72307e-07,6.043819e-07,1.346726e-06,1.875791e-06,1.711994e-06,1.363268e-06,1.041358e-06,8.977896e-07,8.003337e-07,8.212523e-07,8.661943e-07,8.824231e-07,8.966978e-07,8.669536e-07
2.191512e-06,1.965096e-06,1.741682e-06,1.463745e-06,1.201681e-06,9.282927e-07,6.753917e-07,4.455744e-07,2.268149e-07,2.298124e-07,3.864266e-07,6.270747e-07,4.895446e-07,1.337421e-07,3.144178e-07,3.445514e-07,3.461124e-07,3.164168e-07,2.854788e-07,2.826773e-07,2.664406e-07,2.752385e-07,2.700233e-07,2.77871e-07,2.822531e-07,2.839692e-07,2.981648e-07,2.918895e-07,3.15753e-07,3.011651e-07,3.34156e-07,3.121904e-07,3.532299e-07,3.252526e-07,3.723898e-07,3.400028e-07,3.908828e-07,3.55263e-07,4.069039e-07,3.688119e-07,4.186169e-07,3.789651e-07,4.248175e-07,3.846119e-07,4.250765e-07,3.85167e-07,4.188575e-07,3.796218e-07,4.057516e-07,3.68055e-07,3.855808e-07,3.489607e-07,3.550099e-07,3.181513e-07,3.105875e-07,2.758329e-07,2.625387e-07,2.454479e-07,2.496044e-07,2.683686e-07,3.254206e-07,4.662227e-07,5.746553e-07,6.516066e-07,3.710586e-07,7.926039e-07,1.98261e-06,1.632292e-06,3.61152e-06,5.036989e-06,4.619907e-06,3.644141e-06,2.832227e-06,2.335478e-06,2.206991e-06,2.162519e-06,2.293246e-06,2.389837e-06,2.413246e-06,2.318702e-06
4.412797e-06,3.998499e-06,3.494724e-06,2.988274e-06,2.420084e-06,1.908592e-06,1.352104e-06,9.135999e-07,4.43116e-07,4.955935e-07,7.620108e-07,1.284762e-06,9.925512e-07,2.602843e-07,7.24243e-07,8.314038e-07,8.318945e-07,7.414605e-07,6.544354e-07,6.430836e-07,5.910836e-07,6.221671e-07,5.906502e-07,6.313721e-07,6.144963e-07,6.510002e-07,6.489034e-07,6.752289e-07,6.886743e-07,7.022606e-07,7.315936e-07,7.323418e-07,7.770124e-07,7.65539e-07,8.231231e-07,8.006246e-07,8.679239e-07,8.351726e-07,9.069833e-07,8.638236e-07,9.356055e-07,8.833989e-07,9.519754e-07,8.916065e-07,9.539058e-07,8.86822e-07,9.410006e-07,8.687497e-07,9.122352e-07,8.358282e-07,8.664543e-07,7.860979e-07,7.988564e-07,7.111139e-07,7.009859e-07,6.12927e-07,5.980273e-07,5.476921e-07,5.714553e-07,5.95773e-07,7.285316e-07,9.803905e-07,1.193114e-06,1.21044e-06,9.482328e-07,2.372157e-06,4.477651e-06,3.426639e-06,7.33671e-06,1.021396e-05,9.33124e-06,7.414434e-06,5.687672e-06,4.856702e-06,4.384279e-06,4.448236e-06,4.702747e-06,4.803843e-06,4.886374e-06,4.711071e-06
7.520835e-06,6.773998e-06,5.968443e-06,5.050475e-06,4.121986e-06,3.216523e-06,2.312164e-06,1.540087e-06,7.662393e-07,8.058184e-07,1.317558e-06,2.168254e-06,1.68639e-06,3.455771e-07,1.558737e-06,1.897757e-06,1.873601e-06,1.629363e-06,1.417322e-06,1.333179e-06,1.248987e-06,1.256474e-06,1.244964e-06,1.267704e-06,1.301444e-06,1.31117e-06,1.381667e-06,1.369541e-06,1.472161e-06,1.437007e-06,1.567829e-06,1.512779e-06,1.666503e-06,1.595081e-06,1.763975e-06,1.679965e-06,1.855576e-06,1.760663e-06,1.932272e-06,1.826308e-06,1.98506e-06,1.869512e-06,2.009112e-06,1.886024e-06,2.002185e-06,1.873713e-06,1.962875e-06,1.830162e-06,1.889872e-06,1.755026e-06,1.782304e-06,1.643629e-06,1.629637e-06,1.482301e-06,1.423415e-06,1.282491e-06,1.221254e-06,1.154918e-06,1.178104e-06,1.244929e-06,1.454338e-06,1.880811e-06,2.106877e-06,1.958205e-06,2.993035e-06,6.488271e-06,9.794468e-06,6.187765e-06,1.24543e-05,1.736608e-05,1.588626e-05,1.25701e-05,9.698643e-06,8.131898e-06,7.528805e-06,7.488501e-06,7.916109e-06,8.217559e-06,8.297412e-06,7.993395e-06
1.135633e-05,1.026403e-05,8.994995e-06,7.669031e-06,6.2251e-06,4.889701e-06,3.475438e-06,2.346874e-06,1.135357e-06,1.272044e-06,1.953049e-06,3.317334e-06,2.554713e-06,2.869359e-07,3.600541e-06,4.756372e-06,4.556179e-06,3.849021e-06,3.236289e-06,2.973837e-06,2.742973e-06,2.754988e-06,2.707882e-06,2.794438e-06,2.836326e-06,2.925885e-06,3.025278e-06,3.095278e-06,3.239451e-06,3.284432e-06,3.466007e-06,3.487494e-06,3.697786e-06,3.696136e-06,3.922795e-06,3.898766e-06,4.129427e-06,4.080303e-06,4.297036e-06,4.216382e-06,4.405553e-06,4.292947e-06,4.44688e-06,4.301907e-06,4.41471e-06,4.239565e-06,4.309018e-06,4.105737e-06,4.127581e-06,3.897102e-06,3.868493e-06,3.60882e-06,3.519506e-06,3.222159e-06,3.075045e-06,2.781611e-06,2.67497e-06,2.530244e-06,2.607175e-06,2.703476e-06,3.100318e-06,3.664405e-06,3.922836e-06,4.193603e-06,1.040965e-05,1.977199e-05,2.249791e-05,1.105775e-05,1.893485e-05,2.633298e-05,2.40237e-05,1.907845e-05,1.462321e-05,1.24939e-05,1.129404e-05,1.143037e-05,1.208106e-05,1.234657e-05,1.25723e-05,1.209463e-05
1.591749e-05,1.434574e-05,1.262206e-05,1.069566e-05,8.716504e-06,6.828316e-06,4.879907e-06,3.266218e-06,1.598709e-06,1.696257e-06,2.805291e-06,4.596483e-06,3.620547e-06,1.088657e-06,9.859024e-06,1.324248e-05,1.207667e-05,9.913532e-06,8.238732e-06,7.367687e-06,6.919124e-06,6.78054e-06,6.860231e-06,6.935275e-06,7.228706e-06,7.348232e-06,7.742452e-06,7.860877e-06,8.309156e-06,8.419965e-06,8.89746e-06,9.00352e-06,9.485147e-06,9.58177e-06,1.003976e-05,1.012115e-05,1.052988e-05,1.058044e-05,1.090611e-05,1.090392e-05,1.112251e-05,1.10571e-05,1.115764e-05,1.102433e-05,1.10042e-05,1.080239e-05,1.066289e-05,1.038916e-05,1.01331e-05,9.785623e-06,9.416953e-06,8.983739e-06,8.496312e-06,7.966222e-06,7.410169e-06,6.88904e-06,6.527544e-06,6.315356e-06,6.423365e-06,6.687536e-06,7.419419e-06,8.402935e-06,8.97758e-06,1.341668e-05,3.404512e-05,6.162618e-05,6.191163e-05,2.331559e-05,2.662351e-05,3.694653e-05,3.371646e-05,2.675773e-05,2.038218e-05,1.749518e-05,1.579327e-05,1.601105e-05,1.676251e-05,1.744113e-05,1.757007e-05,1.694522e-05
2.112232e-05,1.896708e-05,1.67576e-05,1.414539e-05,1.15954e-05,9.001411e-06,6.454741e-06,4.320145e-06,2.158138e-06,2.06147e-06,3.953508e-06,5.800841e-06,5.148516e-06,7.277475e-06,2.993128e-05,3.643912e-05,3.052048e-05,2.478051e-05,2.067807e-05,1.870975e-05,1.775753e-05,1.759296e-05,1.781087e-05,1.826645e-05,1.886349e-05,1.95531e-05,2.024893e-05,2.106038e-05,2.175048e-05,2.265618e-05,2.329366e-05,2.427764e-05,2.481596e-05,2.583785e-05,2.622713e-05,2.724495e-05,2.744364e-05,2.839555e-05,2.834062e-05,2.915094e-05,2.880377e-05,2.943051e-05,2.878622e-05,2.920027e-05,2.827078e-05,2.845757e-05,2.726985e-05,2.721045e-05,2.578875e-05,2.545894e-05,2.38408e-05,2.320033e-05,2.142589e-05,2.043886e-05,1.872198e-05,1.764203e-05,1.669492e-05,1.61907e-05,1.649157e-05,1.699723e-05,1.866975e-05,2.071443e-05,2.208494e-05,3.50115e-05,8.941856e-05,0.0001762807,0.0001881958,6.930665e-05,3.631076e-05,4.878816e-05,4.493403e-05,3.589648e-05,2.642434e-05,2.418049e-05,2.023236e-05,2.183334e-05,2.211403e-05,2.310777e-05,2.329362e-05,2.243061e-05
2.707052e-05,2.419262e-05,2.169147e-05,1.793758e-05,1.507176e-05,1.157893e-05,8.48948e-06,5.786355e-06,3.741655e-06,1.080386e-06,7.21224e-06,5.020479e-06,8.414951e-06,3.342807e-05,8.053846e-05,7.940124e-05,6.478199e-05,5.197062e-05,4.578974e-05,4.127935e-05,4.08434e-05,4.004492e-05,4.143509e-05,4.224314e-05,4.394657e-05,4.564556e-05,4.710314e-05,4.946898e-05,5.047505e-05,5.344153e-05,5.391168e-05,5.741615e-05,5.726609e-05,6.118102e-05,6.032975e-05,6.452029e-05,6.290853e-05,6.719495e-05,6.472549e-05,6.890317e-05,6.553072e-05,6.946431e-05,6.521851e-05,6.881167e-05,6.377027e-05,6.695076e-05,6.122354e-05,6.389657e-05,5.761354e-05,5.965946e-05,5.300809e-05,5.422856e-05,4.749402e-05,4.763627e-05,4.17046e-05,4.093296e-05,3.791596e-05,3.713191e-05,3.784143e-05,3.876788e-05,4.168003e-05,4.769495e-05,4.816254e-05,6.221435e-05,0.0001802825,0.0003708548,0.0005082462,0.0002478068,5.094858e-05,6.122232e-05,5.986079e-05,4.844904e-05,3.04674e-05,3.582499e-05,2.127424e-05,3.140231e-05,2.603191e-05,3.120875e-05,2.920228e-05,2.909197e-05
3.402806e-05,3.042499e-05,2.762363e-05,2.260204e-05,1.949551e-05,1.495578e-05,1.142552e-05,8.490432e-06,6.794348e-06,2.563871e-06,1.157457e-05,4.159422e-06,5.665352e-06,0.0001037918,0.000164095,0.0001386023,0.0001160684,9.333433e-05,8.669194e-05,7.852753e-05,7.967455e-05,7.83453e-05,8.142915e-05,8.368705e-05,8.640943e-05,9.100702e-05,9.250741e-05,9.898036e-05,9.898052e-05,0.000107136,0.0001055575,0.0001151931,0.000111945,0.0001227273,0.0001177259,0.0001293153,0.0001225198,0.000134501,0.0001257921,0.0001377106,0.0001270676,0.0001386098,0.0001261535,0.0001370794,0.0001230232,0.0001331447,0.0001177758,0.0001268528,0.0001105047,0.0001182186,0.0001013896,0.0001072378,9.074485e-05,9.401704e-05,8.006875e-05,8.060384e-05,7.378713e-05,7.272509e-05,7.395698e-05,7.587494e-05,7.966916e-05,9.502299e-05,8.99247e-05,9.518951e-05,0.0002942251,0.0006053339,0.0010279,0.0007254391,5.840622e-05,7.529627e-05,7.876287e-05,6.37198e-05,3.553581e-05,5.14914e-05,2.003173e-05,4.451696e-05,3.023509e-05,4.123932e-05,3.596116e-05,3.711474e-05
4.018622e-05,3.677477e-05,3.233013e-05,2.71962e-05,2.260343e-05,1.761406e-05,1.298296e-05,8.827604e-06,6.450728e-06,4.960061e-07,9.850213e-06,1.309122e-05,3.23181e-05,0.0002297188,0.000263071,0.0002176595,0.0001825443,0.0001535831,0.0001435932,0.0001346934,0.0001354011,0.0001364419,0.0001397363,0.0001463732,0.0001489572,0.0001592719,0.0001599148,0.0001730791,0.0001714515,0.0001870542,0.0001831288,0.0002007261,0.0001944181,0.0002133601,0.0002045815,0.0002242355,0.0002129508,0.0002325828,0.0002186191,0.0002374564,0.0002207829,0.0002382989,0.0002191087,0.0002349367,0.0002135717,0.0002274474,0.0002043359,0.0002159382,0.0001915569,0.0002004978,0.0001755124,0.0001812205,0.000156693,0.0001585971,0.0001375521,0.0001365928,0.0001252975,0.0001244944,0.0001237804,0.0001287848,0.0001339598,0.0001582003,0.0001497462,0.0001512867,0.0003995248,0.0009036156,0.001608468,0.001595267,0.0002969842,0.0001044705,8.974527e-05,6.771694e-05,4.902804e-05,5.284046e-05,3.200527e-05,4.852142e-05,3.807433e-05,4.820383e-05,4.309772e-05,4.452061e-05
4.75405e-05,4.412406e-05,3.74003e-05,3.281075e-05,2.615422e-05,2.034121e-05,1.549138e-05,8.998517e-06,7.065821e-06,8.771812e-06,4.240335e-06,2.747905e-05,0.0001277332,0.000398937,0.0003717116,0.0003201832,0.00026376,0.0002361018,0.0002170148,0.000212905,0.0002093002,0.0002171825,0.0002184679,0.0002328904,0.0002345603,0.0002527627,0.0002531191,0.0002738114,0.0002724645,0.0002949623,0.0002919219,0.0003154953,0.0003106154,0.0003342605,0.0003273439,0.0003501404,0.0003410466,0.0003619679,0.0003503181,0.0003683079,0.0003539195,0.0003683305,0.0003513399,0.0003618005,0.0003425414,0.0003489011,0.0003277841,0.0003298862,0.000307259,0.0003050039,0.0002812984,0.0002746808,0.0002504937,0.0002403508,0.0002181909,0.0002091745,0.0001950333,0.0001943428,0.0001893177,0.0001988873,0.0002091142,0.0002343478,0.0002370224,0.0002323099,0.0004834453,0.00128516,0.002192901,0.002791986,0.0009802546,0.0001841388,0.0001226015,7.753881e-05,8.390749e-05,3.606514e-05,6.26342e-05,4.131542e-05,5.622875e-05,5.124663e-05,5.411851e-05,5.173313e-05
5.687016e-05,5.354571e-05,4.426777e-05,4.003678e-05,3.143277e-05,2.530498e-05,2.011645e-05,1.201559e-05,1.121086e-05,1.400879e-05,6.074031e-06,1.951838e-05,0.0002921797,0.0005823107,0.0005001749,0.0004410848,0.0003650411,0.0003390929,0.0003112098,0.0003121471,0.0003057266,0.0003198325,0.0003224312,0.0003426466,0.0003484727,0.0003710231,0.0003777289,0.0004008813,0.0004078376,0.0004307595,0.0004378331,0.0004596392,0.0004663638,0.0004858193,0.0004916232,0.0005076826,0.0005120609,0.000523562,0.0005256706,0.0005314336,0.0005306886,0.0005301183,0.0005263819,0.0005193342,0.0005127432,0.0004994295,0.0004901573,0.0004708686,0.0004589035,0.0004341874,0.0004194083,0.0003903279,0.000372465,0.0003421755,0.0003227483,0.0003009635,0.0002853702,0.0002836652,0.0002742925,0.0002877903,0.0003051418,0.0003282636,0.0003477536,0.0003274624,0.0005834278,0.001696643,0.002851669,0.004106313,0.002180549,0.0001623176,0.0001560248,9.99118e-05,0.0001175528,2.746052e-05,8.99926e-05,4.016896e-05,7.555919e-05,5.988198e-05,6.709367e-05,6.217815e-05
6.612312e-05,6.122642e-05,5.146157e-05,4.564835e-05,3.641213e-05,2.815548e-05,2.264456e-05,1.275188e-05,1.134175e-05,1.168472e-05,1.022602e-05,3.058217e-05,0.0005271528,0.0007640145,0.0006538277,0.0005770487,0.0004896243,0.0004611459,0.0004290685,0.0004318848,0.000427586,0.0004444218,0.0004546457,0.0004761414,0.0004937868,0.0005149329,0.0005367936,0.0005555017,0.0005805221,0.000595976,0.0006236348,0.0006349607,0.0006641839,0.0006700794,0.0006996109,0.0006990816,0.0007277872,0.000719722,0.0007460243,0.000729278,0.0007519521,0.0007261683,0.0007446026,0.0007100485,0.0007240226,0.0006815009,0.0006908302,0.000641284,0.0006454373,0.0005902649,0.0005884895,0.0005300643,0.0005212748,0.0004652919,0.0004504803,0.0004116802,0.0003968316,0.000389965,0.0003795516,0.0003921544,0.0004179685,0.0004382164,0.0004705686,0.000427217,0.000723995,0.002098433,0.003621957,0.005403777,0.003931778,0.0003159069,0.0001515623,0.0001067683,0.0001284522,3.677921e-05,0.0001018208,4.794024e-05,8.646458e-05,6.809357e-05,7.791246e-05,7.10757e-05
7.424522e-05,6.801904e-05,5.80158e-05,5.022925e-05,4.020035e-05,3.149855e-05,2.302537e-05,1.369231e-05,7.799977e-06,3.047735e-06,3.121903e-05,0.000137668,0.000816522,0.0009461482,0.0008310695,0.0007271994,0.0006388269,0.0006012824,0.0005722466,0.0005716662,0.0005764192,0.0005913823,0.0006162762,0.0006347122,0.0006711094,0.0006866991,0.0007302965,0.0007406895,0.0007898076,0.0007943613,0.0008479102,0.0008458703,0.0009019434,0.0008919852,0.0009484532,0.0009296896,0.0009846564,0.0009560803,0.001007141,0.0009676634,0.001012867,0.0009623673,0.001000606,0.0009398001,0.0009705435,0.0009008232,0.0009236191,0.0008465287,0.0008605322,0.0007781535,0.0007823302,0.000697991,0.0006912398,0.0006124502,0.0005969824,0.000541822,0.0005269036,0.0005112291,0.0005031995,0.000509466,0.0005418192,0.0005626697,0.000595183,0.0005284716,0.0009167269,0.002470184,0.004492439,0.006660196,0.006162385,0.001126438,0.0002193513,0.0001292021,0.0001079292,7.486276e-05,9.049603e-05,7.037384e-05,8.744325e-05,8.204726e-05,8.489479e-05,8.073254e-05
8.598655e-05,7.501663e-05,6.763412e-05,5.541936e-05,4.628855e-05,3.511315e-05,2.479812e-05,1.807548e-05,7.729869e-06,1.024034e-05,4.108836e-05,0.0003212384,0.001113269,0.001137901,0.001025419,0.0008935092,0.0008102678,0.0007604543,0.0007389783,0.0007331008,0.0007500129,0.0007635644,0.0008042939,0.0008224326,0.0008765026,0.0008914606,0.0009534346,0.0009624642,0.00103007,0.00103262,0.001104303,0.001099587,0.001172643,0.001159036,0.001230572,0.001207078,0.001274628,0.001240107,0.001300612,0.001253791,0.001304803,0.001245543,0.00128571,0.001214877,0.001243705,0.001163005,0.001180226,0.001091425,0.001096423,0.001001716,0.0009940019,0.0008968388,0.0008767365,0.000785036,0.0007584317,0.0006912517,0.0006735671,0.0006462992,0.0006439585,0.0006382596,0.0006749034,0.0006973615,0.0007204679,0.0006340523,0.001148956,0.002822432,0.005402303,0.007912876,0.008563777,0.002618465,0.0003179142,0.000202341,9.117897e-05,0.0001242512,7.595541e-05,9.966402e-05,9.014364e-05,9.688806e-05,9.584094e-05,9.04636e-05
9.819544e-05,8.413879e-05,7.686643e-05,6.207776e-05,5.203678e-05,4.065424e-05,2.684694e-05,2.153809e-05,5.077476e-06,1.493174e-05,2.1597e-05,0.0005867177,0.001385094,0.001345721,0.001229939,0.00107825,0.001000143,0.0009399453,0.000926313,0.0009176733,0.0009456278,0.0009628892,0.001015806,0.001041737,0.001106816,0.001131987,0.001202597,0.001223796,0.00129733,0.001313883,0.001388414,0.001399176,0.001471452,0.001474237,0.001540769,0.00153405,0.001592063,0.001574291,0.001620499,0.001589855,0.001621621,0.001577528,0.001593636,0.001536766,0.001537233,0.001469204,0.001454514,0.001376787,0.001347255,0.001261507,0.00121817,0.001127086,0.001073106,0.0009836567,0.000930909,0.0008611043,0.0008331586,0.0007969581,0.0007979681,0.0007798675,0.0008139894,0.0008386963,0.0008444279,0.0007491446,0.001401039,0.003172219,0.006282446,0.00918585,0.01089044,0.004867967,0.0002332261,0.000262018,9.064468e-05,0.0001657109,7.058119e-05,0.0001265653,9.865713e-05,0.0001149653,0.0001088631,0.0001031657
0.000112182,9.426497e-05,8.794387e-05,6.946331e-05,5.908465e-05,4.519463e-05,2.948248e-05,2.527779e-05,4.094411e-06,1.680545e-05,3.310465e-05,0.0009277188,0.001639327,0.001563458,0.001444001,0.001279194,0.001206668,0.001138532,0.001132224,0.001124947,0.001161164,0.001189756,0.001248494,0.001293272,0.001359243,0.001409086,0.001474739,0.001525541,0.001588009,0.00163877,0.001696227,0.001745199,0.00179399,0.001837783,0.001874183,0.001910429,0.001931827,0.001958119,0.001961313,0.001974927,0.0019576,0.00195712,0.001918642,0.001903992,0.001845426,0.001817658,0.001740923,0.001700733,0.001607887,0.001555625,0.001450253,0.001386777,0.001276713,0.001206523,0.001111971,0.001049582,0.001004169,0.0009610761,0.0009642727,0.0009313462,0.0009579245,0.0009817284,0.0009653011,0.0008711416,0.001671799,0.003508279,0.007109316,0.01041714,0.01313426,0.007883561,0.0003083269,0.0002907798,0.0001001357,0.0002070996,6.786217e-05,0.0001562995,0.0001091685,0.0001347546,0.0001237763,0.0001170978
0.0001230844,0.0001066696,9.58688e-05,7.823125e-05,6.425678e-05,5.15817e-05,3.202107e-05,2.699129e-05,2.227742e-06,1.746835e-05,0.0001181803,0.001320158,0.001878132,0.001790547,0.001663184,0.0014965,0.001425254,0.001356221,0.001352955,0.001354795,0.001393945,0.00144312,0.001500614,0.001575021,0.001633025,0.001719482,0.001769651,0.001863029,0.001902711,0.002001364,0.002028977,0.002130153,0.002141993,0.002240943,0.002233182,0.00232625,0.002296591,0.002380379,0.002326178,0.002396866,0.002316312,0.002371367,0.002264613,0.002303088,0.002172481,0.002194725,0.002043882,0.002049667,0.001882707,0.001871045,0.001694402,0.001664335,0.001490641,0.001444463,0.001302169,0.001251522,0.001182933,0.001137462,0.001136557,0.001090814,0.001104532,0.001117308,0.001084735,0.001005643,0.001931679,0.003860672,0.007814706,0.01160655,0.01519753,0.01154217,0.001152327,0.0002472525,0.000116336,0.0002262179,8.143725e-05,0.0001771845,0.000120948,0.0001548296,0.0001365052,0.000133667
0.000134047,0.0001172616,0.0001036652,8.568732e-05,6.98248e-05,5.319309e-05,3.687622e-05,2.415044e-05,1.424208e-05,3.519037e-05,0.0002883533,0.001711549,0.002101615,0.002026463,0.001883062,0.001730064,0.001650495,0.001592439,0.00158444,0.001605503,0.001641936,0.001719351,0.001772152,0.001880907,0.001929969,0.002054654,0.002091058,0.002225329,0.002246763,0.002388212,0.002393522,0.002538371,0.002523793,0.002665809,0.002627312,0.002761607,0.002697149,0.002819463,0.002726797,0.002832528,0.002710261,0.002796106,0.002644799,0.002709194,0.002532061,0.00257524,0.002377141,0.002398753,0.002185034,0.002183962,0.001962614,0.001938038,0.00172412,0.001679549,0.001505324,0.001454998,0.001365297,0.001321016,0.001305222,0.001255356,0.001247738,0.001238558,0.001199982,0.001168265,0.00214387,0.004271069,0.008331547,0.0127616,0.01694167,0.01546122,0.002985184,0.0003174515,0.0002150351,0.0001840433,0.000147066,0.000164227,0.0001496643,0.0001597539,0.0001530861,0.0001447015
0.0001436677,0.0001330247,0.0001097117,9.64732e-05,7.460457e-05,5.991032e-05,4.184635e-05,2.257269e-05,2.030538e-05,3.385178e-05,0.00055948,0.002037054,0.002318459,0.002263739,0.002105393,0.001973386,0.001882655,0.001840479,0.001827998,0.001869016,0.001908328,0.002008755,0.002067785,0.002199267,0.002255689,0.002401323,0.002445456,0.002597821,0.002627074,0.002783437,0.002796933,0.002952982,0.002946466,0.003094746,0.003063501,0.003198352,0.003140053,0.003257,0.00316928,0.003263645,0.003144911,0.003213363,0.003064022,0.00310523,0.002928319,0.0029432,0.002743745,0.002733454,0.002516928,0.002481824,0.002255656,0.002197463,0.001976471,0.001904004,0.001719332,0.001654606,0.001548331,0.001508333,0.001467213,0.001426541,0.001383995,0.001360951,0.001308515,0.001374,0.002338842,0.004700437,0.008709674,0.01376388,0.0184034,0.01896176,0.006060586,0.0003755282,0.0003360937,0.0001560018,0.0002066052,0.0001633201,0.0001801877,0.0001785409,0.0001692038,0.000164517
0.0001585128,0.0001463071,0.0001206601,0.0001053777,8.224115e-05,6.23098e-05,4.569067e-05,2.384718e-05,2.312492e-05,3.272525e-05,0.0009118781,0.002297008,0.002534617,0.002495209,0.002333657,0.002218199,0.002122874,0.002092819,0.002084821,0.002138929,0.002193841,0.002304868,0.002387251,0.002523869,0.002609209,0.002753223,0.002830695,0.002974042,0.003040784,0.003180563,0.003235523,0.003367138,0.00340534,0.003520784,0.003536386,0.003629598,0.003619374,0.003686027,0.003647057,0.00368327,0.003613431,0.003616688,0.003515163,0.003485003,0.003353965,0.003293158,0.003136942,0.003048859,0.002871822,0.002760112,0.002568004,0.002438967,0.00224372,0.002114019,0.001942726,0.001845662,0.001734085,0.00169362,0.001627384,0.001602416,0.00151972,0.001497715,0.00142367,0.001624915,0.002552768,0.005117726,0.008996613,0.01453624,0.01957678,0.02190778,0.01023108,0.000216311,0.0004314863,0.0001524375,0.0002568972,0.0001753193,0.0002098915,0.0001940421,0.0001903268,0.0001808651
0.0001757034,0.0001627774,0.0001311084,0.0001162302,8.96852e-05,6.906899e-05,5.169987e-05,2.215206e-05,2.718651e-05,6.425395e-05,0.001320359,0.002536952,0.002744823,0.002724604,0.002562366,0.002463407,0.002366342,0.002348123,0.002350558,0.002413765,0.002494181,0.002606076,0.002726034,0.002852051,0.002985474,0.003106801,0.003241786,0.003349797,0.003482559,0.003574508,0.003703522,0.003775086,0.00389439,0.003937577,0.004039678,0.004048469,0.004128476,0.004099576,0.004153527,0.004084546,0.00410892,0.003998945,0.003991437,0.003842083,0.003802744,0.003619108,0.003550293,0.003339733,0.003243987,0.003014847,0.00289425,0.002659457,0.002520917,0.002308451,0.00217094,0.00202909,0.001917679,0.001880801,0.00177987,0.001793056,0.00165059,0.001674077,0.001548573,0.001945027,0.002781118,0.005548814,0.009185293,0.01511077,0.02036706,0.02451381,0.01526456,0.0005724339,0.0005388046,0.0001268504,0.000335533,0.0001721981,0.0002611403,0.0002172258,0.0002195015,0.000202808
0.0002000798,0.0001747651,0.0001485597,0.0001242085,0.0001019684,6.914254e-05,5.857606e-05,2.169701e-05,2.419282e-05,0.0001205666,0.00175963,0.002768106,0.002959527,0.002946571,0.002793059,0.002701937,0.002613614,0.002600044,0.002625753,0.002687891,0.002808878,0.0029072,0.003081931,0.003179211,0.003380313,0.003458298,0.003672611,0.003722366,0.003944165,0.003963629,0.004190608,0.004176576,0.004401085,0.004345919,0.004558586,0.004457239,0.004651247,0.004501442,0.004670794,0.004472325,0.004612301,0.00436678,0.004473004,0.004183998,0.004254157,0.003929663,0.003964018,0.003615447,0.003614196,0.00325511,0.003216921,0.002867218,0.002794056,0.002492509,0.002395661,0.002204298,0.002099265,0.002062252,0.001933152,0.00198855,0.001791816,0.001888259,0.001714926,0.002305524,0.003083114,0.005941727,0.009377092,0.01541203,0.02090202,0.02652558,0.02079166,0.001770316,0.0005155698,0.000138142,0.0004037412,0.0001834971,0.000308997,0.0002285145,0.0002549107,0.000216868
0.0002113374,0.0001854432,0.0001566065,0.0001310838,0.000105979,7.907699e-05,5.647236e-05,3.504179e-05,1.520385e-05,0.0002816769,0.002188293,0.002990135,0.003187899,0.003155346,0.003028101,0.002926379,0.002865971,0.002843013,0.002909828,0.002958762,0.003133198,0.003208641,0.003445218,0.003509669,0.003779267,0.003815866,0.004103337,0.004103744,0.004401361,0.004364182,0.004668038,0.004590993,0.004892224,0.004768854,0.005056489,0.004882144,0.005147375,0.004920502,0.005156379,0.004878275,0.005079322,0.004753141,0.004914138,0.004545094,0.004662537,0.004259811,0.004332928,0.003909997,0.003939237,0.003512569,0.003496593,0.003088797,0.003029797,0.002683285,0.002594244,0.002373434,0.002272884,0.002222046,0.002100768,0.002158471,0.001977035,0.002097458,0.001987897,0.002637106,0.003547676,0.006217153,0.00970128,0.01535934,0.02135036,0.02757036,0.02608386,0.004608243,0.0003397253,0.0003548344,0.0003351203,0.0002665727,0.0003013586,0.0002725091,0.0002649066,0.0002383191
0.0002347444,0.0001940759,0.0001755963,0.0001371318,0.0001169764,8.244612e-05,5.608117e-05,4.390686e-05,3.533425e-05,0.000593684,0.002543895,0.003216078,0.003425005,0.003353462,0.003260839,0.003138766,0.003114906,0.003083951,0.003188122,0.003238982,0.003445324,0.003529086,0.003788017,0.003866307,0.004149021,0.004205988,0.004497296,0.004523426,0.004814178,0.004807265,0.005093726,0.005051215,0.005324741,0.005239283,0.005489472,0.005355613,0.005573963,0.005388722,0.005568665,0.005332662,0.005470311,0.005186448,0.005278361,0.004951,0.004994939,0.004631673,0.00462855,0.004242036,0.004195902,0.00380141,0.003715442,0.003332905,0.003217026,0.002884279,0.002762794,0.002535227,0.002441263,0.002356886,0.002293026,0.002298137,0.002228353,0.002294594,0.00238812,0.00295864,0.004132371,0.006455027,0.01009172,0.01513182,0.02157216,0.02782261,0.02971682,0.009572001,0.0004343654,0.000613541,0.0002661921,0.0003777606,0.000304597,0.0003121478,0.0002889427,0.0002554783
0.0002510753,0.0002117072,0.0001848014,0.0001484227,0.0001225045,9.250142e-05,6.175356e-05,3.665086e-05,7.852748e-05,0.001046053,0.002844117,0.003470334,0.003648798,0.003557494,0.003472254,0.003354932,0.003342618,0.003339541,0.003442448,0.003545113,0.00372662,0.003883072,0.004092022,0.004262001,0.00447285,0.004639187,0.004838814,0.004988884,0.005169306,0.005297786,0.005457033,0.005558619,0.00569044,0.005755498,0.005852466,0.005872879,0.005928789,0.005898132,0.005908835,0.005825063,0.00578997,0.005653911,0.005573203,0.005386908,0.005261611,0.00502944,0.004863787,0.004595534,0.004398634,0.004106688,0.003888359,0.003588464,0.003368657,0.003091896,0.002908173,0.002699672,0.002600428,0.002494402,0.002491877,0.002451224,0.002512256,0.002537868,0.002843359,0.003358778,0.004725628,0.006792968,0.01041806,0.01496404,0.02140447,0.02762257,0.03146237,0.01599501,0.0003971557,0.0007386776,0.00028544,0.0004458237,0.0003334111,0.0003660535,0.0003142937,0.0002865099
0.0002700913,0.0002361924,0.0001988204,0.0001657904,0.000128079,0.000100578,5.68374e-05,4.327958e-05,9.763632e-05,0.001612902,0.003177298,0.0037391,0.00386345,0.003759341,0.003665446,0.003572246,0.003553387,0.003606942,0.003678456,0.003870965,0.003984276,0.004261294,0.004366164,0.004684658,0.004761023,0.005100877,0.00513958,0.005483382,0.005479494,0.005817095,0.005771802,0.006093244,0.00600425,0.006296494,0.006161054,0.006412253,0.006227695,0.006427107,0.00619301,0.006334811,0.006054357,0.006135972,0.005814061,0.00583513,0.005477169,0.005437783,0.00505179,0.004957902,0.00455945,0.004419357,0.004025951,0.003849617,0.003493658,0.003304068,0.003038787,0.002867874,0.002759175,0.002637118,0.002708126,0.002618436,0.002837067,0.0028181,0.003353647,0.003810855,0.005350947,0.007192376,0.01074975,0.01482621,0.02103838,0.02697559,0.03224646,0.02293134,0.00134816,0.0008978937,0.0002588229,0.0005679574,0.0003565695,0.0004300709,0.0003394466,0.0003244879
0.000280251,0.0002557837,0.0002005602,0.0001803842,0.0001294521,0.0001161533,6.384467e-05,2.768443e-05,0.000157286,0.002293112,0.003536414,0.00403351,0.004046791,0.003970212,0.003826787,0.003803608,0.003738664,0.003893749,0.003893249,0.004215161,0.004223159,0.004652708,0.004623676,0.005114192,0.005035378,0.005562448,0.005429102,0.005970104,0.005781415,0.006321528,0.006081196,0.006605494,0.006314799,0.006808146,0.006468442,0.006915964,0.006526975,0.006915551,0.006479932,0.006800912,0.006323343,0.006571776,0.006061208,0.006236205,0.0057007,0.005799248,0.005249061,0.00527615,0.004731072,0.004692395,0.004173905,0.004078102,0.003627738,0.003496412,0.003173957,0.00303606,0.002914288,0.002808838,0.002912892,0.002849145,0.003145637,0.003200433,0.003830194,0.004390914,0.00590596,0.007753116,0.01097995,0.01488475,0.02039827,0.02630505,0.03196806,0.02946081,0.003726366,0.000647628,0.0004406025,0.0005738245,0.0004189615,0.0004742953,0.0003684015,0.0003543108
0.0003275673,0.0002479114,0.0002328471,0.0001764545,0.0001558493,9.92199e-05,8.476543e-05,5.341216e-05,0.0005021482,0.002996938,0.003888793,0.004338655,0.004189512,0.004187025,0.003955699,0.004044359,0.003906713,0.004181853,0.004108096,0.004543317,0.004478931,0.005008836,0.004913804,0.005490475,0.005356515,0.005954157,0.005777562,0.006371775,0.006152204,0.00672785,0.006467875,0.007008921,0.006708608,0.007201683,0.006863112,0.00729487,0.006916358,0.007274681,0.006858188,0.007136271,0.006684416,0.006878026,0.006398879,0.006510462,0.006012032,0.006039981,0.005530385,0.005482346,0.004980703,0.004866278,0.004390785,0.004225856,0.003815779,0.003635855,0.003341055,0.00319277,0.003072308,0.003022408,0.003092791,0.003174519,0.003407304,0.003714955,0.004234453,0.005113194,0.006364967,0.008472547,0.01111679,0.0151341,0.0196072,0.0256995,0.03080747,0.03368524,0.008854453,0.0004697217,0.0009146773,0.0004319179,0.0006145009,0.0004203804,0.0004573565,0.0003326169
0.0003640293,0.0002647284,0.0002531958,0.0001854909,0.0001727108,0.0001099838,9.372698e-05,0.0001085667,0.001190997,0.003615031,0.004217449,0.004605896,0.00430446,0.004385209,0.004073195,0.004268302,0.004088017,0.004435083,0.004362266,0.004813298,0.004796169,0.005284682,0.005281942,0.005770341,0.005769227,0.00623606,0.006224103,0.006652684,0.006626638,0.00700757,0.006959816,0.007279622,0.007206548,0.007462247,0.007360752,0.007540845,0.00740199,0.007503572,0.007329082,0.007348597,0.00713152,0.007066976,0.006815854,0.006678634,0.006396005,0.006185125,0.005874283,0.00560794,0.005285467,0.004977285,0.004651735,0.004330657,0.004038264,0.003758394,0.003531942,0.00336103,0.003248209,0.003274806,0.003292826,0.003549892,0.003699232,0.004263944,0.004678384,0.005825953,0.006886608,0.009145757,0.01138148,0.01531093,0.01904173,0.02485781,0.02945794,0.03440442,0.01623686,0.000449654,0.001185356,0.0004179561,0.0007534488,0.0004847654,0.0005287557,0.0003642901
0.0003802918,0.0002735149,0.0002712415,0.0001878262,0.0001904498,9.707518e-05,9.002083e-05,0.0001258128,0.002185691,0.004097709,0.004527461,0.004769636,0.004439401,0.004518891,0.004239166,0.004437345,0.004337574,0.004628557,0.004692861,0.005017283,0.005190505,0.005491713,0.005723512,0.005981385,0.006248764,0.006450851,0.00672873,0.006869401,0.007149443,0.007226897,0.00749024,0.00749493,0.007733697,0.00767321,0.007878578,0.007743051,0.007899297,0.00769483,0.007804571,0.007530082,0.007577672,0.007232387,0.007227335,0.006830679,0.006770904,0.006321808,0.006206951,0.005732649,0.005578852,0.005095721,0.004904752,0.004450688,0.004259346,0.00390095,0.003736635,0.003550095,0.003463668,0.003536668,0.003564918,0.003913106,0.004093421,0.004760555,0.005241517,0.006433168,0.007551696,0.009670141,0.01185902,0.01531531,0.01883376,0.02373582,0.0282869,0.03280625,0.02412888,0.002873717,0.0009714438,0.0006761506,0.0007834181,0.0005344616,0.0005502503,0.0003798198
0.0002507004,0.0004025353,0.0001731026,0.0002844999,0.0001189891,0.0002054892,6.430373e-05,0.0005741193,0.003225954,0.004418049,0.004796552,0.004809144,0.00461596,0.004571618,0.004478744,0.004545482,0.004657415,0.004781476,0.005068518,0.005200719,0.005600455,0.005702673,0.006154982,0.006215601,0.006690247,0.006706757,0.007175947,0.007144953,0.007592378,0.007515527,0.007923283,0.007795893,0.00815136,0.007977783,0.008271875,0.008047835,0.008267881,0.007997349,0.008141806,0.007825395,0.007882611,0.007521558,0.007497406,0.007107667,0.007002562,0.006587473,0.006403787,0.005987437,0.005741337,0.005341928,0.005042318,0.004695251,0.004386343,0.004151562,0.003885035,0.003820175,0.003678699,0.003835691,0.003896604,0.004265838,0.004590889,0.005196652,0.005924215,0.006931895,0.008341101,0.01006139,0.01249963,0.01520972,0.01888526,0.02252671,0.02731248,0.03033347,0.03013045,0.008537871,0.0003237754,0.00135827,0.0004636924,0.0009194133,0.0003692031,0.0005822595
0.0003420274,0.0003741509,0.0002472654,0.0002620667,0.0001748794,0.0001522898,0.0001406884,0.001491148,0.003932741,0.004533038,0.004999957,0.004718184,0.004824242,0.004545797,0.004760892,0.00461913,0.004987808,0.004944551,0.005415614,0.005431854,0.005947667,0.005989595,0.006499044,0.006546164,0.007025342,0.00707119,0.007502871,0.007536882,0.007906503,0.007923272,0.008222126,0.008215479,0.008434659,0.008398864,0.008533227,0.008463946,0.008509624,0.008404971,0.008360232,0.008217116,0.008079057,0.007897764,0.007673225,0.007460874,0.007156006,0.006916475,0.006542342,0.006291439,0.005869168,0.005620378,0.005174771,0.004954205,0.004544188,0.004395931,0.004101899,0.004067063,0.003992199,0.00410621,0.00433014,0.00459679,0.00516121,0.005622796,0.00662609,0.007435296,0.009091062,0.01049217,0.01306792,0.01523514,0.01887023,0.02163362,0.02617515,0.02828624,0.03150097,0.01725032,0.001965727,0.0012565,0.0008361064,0.0008355415,0.0005053853,0.0005298005
0.0004742444,0.0002638595,0.0003341482,0.0001670386,0.0002686943,0.0001570846,0.0005907827,0.002377129,0.004141881,0.004614358,0.00496788,0.004732517,0.004881497,0.00467467,0.004914179,0.004859266,0.005195919,0.005265719,0.00565127,0.005802899,0.006197411,0.006391577,0.006761173,0.006967077,0.00729656,0.00750025,0.007781758,0.007967655,0.008190732,0.008347253,0.008508425,0.008627689,0.008721885,0.008793368,0.008817008,0.008835393,0.008789043,0.008750531,0.008633119,0.008532884,0.008345521,0.008183856,0.007933886,0.007714215,0.007409823,0.007137369,0.006793576,0.006482406,0.006121452,0.005787098,0.005438294,0.005111302,0.004830641,0.004564502,0.004424694,0.00428463,0.004361889,0.004413207,0.004750487,0.005028507,0.005641955,0.006198476,0.007161348,0.008123972,0.00960296,0.01115892,0.01334388,0.01560888,0.01853183,0.02133216,0.0246525,0.0271623,0.02942655,0.02445192,0.009816448,0.0009609085,0.001210119,0.0007640671,0.0007142273,0.0003990771
0.0004122479,0.0003439307,0.0002956392,0.0002407728,0.0001426152,0.0001476723,0.001074996,0.002878595,0.004146705,0.004634665,0.004856561,0.004829205,0.004902833,0.004904826,0.00505254,0.005175518,0.005408234,0.00562743,0.005909738,0.006184422,0.006484509,0.006778899,0.007069213,0.007355202,0.007620173,0.00788357,0.008114715,0.008342576,0.008529503,0.008710941,0.008848068,0.008976532,0.009058463,0.009125736,0.009147059,0.009148769,0.009108626,0.009043115,0.008940012,0.008804496,0.008638608,0.008435234,0.008212229,0.007946218,0.00767289,0.007352651,0.007042942,0.00668601,0.006360537,0.005988929,0.005675887,0.005328589,0.005078642,0.004819329,0.004698952,0.004605208,0.004681067,0.004820834,0.005129685,0.005534809,0.006094975,0.006804635,0.007679531,0.008792786,0.01011077,0.01176804,0.01365287,0.01592123,0.01832794,0.02101531,0.02351348,0.02596665,0.02735941,0.02649871,0.01839012,0.007390922,0.002044919,0.0008182476,0.0005943275,0.0004489326
0.0007527285,0.000408215,0.0003115588,0.0001931212,0.000190203,0.0005256021,0.001720261,0.003153603,0.004180038,0.004618314,0.004866553,0.004934257,0.005050408,0.005135039,0.005302399,0.005478274,0.005716143,0.005966138,0.006248459,0.00653905,0.006837633,0.00713873,0.007428668,0.007716417,0.007981587,0.008242553,0.008473227,0.008696096,0.008882058,0.009057027,0.009191648,0.009312446,0.009389986,0.009449588,0.009464623,0.009458969,0.009410012,0.009337637,0.009223578,0.009083046,0.00890475,0.008698652,0.008461394,0.00819524,0.007906666,0.007590031,0.007264995,0.00691598,0.00657698,0.006220268,0.005899386,0.005575596,0.005326184,0.005098708,0.004991382,0.004935444,0.005038483,0.005214382,0.005563752,0.005997992,0.006610366,0.007334552,0.008259675,0.009350069,0.01068313,0.01223824,0.014055,0.01609194,0.01830604,0.0205962,0.02277595,0.0246771,0.02585855,0.02563478,0.02220383,0.01534305,0.006762252,0.002087968,0.001564497,0.0009404994
0.001788953,0.001089864,0.0007033286,0.000632891,0.0008626475,0.001397025,0.002407266,0.003522374,0.004310448,0.0047524,0.004999351,0.005157673,0.005291456,0.005444034,0.005617369,0.005833254,0.006068424,0.006339849,0.006616479,0.006917105,0.00720922,0.007513408,0.007797877,0.008085162,0.008345805,0.008603238,0.00882928,0.009046496,0.009228067,0.009396068,0.009525808,0.009638236,0.009710211,0.009761039,0.009769945,0.009755273,0.009698973,0.009617615,0.009495394,0.009347003,0.009160083,0.008947822,0.008701441,0.00843169,0.008133965,0.007817495,0.007483664,0.007139957,0.00679386,0.006450732,0.006126962,0.005827781,0.005580799,0.005389845,0.005290995,0.005281712,0.00539789,0.005624245,0.005989664,0.006472595,0.007102008,0.007864727,0.008796038,0.009894457,0.01119448,0.01269185,0.01439696,0.01627145,0.01826528,0.02026828,0.02213001,0.02365495,0.02453741,0.02439691,0.02250957,0.01827614,0.01161246,0.00611595,0.003907488,0.002671241
0.003408439,0.002388114,0.001769608,0.001566677,0.001776838,0.002307294,0.00313253,0.003982583,0.004625402,0.00503942,0.005299202,0.005485547,0.005646667,0.005817373,0.006007189,0.006227428,0.006469647,0.006736938,0.007015516,0.007307703,0.007599127,0.007893029,0.008175815,0.008452415,0.008710881,0.008957298,0.00918044,0.009386343,0.009564467,0.009721123,0.009846848,0.009947752,0.01001502,0.01005432,0.01005818,0.01003218,0.009970456,0.009877856,0.009750011,0.00959116,0.009399177,0.00917777,0.008927145,0.008650054,0.008349773,0.008028801,0.007694908,0.007350466,0.007008267,0.006670668,0.006357349,0.00607217,0.005843193,0.005675013,0.005600899,0.005621052,0.005765146,0.006023029,0.006415665,0.006928352,0.007580452,0.00836417,0.009302203,0.01039487,0.01166147,0.01309702,0.01469652,0.01642359,0.01821742,0.01998078,0.02156629,0.02280071,0.02343875,0.02321427,0.02180733,0.01891067,0.01426362,0.009523546,0.006597481,0.004723845
0.005036468,0.003830872,0.003006272,0.002660123,0.00275013,0.003190566,0.003833717,0.004519486,0.005065636,0.005449657,0.005707632,0.005904561,0.006072805,0.006249759,0.006440163,0.006658181,0.006895261,0.007155162,0.007425954,0.007708363,0.007991109,0.008274363,0.00854871,0.008814774,0.009065236,0.009301089,0.009516282,0.009711653,0.009882043,0.01002831,0.01014626,0.01023673,0.01029617,0.01032536,0.01032148,0.01028577,0.01021623,0.0101145,0.009979134,0.009812288,0.009613418,0.009385645,0.009129269,0.008848313,0.008544141,0.008222735,0.007887514,0.007547229,0.007207599,0.006880826,0.006576016,0.006310229,0.006096499,0.005955881,0.005902208,0.005954741,0.006120743,0.006410735,0.006823334,0.007363662,0.008029928,0.008829734,0.009765804,0.01084748,0.01207547,0.01344843,0.01494733,0.01653738,0.01815526,0.01970733,0.02106583,0.02206985,0.02251866,0.02221496,0.0209497,0.01859,0.01521046,0.0116068,0.008711292,0.006640118
0.006313558,0.005031222,0.00413917,0.003663251,0.003627323,0.003933872,0.004469832,0.005044135,0.005534274,0.005896176,0.006156167,0.006353192,0.00652762,0.006700539,0.006889361,0.007097262,0.007326918,0.007573551,0.007834216,0.008102544,0.008374357,0.008643994,0.008907569,0.0091609,0.009400978,0.00962485,0.00982994,0.01001387,0.01017439,0.01030972,0.01041807,0.01049804,0.0105481,0.01056719,0.01055442,0.0105092,0.01043143,0.0103208,0.01017806,0.01000334,0.009798579,0.009564433,0.009304157,0.009018914,0.008713801,0.00839114,0.008058891,0.007721205,0.007389697,0.007070972,0.006781245,0.006530287,0.006339033,0.006219207,0.006192958,0.00626865,0.006462238,0.006773422,0.007209505,0.007765607,0.008446772,0.009250754,0.01018345,0.01124414,0.01243317,0.01374027,0.01514438,0.01660748,0.01806614,0.01943681,0.02059825,0.02141599,0.02172338,0.02135954,0.02019319,0.01817883,0.01542502,0.01248305,0.009968276,0.007923998
0.007123446,0.005869074,0.00494548,0.004429848,0.004312516,0.004544338,0.004979118,0.005487727,0.005941804,0.006298424,0.006564093,0.006773464,0.006952918,0.00712988,0.00731459,0.007517182,0.007736223,0.007972316,0.008219592,0.008475338,0.008733184,0.008989864,0.009240009,0.009480831,0.009708254,0.009920053,0.01011306,0.01028538,0.01043444,0.01055868,0.01065606,0.01072537,0.01076502,0.01077418,0.01075169,0.01069738,0.01061063,0.01049203,0.01034141,0.01016027,0.00994907,0.009710531,0.009445812,0.009159028,0.008852263,0.008531826,0.00820154,0.007870851,0.00754596,0.007240254,0.006963006,0.006732007,0.006559169,0.006464866,0.00646024,0.006562621,0.0067764,0.007110489,0.007561661,0.008133082,0.008820186,0.009625698,0.01054665,0.01158348,0.01272876,0.01397046,0.01528365,0.01662799,0.01794578,0.01915349,0.02015243,0.02081654,0.02101413,0.02061613,0.01952424,0.01771974,0.01538724,0.01290389,0.01061387,0.008711437
0.007643002,0.006404091,0.005500495,0.004952436,0.004791915,0.004952059,0.005339969,0.005801708,0.006239221,0.006600207,0.006885232,0.007112016,0.007309619,0.007495033,0.00768542,0.007885587,0.008100466,0.008327318,0.008565066,0.008808471,0.009054524,0.009298004,0.009535748,0.009763483,0.009978579,0.01017772,0.0103587,0.01051881,0.01065622,0.01076877,0.01085504,0.0109133,0.0109425,0.01094131,0.0109093,0.01084561,0.01075056,0.01062373,0.01046631,0.01027848,0.01006255,0.009819337,0.00955249,0.009263633,0.008958232,0.008639242,0.008314757,0.007989811,0.007676045,0.007381299,0.007121357,0.006906937,0.006757105,0.006683368,0.006704118,0.006826719,0.007062995,0.007412455,0.007879056,0.008457663,0.009149018,0.009948211,0.01085449,0.01186149,0.0129613,0.01413726,0.0153626,0.01659825,0.01778555,0.01885411,0.01970756,0.02024707,0.02035822,0.01994209,0.01893122,0.01733927,0.01527859,0.0130509,0.01098472,0.009160079
0.008003682,0.006793423,0.005877137,0.005319012,0.005117681,0.005241869,0.00557064,0.005999613,0.006423981,0.006795032,0.007100012,0.007354012,0.007572799,0.007777373,0.007977895,0.008184645,0.008399111,0.0086233,0.008854039,0.009089522,0.009325228,0.009558231,0.00978431,0.01000061,0.01020368,0.01039107,0.01056002,0.01070845,0.01083415,0.01093536,0.01101037,0.01105783,0.01107646,0.01106539,0.01102376,0.01095136,0.01084785,0.01071387,0.01054959,0.01035662,0.01013578,0.009889924,0.009620703,0.009332448,0.00902792,0.008713609,0.008394041,0.008078729,0.007774673,0.007495153,0.007250094,0.007056402,0.006925762,0.006876065,0.00691694,0.007062096,0.007314489,0.007680062,0.00815504,0.008739781,0.009428184,0.01021847,0.01110391,0.0120786,0.01313012,0.01424052,0.0153823,0.01651488,0.01758697,0.01852793,0.01926198,0.01969482,0.01973935,0.01931403,0.01837319,0.01692777,0.01511746,0.01314961,0.01121527,0.009496349
0.008304954,0.007109228,0.00620512,0.005616385,0.005376501,0.005437273,0.005726127,0.00611778,0.006528461,0.006903778,0.007228788,0.007505212,0.007749737,0.007973464,0.008190565,0.008406347,0.008626663,0.008850975,0.009079716,0.009309545,0.009538549,0.009762752,0.009979609,0.01018554,0.01037816,0.01055451,0.01071253,0.01084973,0.0109644,0.01105457,0.01111891,0.01115585,0.0111645,0.01114371,0.01109319,0.01101226,0.01090139,0.01076038,0.01059061,0.01039254,0.01016867,0.009920183,0.009650914,0.009363038,0.009062227,0.008752093,0.008440826,0.008134153,0.007843588,0.007577585,0.007351271,0.007175453,0.007067361,0.007037455,0.007100844,0.007263137,0.007532791,0.007908335,0.008391245,0.00897561,0.009659142,0.01043458,0.01129664,0.01223505,0.01323699,0.0142826,0.01534316,0.01638149,0.01734542,0.01817743,0.01880194,0.01914836,0.0191381,0.01871296,0.01783998,0.01654956,0.01491869,0.01312308,0.01136776,0.009728766
0.008536441,0.007386662,0.006484354,0.005889949,0.005609608,0.005628383,0.005854546,0.006205619,0.006592412,0.006964795,0.007298483,0.007594258,0.007857219,0.008100735,0.008331901,0.008559485,0.008785759,0.009013562,0.009241418,0.009468654,0.009692208,0.009909974,0.01011872,0.01031606,0.01049914,0.01066571,0.01081344,0.01094037,0.01104462,0.01112454,0.01117868,0.01120582,0.01120492,0.01117527,0.01111627,0.01102783,0.01090989,0.0107632,0.01058826,0.01038681,0.01016008,0.00991102,0.009641781,0.009356846,0.009059573,0.008756573,0.008453008,0.008158338,0.007880115,0.007631163,0.007421554,0.007266873,0.007178066,0.007170414,0.007251814,0.007432629,0.007714212,0.008099851,0.008584982,0.009167756,0.009840796,0.01059917,0.01143345,0.0123338,0.01328486,0.01426607,0.0152498,0.016198,0.01706637,0.0177967,0.01833157,0.01860143,0.01854954,0.01812542,0.01731168,0.01612623,0.01467014,0.01306708,0.01143085,0.009908687
0.008712015,0.007605286,0.006738791,0.006137194,0.005833521,0.005797272,0.005980286,0.00628617,0.006645122,0.00700424,0.007340193,0.007643725,0.007921082,0.008176809,0.00842058,0.00865617,0.008888766,0.009118573,0.009346697,0.009571018,0.009790443,0.01000202,0.01020383,0.01039297,0.01056745,0.01072474,0.01086304,0.01098021,0.01107473,0.01114491,0.01118959,0.01120748,0.01119785,0.01115983,0.0110933,0.01099787,0.01087411,0.01072218,0.01054357,0.01033911,0.01011141,0.009862089,0.009595117,0.009313188,0.009022085,0.008726005,0.00843314,0.008149759,0.007887068,0.007653762,0.007463973,0.007328025,0.007261051,0.007272054,0.007373062,0.007567839,0.007861908,0.00825263,0.008739392,0.009315483,0.009976457,0.01071341,0.01151814,0.01237802,0.01327764,0.01419607,0.01510508,0.01597091,0.01674862,0.01739204,0.01784258,0.01805068,0.01796255,0.0175457,0.01678548,0.01571468,0.01438478,0.01290921,0.01142652,0.009995142
0.008810243,0.007768889,0.006930702,0.006348835,0.006030174,0.005969768,0.006102318,0.006368382,0.006695684,0.007038099,0.007366654,0.007673478,0.007955759,0.008220176,0.008470041,0.00871164,0.008946623,0.009177636,0.009403854,0.009625143,0.009839311,0.01004484,0.01023921,0.01042046,0.01058623,0.01073458,0.01086353,0.01097135,0.01105646,0.01111741,0.01115303,0.01116227,0.0111444,0.01109885,0.01102534,0.01092393,0.01079487,0.01063902,0.01045727,0.01025144,0.01002317,0.00977553,0.009511115,0.009234526,0.008949636,0.008663104,0.008380585,0.008111375,0.007863313,0.007648545,0.007476847,0.007362179,0.007314266,0.007345718,0.007462549,0.007672149,0.007974301,0.008370032,0.008853923,0.009422406,0.01006716,0.01078122,0.01155353,0.01237206,0.01322016,0.0140767,0.01491545,0.01570225,0.0163998,0.01696089,0.01734261,0.01749397,0.01737883,0.01696638,0.01625401,0.01525919,0.01405718,0.01272771,0.01134523,0.01002659
0.00885142,0.007865001,0.007077746,0.006511521,0.006194576,0.006105192,0.006211943,0.006442649,0.006742733,0.007065324,0.007385216,0.007687655,0.007972162,0.008238292,0.008491733,0.008734291,0.008969923,0.009198757,0.009421967,0.009638024,0.009846274,0.01004442,0.01023094,0.01040347,0.01056031,0.01069933,0.01081893,0.01091731,0.01099313,0.01104499,0.0110719,0.01107285,0.01104728,0.01099462,0.0109149,0.01080803,0.01067474,0.0105155,0.01033192,0.0101252,0.009898038,0.009652486,0.009392599,0.009121543,0.008845149,0.008568091,0.008298464,0.008042881,0.007812067,0.007614633,0.00746346,0.00736797,0.007341005,0.007389832,0.007523571,0.007744195,0.008054727,0.008451442,0.008932021,0.009489077,0.01011666,0.01080491,0.01154395,0.01232007,0.01311692,0.01391388,0.0146846,0.01539939,0.01602041,0.01651119,0.01682666,0.01693263,0.01679233,0.01638918,0.01571803,0.01480978,0.01369954,0.01246707,0.0112116,0.009977523
0.008825149,0.007907419,0.007159095,0.006626279,0.006314137,0.006221147,0.006298482,0.006503302,0.006778092,0.007083587,0.007391077,0.007688985,0.007970058,0.008236484,0.00848864,0.008730642,0.008963265,0.009188686,0.009406283,0.009616166,0.009816661,0.01000665,0.01018409,0.01034736,0.0104945,0.01062379,0.01073359,0.01082236,0.01088878,0.01093159,0.01094988,0.01094277,0.0109098,0.01085056,0.01076505,0.01065347,0.01051639,0.0103548,0.01016989,0.009963626,0.009737987,0.009496143,0.009241096,0.008977514,0.0087097,0.008444281,0.00818726,0.007947625,0.007733246,0.007555377,0.007423151,0.007348692,0.0073402,0.007407611,0.007555018,0.007787181,0.008102476,0.008500082,0.008973871,0.009518992,0.01012653,0.01078832,0.01149256,0.01222631,0.01297282,0.01371167,0.01441891,0.01506469,0.01561822,0.01604168,0.01630347,0.01636625,0.01620782,0.01580967,0.01517683,0.01432463,0.01331152,0.01219187,0.01101849,0.009884631
0.008753744,0.007891855,0.007197789,0.006690531,0.006393875,0.006290503,0.006358267,0.006541308,0.006797151,0.007085656,0.007383026,0.007672681,0.00795056,0.008213162,0.008463383,0.008701468,0.008930301,0.009149779,0.00936102,0.009562857,0.009754937,0.009935442,0.01010321,0.01025627,0.01039319,0.01051219,0.01061187,0.01069071,0.01074755,0.01078125,0.01079097,0.01077599,0.01073587,0.01067032,0.01057951,0.01046364,0.01032355,0.01016003,0.009974807,0.009769399,0.009546597,0.009308818,0.009060171,0.008804226,0.008546797,0.008292924,0.008050487,0.00782625,0.007630273,0.007470791,0.00735923,0.007303814,0.007315008,0.007398233,0.007559913,0.007800371,0.00812054,0.008515805,0.008982548,0.009512942,0.01010009,0.01073368,0.01140312,0.01209453,0.01279173,0.01347531,0.0141215,0.01470475,0.01519373,0.01556002,0.01576915,0.01579803,0.01562152,0.01523286,0.01463182,0.01384657,0.01290196,0.01185832,0.01078948,0.009729728
0.008629705,0.007833626,0.007181117,0.006712011,0.006429882,0.006334447,0.006387263,0.006556229,0.006794722,0.007070012,0.007355525,0.00763865,0.007910036,0.008169156,0.008414445,0.008648425,0.00887114,0.009084358,0.00928754,0.009480982,0.009663403,0.009834028,0.009991239,0.01013372,0.01025987,0.01036824,0.01045744,0.01052615,0.01057332,0.01059786,0.0105991,0.01057632,0.01052929,0.01045777,0.01036202,0.01024236,0.01009964,0.009934977,0.009749852,0.009546317,0.009326693,0.009094204,0.008852201,0.008605367,0.008358342,0.008117636,0.007889437,0.007682282,0.007503835,0.00736426,0.007271776,0.00723653,0.007265044,0.007364684,0.007537721,0.007786633,0.008108623,0.008501422,0.008958419,0.009473906,0.01003874,0.01064416,0.01127828,0.01192813,0.01257764,0.0132079,0.01379757,0.01432116,0.01475353,0.01506475,0.01523179,0.01522739,0.01503875,0.01465501,0.01408519,0.01334242,0.01247406,0.0115188,0.01051713,0.009544169
0.008473591,0.007730204,0.00713058,0.006690681,0.006430424,0.006335131,0.006388067,0.006544462,0.006770804,0.00703282,0.007309172,0.007583277,0.007849363,0.008102228,0.008342919,0.008570572,0.00878724,0.008992591,0.009187681,0.009371606,0.009544279,0.009704288,0.009850794,0.009982217,0.01009741,0.0101949,0.01027352,0.01033203,0.01036946,0.01038492,0.01037775,0.01034744,0.01029371,0.01021655,0.01011621,0.00999319,0.009848427,0.00968301,0.009498733,0.009297442,0.00908197,0.008855072,0.00862086,0.008383239,0.00814793,0.00792022,0.00770765,0.007516941,0.007357315,0.007236393,0.007163976,0.007146905,0.007193274,0.007306703,0.007491203,0.007745685,0.008069381,0.008457042,0.008904131,0.009402661,0.009945237,0.01052158,0.01112099,0.01173004,0.01233343,0.01291346,0.01344921,0.01391906,0.0142974,0.01456227,0.01468745,0.01465784,0.01445623,0.01408195,0.01353727,0.01284784,0.01203196,0.01113822,0.01022287,0.009313477
0.0082784,0.007595544,0.007036575,0.006635432,0.006394095,0.006312441,0.006359029,0.006508886,0.00672341,0.006975461,0.00724115,0.007508159,0.007766415,0.00801386,0.00824772,0.008469394,0.008678367,0.008876061,0.00906197,0.009236528,0.009398767,0.009548225,0.009683648,0.009804046,0.009908137,0.009994746,0.01006278,0.01011113,0.01013901,0.0101455,0.01013019,0.01009251,0.01003248,0.009949972,0.009845503,0.009719532,0.009573158,0.009407585,0.009224591,0.009026293,0.008815309,0.00859489,0.008368681,0.008141322,0.007917698,0.007704093,0.007506734,0.007333544,0.007191784,0.007090352,0.007036356,0.007037896,0.007099791,0.007227031,0.007420283,0.007680122,0.00800286,0.008385155,0.008820179,0.009301743,0.009820801,0.01036849,0.01093331,0.01150281,0.01206208,0.0125941,0.01308028,0.01349913,0.01383039,0.0140505,0.01414293,0.01408782,0.01387868,0.01350947,0.01299127,0.0123353,0.01158138,0.01075784,0.00989814,0.009063291
0.008062051,0.007427174,0.006917529,0.006546027,0.006328953,0.006253195,0.006305183,0.006448003,0.006654821,0.006896274,0.007153731,0.007411521,0.00766329,0.007903051,0.008130698,0.008344634,0.008546291,0.008735142,0.008912165,0.009076644,0.009228705,0.009367272,0.009491808,0.009601075,0.009694211,0.009770046,0.009827656,0.009866083,0.009884546,0.009882415,0.009859178,0.009814586,0.0097485,0.009661135,0.009552877,0.009424479,0.009276967,0.009111712,0.008930567,0.008735675,0.008529891,0.008316261,0.00809886,0.007881858,0.007670802,0.007471097,0.007289814,0.007133458,0.007010251,0.006927,0.006891763,0.006909906,0.006987256,0.007125792,0.00732745,0.007590025,0.007911445,0.008286097,0.008708885,0.009171933,0.009667738,0.01018639,0.01071754,0.01124863,0.01176561,0.01225273,0.01269192,0.0130651,0.01335155,0.01353444,0.01359394,0.01352058,0.01330265,0.01294322,0.01244583,0.01183391,0.01112146,0.01034965,0.009561852,0.008781378
0.007817336,0.007237004,0.006765444,0.006431068,0.006234265,0.006174386,0.006224924,0.006365706,0.006564171,0.006797832,0.007045543,0.007295935,0.007539054,0.007772098,0.007991657,0.008198389,0.008391389,0.008571803,0.008739131,0.008893899,0.009035378,0.009163365,0.009276921,0.009375344,0.009457658,0.009522955,0.009570412,0.00959915,0.009608616,0.009598107,0.009567426,0.009516169,0.009444579,0.009352672,0.009241195,0.009110726,0.00896261,0.008798134,0.008619342,0.008428404,0.008228203,0.008021983,0.007813633,0.007607687,0.007409179,0.007224055,0.007058427,0.006919464,0.006813831,0.006749017,0.006730878,0.006765474,0.006856014,0.007005377,0.00721291,0.007477676,0.007795406,0.008162046,0.008570817,0.009015388,0.009487089,0.009977315,0.01047526,0.01096939,0.01144619,0.01189067,0.01228687,0.01261693,0.01286462,0.01301156,0.01304603,0.0129536,0.01273202,0.01237833,0.01190452,0.01132032,0.01066009,0.009944921,0.009204341,0.008488017
0.007559448,0.007022158,0.006595489,0.006289505,0.006117033,0.006065894,0.006124288,0.006261117,0.006454566,0.006679345,0.006919441,0.007160535,0.007396351,0.007620743,0.007832964,0.008031006,0.008215866,0.008386879,0.00854495,0.008689495,0.008820805,0.008938069,0.009041009,0.009128689,0.009200502,0.00925556,0.009293168,0.009312633,0.009313369,0.009294991,0.009257142,0.009199806,0.00912298,0.009027121,0.008912724,0.008780795,0.008632436,0.00846929,0.008293258,0.008106758,0.007912633,0.007714191,0.007515419,0.007320683,0.007135261,0.006964552,0.006815021,0.00669279,0.006604922,0.006557243,0.006555998,0.006605086,0.006708248,0.006866055,0.007078737,0.007343297,0.007656742,0.008013392,0.008407911,0.008832789,0.00928072,0.009742423,0.01020823,0.01066667,0.01110516,0.01150995,0.01186563,0.01215727,0.01236822,0.01248569,0.01249474,0.01238987,0.01216317,0.01182002,0.01136448,0.01081807,0.01019188,0.009522061,0.008842063,0.008172735
0.007281065,0.006792504,0.006400794,0.00612921,0.005976668,0.005941583,0.006001113,0.006138356,0.006325458,0.00654376,0.006774718,0.007008193,0.007234833,0.007451608,0.007654892,0.007844894,0.008020488,0.008182615,0.008330783,0.008465577,0.008586453,0.008693418,0.008785787,0.008863112,0.008924681,0.008969828,0.00899798,0.009008474,0.009000992,0.008975016,0.008930563,0.008867385,0.008785941,0.008686384,0.0085697,0.008436565,0.008288568,0.008127069,0.007954369,0.00777267,0.00758509,0.007394827,0.007205965,0.007022861,0.00685059,0.006694637,0.006560853,0.006455494,0.006384454,0.006353678,0.006367709,0.006430651,0.006544269,0.006709642,0.00692512,0.007188641,0.007495681,0.007841825,0.008220596,0.008625801,0.009049377,0.009483244,0.009917526,0.01034178,0.01074402,0.0111113,0.01143005,0.01168561,0.01186504,0.0119541,0.01194461,0.01182617,0.01159932,0.01126301,0.01082956,0.01030742,0.009726793,0.009103487,0.008464868,0.00785117
0.006994893,0.006544885,0.006193519,0.005948363,0.005818962,0.005793749,0.005861831,0.005996653,0.006180219,0.006390657,0.006614347,0.006838498,0.007057277,0.007264782,0.007459967,0.007640671,0.007807607,0.007960043,0.00809882,0.008223465,0.008334382,0.008430981,0.008513193,0.008580328,0.008632007,0.008667588,0.008686591,0.008688568,0.008673116,0.008640077,0.00858924,0.008520817,0.008434939,0.008332308,0.008213526,0.008079837,0.007932425,0.007773195,0.007604088,0.007427768,0.007247045,0.007065442,0.00688681,0.006715617,0.006556767,0.006415514,0.006297574,0.006208504,0.006154045,0.006138917,0.006167546,0.006242453,0.006365529,0.006536223,0.00675344,0.007013738,0.007313582,0.007647503,0.00801022,0.0083948,0.008794371,0.00920049,0.009604349,0.00999573,0.01036359,0.01069605,0.01098022,0.0112038,0.01135356,0.01141979,0.01139135,0.01126544,0.01103683,0.01071218,0.01029574,0.009807267,0.009255785,0.008673866,0.008086938,0.007514637
0.006693924,0.006287379,0.005967902,0.005754014,0.005643374,0.005633242,0.005703693,0.005840064,0.006018336,0.006223015,0.006437954,0.00665431,0.006863609,0.007062895,0.007248615,0.007420735,0.00757805,0.007721358,0.007850191,0.007965175,0.008065913,0.008152572,0.008224674,0.008281982,0.008324007,0.008350302,0.008360523,0.00835421,0.008331263,0.008291332,0.008234645,0.008161109,0.008071406,0.007965835,0.007845606,0.007711503,0.007565348,0.007408585,0.007243746,0.007073042,0.006899788,0.0067271,0.006559186,0.006400126,0.006254907,0.006128417,0.006026074,0.005953044,0.005914279,0.005914103,0.005955754,0.006041535,0.006171997,0.006346765,0.006563542,0.006819549,0.007110327,0.007431407,0.007776847,0.008140814,0.008516035,0.008895141,0.009269325,0.009629355,0.009964787,0.0102646,0.01051737,0.0107112,0.01083577,0.01088017,0.01083875,0.01070411,0.01047854,0.01016223,0.00976732,0.009301253,0.008790825,0.008247806,0.007698454,0.007174875
0.006388638,0.006016853,0.005733422,0.005543836,0.005454541,0.005454477,0.005533129,0.005667705,0.005843147,0.006040524,0.006248347,0.006455394,0.006656445,0.006846087,0.007023189,0.007185626,0.007333936,0.007467385,0.007586765,0.007691698,0.007782673,0.007859278,0.007921601,0.007969168,0.008001789,0.008019052,0.008020674,0.008006437,0.007976113,0.007929757,0.007867313,0.007789223,0.007695771,0.0075879,0.007466325,0.007332529,0.007187782,0.007034237,0.00687386,0.006709523,0.006543966,0.006380869,0.006223861,0.006077392,0.005945853,0.005834192,0.005747198,0.005689669,0.005665895,0.005679419,0.005732934,0.005827741,0.005964179,0.006140907,0.006355918,0.006605686,0.006886483,0.0071933,0.007521148,0.00786384,0.008215123,0.008567517,0.008913203,0.009243255,0.009548156,0.009817792,0.01004148,0.01020912,0.01031035,0.01033769,0.01028303,0.01014527,0.009921126,0.009617846,0.009239607,0.008804516,0.008320116,0.007816158,0.007311419,0.006825171
0.006072799,0.005739811,0.005485512,0.005324,0.005251974,0.005265431,0.005346937,0.005483359,0.005653981,0.00584591,0.006045202,0.006244271,0.006435651,0.006616612,0.006783875,0.006937291,0.007075687,0.007199763,0.007309109,0.007404367,0.007485269,0.007552101,0.007604564,0.007642591,0.007665903,0.007674257,0.007667524,0.007645445,0.007608125,0.007555392,0.007487687,0.007405097,0.007308536,0.007198456,0.007076286,0.00694293,0.006800435,0.006650311,0.006495284,0.006337537,0.006180526,0.006027212,0.005881805,0.005747978,0.005630464,0.005533387,0.005461528,0.005418798,0.005409085,0.005435104,0.005498881,0.005601162,0.005741578,0.005918706,0.006129986,0.006372309,0.006641569,0.006933506,0.007242879,0.007564399,0.007891701,0.008218251,0.00853637,0.008838069,0.009114373,0.009356038,0.009553507,0.009697224,0.009778906,0.009790339,0.009727545,0.009585464,0.009367324,0.009074098,0.008717437,0.008303951,0.00785745,0.007386619,0.006917136,0.006473932
0.005754795,0.005453445,0.005231209,0.005091951,0.005039186,0.005062395,0.005151113,0.005285855,0.005453813,0.005638674,0.005830797,0.00602051,0.006203242,0.006374222,0.006532349,0.006675675,0.006804627,0.006918544,0.007018171,0.007103237,0.007174286,0.007231064,0.007273796,0.007302205,0.007316283,0.007315842,0.007300798,0.007271159,0.007226874,0.00716822,0.007095321,0.007008865,0.006909305,0.006797816,0.006675231,0.006543263,0.006403259,0.006257579,0.006108168,0.00595804,0.005809804,0.005667179,0.005533442,0.005412853,0.005309133,0.005226717,0.005169292,0.005140731,0.00514383,0.005180993,0.005253364,0.005361276,0.005503903,0.005679495,0.005885561,0.006118814,0.00637563,0.006651651,0.006942359,0.007242428,0.007546337,0.007847632,0.008139536,0.008414378,0.008664094,0.00888014,0.009053768,0.009176664,0.009240783,0.009240305,0.009169441,0.0090281,0.008814401,0.008535655,0.008195908,0.007811575,0.007389202,0.00695606,0.006525379,0.006116601
0.005429558,0.00516278,0.004967216,0.004852848,0.004815723,0.004850549,0.004942143,0.005078401,0.005241577,0.005420905,0.005604466,0.005785821,0.005958567,0.006120265,0.006268041,0.006401708,0.006520229,0.006624238,0.006713419,0.006788431,0.006849139,0.006895932,0.006928687,0.006947509,0.006952333,0.006943124,0.006919977,0.006882836,0.006832017,0.006767551,0.00669011,0.006599981,0.006498301,0.006385673,0.006263727,0.006133474,0.005997141,0.005856259,0.005713665,0.005571446,0.005433084,0.005301265,0.005180019,0.005072456,0.004982854,0.004914398,0.004871044,0.004855371,0.004870177,0.004916718,0.004996012,0.0051076,0.005250568,0.005422888,0.005622095,0.005845092,0.006088333,0.00634797,0.006619572,0.006898505,0.007179363,0.007456501,0.007723359,0.007973144,0.008198232,0.008390964,0.008543348,0.008647785,0.008697536,0.008686529,0.008611838,0.008470211,0.008265194,0.007998312,0.007680416,0.007317507,0.006930595,0.006526094,0.00612925,0.005758635
0.005103437,0.004865602,0.004698297,0.004604167,0.00458397,0.004627818,0.004725113,0.00485938,0.005019512,0.005191584,0.00536753,0.005539167,0.005702557,0.005853658,0.005991464,0.006114315,0.006222586,0.006315758,0.006394553,0.006458841,0.006509223,0.006545625,0.006568412,0.006577524,0.006573148,0.006555334,0.006524204,0.006479996,0.006422856,0.006353295,0.006271637,0.006178807,0.006075419,0.005962839,0.005842008,0.005714806,0.005582615,0.005447898,0.005312507,0.005179476,0.00505117,0.004931161,0.004822222,0.004728216,0.004652036,0.004597407,0.004566817,0.00456315,0.004587817,0.004642241,0.004726348,0.004839844,0.00498119,0.005148606,0.005339501,0.005551063,0.005779996,0.006022702,0.006275252,0.006533221,0.006791871,0.007045763,0.007289137,0.007515495,0.007718094,0.007889741,0.008023339,0.008111982,0.008149502,0.008131196,0.008053118,0.007915581,0.007717805,0.007466712,0.007166242,0.006831039,0.006467077,0.006099216,0.005736164,0.005397768
0.00477286,0.004565528,0.004422508,0.004349948,0.004343531,0.00439671,0.004496389,0.004631143,0.004785982,0.004951847,0.005118699,0.005281114,0.005433774,0.005574554,0.005701094,0.005813228,0.005910159,0.005992494,0.006060085,0.006113628,0.006153167,0.006179209,0.006191845,0.006191367,0.006177947,0.006151768,0.006113152,0.006062251,0.0059996,0.005925443,0.00584067,0.005745749,0.005641992,0.005530115,0.005411882,0.005288359,0.005161841,0.005033793,0.00490703,0.004783439,0.004666343,0.004558003,0.004462064,0.004380926,0.004318219,0.004276094,0.004257584,0.004264016,0.004297226,0.004357304,0.004444575,0.004557821,0.004695959,0.004856781,0.005038178,0.005237314,0.005451331,0.005676907,0.005910455,0.006148044,0.006385206,0.006617172,0.00683843,0.007043294,0.00722533,0.007378251,0.007495343,0.007570611,0.007598442,0.007574447,0.007496262,0.00736205,0.007175194,0.006937644,0.006659189,0.006345457,0.006014702,0.005671835,0.005341517,0.005036794
0.004442227,0.004261228,0.004142577,0.00408802,0.004095766,0.00415664,0.004259849,0.004391697,0.004542352,0.004700113,0.004858251,0.005010014,0.005152069,0.00528117,0.005396464,0.005496692,0.005582241,0.005652826,0.005709197,0.005751428,0.005780213,0.005795704,0.005798428,0.005788572,0.005766525,0.005732577,0.005687049,0.005630399,0.005562966,0.005485473,0.005398421,0.0053029,0.005199631,0.005090093,0.004975263,0.004857081,0.00473686,0.004617022,0.004499222,0.004386339,0.004280352,0.004184485,0.004100869,0.00403279,0.003982228,0.003952089,0.003943721,0.003959105,0.003998547,0.004062763,0.004150894,0.004262384,0.004395422,0.004548483,0.004719158,0.004905236,0.005103892,0.005312306,0.005527184,0.00574497,0.0059617,0.00617288,0.006373701,0.006558712,0.006722335,0.006858513,0.006961523,0.007025539,0.007045884,0.007018556,0.006941052,0.006813643,0.006636433,0.006415596,0.006155047,0.005867541,0.005558883,0.005251399,0.004950319,0.004675833
0.004109777,0.003955089,0.003858079,0.003821386,0.003840537,0.003907855,0.004012184,0.004142588,0.004286675,0.004436765,0.004584594,0.004725657,0.004855735,0.004973061,0.005075885,0.005164141,0.005237375,0.005296241,0.005340842,0.005371953,0.005389862,0.005395215,0.005388347,0.005369741,0.005339803,0.005298911,0.005247586,0.005186168,0.005115371,0.005035613,0.004947923,0.004852881,0.004751865,0.004645633,0.004535962,0.00442387,0.004311568,0.004200349,0.004092836,0.003990592,0.003896589,0.003812537,0.00374153,0.003685188,0.003646389,0.003626295,0.003627078,0.003649065,0.00369337,0.00375933,0.003846917,0.003954599,0.004081423,0.004225302,0.004384628,0.00455698,0.0047402,0.00493154,0.005128216,0.005326985,0.005524247,0.005716051,0.005897829,0.006064883,0.006211807,0.006333475,0.006424203,0.006479283,0.006493898,0.006464964,0.006390308,0.006269205,0.006104504,0.005898527,0.005659761,0.005393691,0.005115791,0.004830184,0.004560561,0.004315363
0.003778242,0.003647025,0.003570164,0.003548698,0.003578575,0.003651391,0.003756249,0.003882031,0.004019908,0.004160315,0.004297688,0.004426674,0.004544556,0.004648947,0.004739229,0.004814646,0.004875674,0.004922361,0.004955534,0.004975537,0.004983181,0.004978867,0.004963282,0.004936843,0.004900107,0.004853556,0.004797667,0.004733056,0.004660204,0.004579955,0.0044929,0.004400182,0.004302537,0.004201425,0.004097769,0.003993407,0.003889484,0.003788217,0.003690958,0.003600251,0.00351759,0.003445687,0.003385988,0.003341105,0.003312154,0.003301257,0.003308852,0.003336226,0.003382962,0.003449386,0.003534282,0.003637125,0.003756162,0.003890268,0.004037386,0.004195923,0.004363569,0.004538234,0.004717242,0.004897824,0.005076736,0.005250337,0.005414672,0.00556521,0.005697384,0.005806081,0.005886708,0.005934269,0.005945243,0.005916046,0.005845263,0.005732834,0.005579565,0.00539062,0.005169963,0.004928352,0.004671741,0.004419717,0.00417507,0.003957971
0.003447968,0.003338597,0.003280194,0.003272317,0.003310469,0.003386115,0.003489906,0.003611418,0.003740746,0.003871394,0.003996817,0.0041134,0.00421804,0.004309397,0.004386409,0.004449191,0.004497716,0.004532745,0.004554682,0.00456441,0.004562461,0.004549614,0.004526414,0.004493487,0.004451402,0.00440067,0.00434193,0.004275637,0.004202584,0.004123272,0.004038744,0.00394959,0.003857122,0.003762049,0.003666011,0.003569881,0.003475633,0.003384298,0.003298154,0.003218357,0.003147383,0.003086366,0.003037762,0.003002477,0.002982648,0.002978663,0.002992004,0.003022355,0.003070388,0.003135092,0.003216368,0.003312701,0.003423422,0.003546749,0.003681587,0.003825986,0.003978425,0.004136719,0.004298787,0.004462027,0.004623605,0.004780313,0.004928415,0.005064087,0.005182804,0.005280423,0.005352099,0.005394148,0.005402328,0.005374536,0.005308573,0.005204546,0.005064549,0.004891203,0.004691537,0.004471043,0.004242388,0.004009497,0.003794549,0.00360238
0.003120543,0.003031327,0.002988443,0.002992303,0.003037042,0.003115086,0.003215737,0.00333028,0.003450839,0.003569928,0.003683083,0.003786327,0.003877605,0.003955423,0.004019469,0.004069544,0.004106269,0.00413005,0.004141811,0.00414215,0.00413197,0.00411187,0.004082629,0.004044812,0.003999058,0.003945942,0.003886008,0.003819924,0.003748213,0.003671716,0.003591011,0.003507157,0.003420818,0.003333303,0.003245393,0.003158687,0.003074087,0.002993472,0.002917835,0.002849265,0.002788756,0.002738441,0.002699152,0.002672839,0.002659942,0.002661943,0.002678696,0.002711035,0.002758202,0.002820381,0.002896328,0.002985707,0.003087008,0.003199528,0.003321622,0.003452245,0.003589593,0.003732192,0.00387794,0.004024742,0.004170009,0.004310844,0.00444406,0.004565928,0.004672757,0.004760243,0.004824722,0.004861869,0.004869049,0.004842939,0.004782914,0.004688439,0.004560845,0.004404138,0.00422235,0.004024181,0.003815904,0.003614156,0.003420224,0.003253648
0.002798561,0.002726493,0.002698282,0.00271098,0.002760186,0.002836992,0.002933774,0.003040879,0.00315079,0.003258148,0.003358084,0.003447879,0.003525531,0.003590176,0.003641442,0.00367967,0.003705248,0.003719043,0.003721721,0.003714228,0.003697268,0.00367167,0.003638088,0.003597189,0.003549598,0.003495853,0.003436599,0.003372307,0.003303729,0.003231348,0.003156091,0.003078477,0.002999638,0.002920157,0.00284142,0.0027641,0.002689821,0.002619322,0.002554437,0.002495921,0.002445696,0.002404401,0.00237387,0.002354461,0.002347695,0.002353464,0.00237278,0.002405022,0.002450647,0.002508605,0.002578874,0.002660149,0.00275207,0.002853222,0.002962962,0.00307979,0.003202712,0.003330052,0.003460316,0.003591474,0.003721349,0.003847401,0.003966627,0.004075971,0.004171688,0.004250471,0.004308201,0.004342013,0.004348133,0.004325178,0.004270846,0.004185828,0.004071379,0.003930317,0.00376815,0.003590401,0.003406968,0.003221936,0.003055378,0.002909486
0.002483028,0.002427359,0.002409812,0.002430215,0.002481558,0.002557222,0.002647212,0.002745068,0.002843992,0.002938507,0.003025236,0.003101509,0.003165954,0.003217903,0.003257374,0.003284657,0.003300503,0.003305594,0.003300893,0.003287148,0.003265263,0.003235915,0.00319987,0.003157714,0.003110063,0.003057471,0.003000453,0.002939612,0.002875427,0.002808618,0.002739677,0.00266948,0.002598561,0.002527986,0.002458348,0.002390926,0.002326362,0.002266128,0.002210879,0.002162205,0.002120683,0.002087889,0.002064195,0.002050987,0.002048281,0.002057097,0.002077009,0.002108598,0.002151046,0.002204533,0.00226798,0.002341263,0.002423193,0.002513418,0.002610693,0.00271441,0.002823213,0.00293612,0.003051534,0.00316792,0.003283272,0.00339534,0.003501616,0.003599089,0.003684837,0.003755281,0.00380754,0.003837884,0.003844368,0.003823887,0.003776364,0.003700794,0.003598843,0.003473354,0.003328345,0.003170498,0.003006356,0.002849483,0.002700355,0.00257715
0.002178503,0.002135284,0.002128256,0.002152727,0.00220459,0.002275227,0.002358726,0.002446604,0.002533584,0.002615471,0.002688956,0.002752198,0.002804166,0.002844456,0.002873265,0.002891107,0.002898668,0.00289684,0.00288642,0.002868317,0.00284327,0.002812051,0.002775291,0.002733599,0.002687534,0.002637577,0.002584277,0.002528042,0.002469489,0.002409015,0.002347355,0.002284914,0.002222572,0.002160766,0.002100564,0.002042432,0.001987611,0.001936571,0.001890685,0.001850377,0.001817055,0.001790992,0.001773498,0.001764588,0.001765321,0.001775358,0.001795413,0.001824812,0.001863925,0.001911837,0.001968643,0.002033316,0.002105752,0.002184892,0.00227043,0.002361266,0.002456805,0.002555806,0.002657243,0.002759586,0.002861212,0.002960173,0.003054113,0.00314066,0.00321678,0.003279892,0.003326554,0.003354577,0.003360635,0.003343874,0.003301937,0.003235873,0.003146163,0.003035679,0.002908453,0.002769925,0.002627361,0.002485063,0.002360484,0.002253955
0.001885665,0.001854873,0.00185386,0.001882007,0.001931994,0.001998362,0.002072393,0.002149703,0.002224747,0.002293887,0.00235478,0.002405881,0.002446436,0.00247642,0.002496097,0.00250608,0.00250715,0.002500105,0.002485838,0.002465099,0.002438687,0.002407226,0.00237137,0.002331619,0.002288492,0.002242427,0.002193853,0.002143231,0.002090947,0.002037538,0.00198338,0.001929124,0.00187516,0.001822277,0.001770888,0.00172193,0.00167582,0.001633627,0.001595733,0.001563274,0.001536526,0.001516597,0.001503569,0.001498405,0.001500909,0.001511796,0.001530575,0.001557695,0.001592433,0.001635012,0.001684581,0.001741193,0.001803962,0.001872795,0.001946788,0.002025646,0.002108388,0.002194406,0.002282527,0.002371672,0.002460341,0.002546842,0.002629271,0.002705267,0.00277259,0.002828339,0.002870316,0.002895372,0.002902119,0.002887717,0.002852449,0.002794965,0.002717081,0.00262058,0.00250933,0.002388116,0.002263508,0.002146007,0.002035663,0.001948585
0.001610158,0.001587457,0.00159292,0.001621029,0.001668249,0.001726951,0.001792914,0.001859182,0.001922455,0.001979673,0.002028854,0.002068916,0.002099557,0.002120719,0.002132942,0.002136804,0.002133094,0.002122618,0.002106145,0.002084443,0.002058159,0.002027923,0.001994246,0.001957613,0.001918446,0.001877122,0.00183404,0.001789512,0.001743977,0.001697732,0.001651293,0.00160495,0.001559325,0.001514715,0.001471875,0.001431102,0.001393269,0.001358642,0.001328182,0.001302085,0.001281326,0.001265959,0.001256887,0.001253957,0.001257909,0.00126835,0.001285809,0.001309692,0.001340336,0.001377023,0.001419938,0.001468323,0.001522246,0.00158095,0.001644355,0.001711683,0.001782624,0.00185629,0.001932017,0.002008697,0.002085168,0.002159995,0.002231398,0.002297609,0.002356254,0.0024054,0.002442257,0.002465222,0.002471447,0.002460483,0.002430032,0.00238133,0.002314241,0.002231527,0.002135892,0.002032476,0.001926146,0.001821236,0.001732214,0.001658119
0.001352109,0.00133801,0.00134558,0.001374024,0.00141656,0.001469077,0.001524563,0.001580437,0.001632474,0.001678567,0.001717247,0.001747814,0.001769964,0.001784057,0.001790463,0.001789899,0.001783062,0.001770697,0.001753531,0.001732196,0.001707315,0.001679371,0.00164886,0.001616142,0.001581601,0.001545535,0.001508262,0.001470083,0.001431281,0.001392208,0.001353131,0.00131448,0.001276523,0.001239789,0.001204545,0.00117142,0.001140665,0.001112998,0.001088616,0.001068282,0.001052089,0.001040783,0.001034303,0.001033304,0.001037531,0.001047498,0.001062765,0.001083699,0.001109735,0.001141122,0.001177236,0.001218235,0.00126349,0.001313064,0.001366326,0.001423182,0.00148295,0.001545287,0.001609368,0.001674472,0.001739528,0.001803321,0.001864472,0.001921208,0.001971894,0.002014274,0.002046755,0.002066781,0.002073427,0.002064212,0.002039644,0.001998204,0.001941704,0.001871049,0.001789781,0.001701002,0.001610937,0.001527179,0.001449496,0.001391396
0.00111699,0.001107309,0.001117976,0.001143542,0.001181331,0.001225213,0.001272534,0.001318006,0.001359903,0.001396159,0.001425783,0.00144824,0.001463663,0.001472175,0.001474423,0.001470921,0.001462394,0.00144947,0.001432777,0.001412887,0.001390283,0.001365422,0.001338656,0.001310328,0.001280713,0.001250075,0.001218662,0.001186693,0.001154442,0.001122111,0.001090025,0.001058377,0.001027564,0.0009977743,0.0009694982,0.0009429062,0.00091857,0.0008966179,0.0008776819,0.0008618226,0.0008496829,0.0008412112,0.0008370102,0.0008368833,0.0008413445,0.0008500426,0.0008633831,0.0008809001,0.0009029002,0.0009288567,0.0009589979,0.0009927907,0.001030391,0.001071277,0.001115499,0.001162525,0.00121223,0.001264006,0.001317454,0.001371807,0.00142628,0.001479872,0.001531304,0.001579335,0.001622195,0.001658523,0.001686166,0.00170403,0.001709797,0.001703324,0.001682522,0.001648668,0.001601219,0.001542676,0.001474624,0.001401653,0.00132656,0.001253381,0.001193468,0.001144986
0.0009039165,0.0008995509,0.0009095772,0.0009333384,0.0009652368,0.001002542,0.001040094,0.001076708,0.001109383,0.001137126,0.001159109,0.001175153,0.001185208,0.001189765,0.001189168,0.001184066,0.001174988,0.00116252,0.001147184,0.001129434,0.001109703,0.001088311,0.001065596,0.001041776,0.001017114,0.0009917732,0.0009659763,0.0009398866,0.0009137,0.0008876128,0.0008618065,0.0008365333,0.000811967,0.000788426,0.0007660734,0.0007452967,0.0007262341,0.0007093332,0.000694679,0.0006827539,0.0006735603,0.0006675791,0.0006647012,0.000665365,0.0006693361,0.0006769852,0.0006879682,0.0007025864,0.0007204281,0.0007417393,0.0007660846,0.0007936609,0.000824039,0.000857353,0.0008931769,0.0009315317,0.0009719598,0.001014295,0.001057986,0.001102582,0.001147364,0.001191509,0.001234083,0.001273828,0.001309635,0.001339846,0.001363396,0.001378322,0.001384093,0.001378664,0.001362664,0.001334595,0.001296132,0.001247524,0.001191822,0.001130726,0.001069729,0.001013824,0.0009625405,0.0009265171
0.0007170662,0.0007144031,0.0007251917,0.0007447583,0.0007714148,0.0008007133,0.0008312892,0.0008594056,0.0008844325,0.0009050686,0.0009209444,0.0009318503,0.0009380913,0.0009398246,0.00093763,0.0009318835,0.0009231421,0.0009118344,0.0008983994,0.0008832142,0.0008665914,0.0008488276,0.0008301276,0.0008107174,0.000790742,0.0007703776,0.0007497506,0.0007290062,0.0007082874,0.0006877291,0.0006675083,0.0006477493,0.0006286759,0.0006104026,0.0005932173,0.0005772111,0.0005627287,0.0005498193,0.0005388724,0.0005298809,0.0005232506,0.0005188928,0.0005172014,0.0005179928,0.0005216238,0.0005278172,0.000536883,0.0005484804,0.0005628752,0.0005796978,0.0005991758,0.0006209437,0.0006451855,0.0006715486,0.0007001432,0.0007306148,0.0007629488,0.0007967437,0.0008317867,0.000867579,0.0009036261,0.0009392804,0.0009736802,0.001006024,0.001035076,0.001059964,0.001079127,0.001091907,0.001096527,0.001093083,0.001079799,0.001057895,0.001026618,0.0009880882,0.0009430209,0.0008952426,0.0008458982,0.0007983981,0.0007611333,0.0007317278
0.0005542772,0.0005544626,0.0005631746,0.000580103,0.0006011251,0.0006247208,0.0006474216,0.0006689624,0.000687346,0.0007022677,0.0007132979,0.0007205058,0.0007239305,0.0007240212,0.000721022,0.0007154221,0.0007075633,0.0006978432,0.000686591,0.0006740883,0.0006606039,0.0006463194,0.0006314453,0.0006160882,0.0006004162,0.0005844982,0.0005684808,0.0005524305,0.0005364789,0.0005207134,0.0005052541,0.0004902258,0.0004757386,0.0004619605,0.0004489874,0.0004370336,0.0004261704,0.0004166539,0.0004085113,0.0004020284,0.0003971724,0.0003942396,0.0003931229,0.0003941082,0.0003970112,0.0004020947,0.0004091107,0.0004182957,0.0004293665,0.0004425369,0.0004575143,0.0004744877,0.0004931716,0.0005137153,0.0005358388,0.000559614,0.0005847459,0.0006111769,0.0006385577,0.0006666353,0.0006949597,0.0007230179,0.00075023,0.0007757706,0.0007989575,0.0008186609,0.0008342504,0.000844326,0.0008486623,0.0008456971,0.0008360864,0.0008185093,0.0007943944,0.000763569,0.0007284707,0.0006897404,0.000651836,0.0006176134,0.0005864344,0.00056609
0.000417849,0.0004180743,0.000426335,0.0004390862,0.0004555479,0.0004728022,0.0004903986,0.000505857,0.000519185,0.0005296032,0.0005370588,0.0005414889,0.0005431987,0.0005422971,0.0005392146,0.0005341748,0.000527548,0.0005195845,0.0005105516,0.0005006691,0.0004901102,0.0004790503,0.0004675866,0.0004558577,0.0004439213,0.0004318897,0.0004198089,0.0004077729,0.0003958389,0.0003840944,0.0003726185,0.0003614891,0.0003508144,0.0003406612,0.0003311809,0.0003224173,0.0003145613,0.000307621,0.0003018226,0.0002971315,0.0002937935,0.0002917187,0.0002911585,0.0002919637,0.0002943787,0.000298199,0.0003036559,0.0003105096,0.0003189761,0.0003288013,0.0003401844,0.0003528771,0.0003670526,0.0003824744,0.0003992663,0.0004171965,0.0004363051,0.0004563385,0.0004772048,0.0004986013,0.0005202472,0.0005417614,0.0005626117,0.0005823385,0.0006001455,0.000615547,0.0006274982,0.0006356857,0.0006388423,0.0006372212,0.0006294178,0.0006165175,0.0005977189,0.0005746977,0.0005475554,0.0005192482,0.000489745,0.0004616374,0.0004407571,0.0004245044
0.0003044819,0.0003059904,0.0003118707,0.0003221674,0.0003341841,0.0003472752,0.0003593225,0.0003705274,0.0003796437,0.0003867057,0.0003914961,0.0003941499,0.0003947068,0.0003934938,0.0003906431,0.0003864702,0.0003811605,0.0003749472,0.0003680111,0.000360502,0.0003525699,0.0003442989,0.0003358103,0.0003271408,0.0003183925,0.0003095783,0.000300792,0.0002920439,0.0002834202,0.0002749437,0.0002666925,0.0002587129,0.0002510733,0.000243847,0.0002370891,0.0002309028,0.0002253229,0.0002204812,0.0002163805,0.0002131769,0.0002108328,0.0002095201,0.0002091546,0.0002099137,0.0002116679,0.0002145933,0.0002185241,0.0002236314,0.0002297305,0.0002369858,0.0002452086,0.0002545513,0.0002648308,0.0002761761,0.0002884098,0.0003016124,0.0003156027,0.0003303799,0.0003457388,0.0003615555,0.0003775756,0.0003935115,0.000409044,0.0004236831,0.0004370643,0.0004484895,0.0004576487,0.0004636331,0.0004664227,0.0004649273,0.0004597426,0.0004498262,0.0004362877,0.0004187497,0.0003989855,0.0003769622,0.0003559507,0.0003372598,0.0003202071,0.0003100164
0.000214616,0.0002154356,0.0002205385,0.0002275175,0.0002362529,0.0002450068,0.0002538575,0.0002612384,0.0002674427,0.0002720105,0.0002750065,0.0002764107,0.0002764516,0.0002751697,0.0002728402,0.0002695642,0.0002655558,0.0002609371,0.000255848,0.0002504012,0.0002446759,0.0002387673,0.000232707,0.0002265767,0.0002203847,0.0002142016,0.000208029,0.0002019278,0.0001959072,0.0001900237,0.0001843001,0.0001787845,0.0001735176,0.0001685371,0.0001639119,0.0001596599,0.0001558775,0.0001525553,0.0001498166,0.0001476215,0.0001461132,0.0001452152,0.0001450845,0.0001456081,0.0001469496,0.000148964,0.000151817,0.0001553436,0.0001597075,0.0001647357,0.0001705859,0.0001770897,0.0001843895,0.0001923268,0.0002010127,0.0002102975,0.0002202402,0.000230687,0.000241616,0.0002528582,0.0002642764,0.0002756736,0.0002867556,0.0002973016,0.0003068481,0.0003151831,0.0003216669,0.0003262261,0.0003280232,0.0003273895,0.0003232861,0.0003166149,0.0003066365,0.0002945824,0.0002801866,0.0002655585,0.0002499796,0.0002352206,0.0002250856,0.0002170659
0.0001442758,0.0001455744,0.0001487178,0.0001539535,0.0001597407,0.0001659314,0.0001713676,0.0001763772,0.0001802444,0.0001831055,0.0001848474,0.0001855818,0.0001853227,0.0001842659,0.0001824614,0.0001800827,0.0001772102,0.0001739605,0.000170418,0.0001666489,0.0001627269,0.0001586811,0.0001545755,0.0001504128,0.000146251,0.0001420793,0.0001379542,0.0001338631,0.0001298591,0.0001259361,0.000122142,0.0001184842,0.0001150033,0.000111722,0.0001086707,0.0001058901,0.0001033964,0.0001012488,9.944257e-05,9.805435e-05,9.705501e-05,9.653563e-05,9.643996e-05,9.68692e-05,9.774166e-05,9.916499e-05,0.0001010375,0.0001034695,0.0001063493,0.0001097869,0.0001136686,0.0001180991,0.0001229682,0.0001283682,0.0001341938,0.00014051,0.0001472139,0.0001543252,0.0001617349,0.0001693947,0.0001771785,0.0001849474,0.0001925527,0.0001997404,0.0002063521,0.0002120091,0.0002166018,0.000219609,0.0002211094,0.0002204279,0.0002180267,0.0002131856,0.0002066635,0.0001980648,0.0001885269,0.0001777202,0.0001677544,0.0001590171,0.0001509106,0.0001465654
9.246784e-05,9.299586e-05,9.553148e-05,9.859996e-05,0.0001024313,0.0001060805,0.0001098381,0.0001127585,0.0001151919,0.0001168629,0.0001178528,0.0001181435,0.0001178759,0.0001170409,0.0001157923,0.000114155,0.0001122368,0.0001100831,0.0001077551,0.0001053024,0.0001027515,0.0001001503,9.749881e-05,9.484351e-05,9.217176e-05,8.95276e-05,8.689461e-05,8.431209e-05,8.176846e-05,7.930005e-05,7.690329e-05,7.460767e-05,7.242049e-05,7.036255e-05,6.845871e-05,6.671507e-05,6.517472e-05,6.382414e-05,6.272629e-05,6.18469e-05,6.126566e-05,6.092509e-05,6.09192e-05,6.116842e-05,6.177744e-05,6.264767e-05,6.389096e-05,6.539703e-05,6.728056e-05,6.942637e-05,7.194757e-05,7.473207e-05,7.788459e-05,8.130027e-05,8.506564e-05,8.908541e-05,9.34162e-05,9.79683e-05,0.0001027531,0.0001076846,0.0001127108,0.0001177465,0.0001226512,0.0001273478,0.0001315973,0.00013535,0.0001382528,0.0001403628,0.0001411703,0.0001410038,0.0001391508,0.0001362992,0.000131844,0.0001266219,0.0001202187,0.0001140194,0.0001070698,0.0001004633,9.649933e-05,9.306554e-05
5.512885e-05,5.582485e-05,5.709593e-05,5.920742e-05,6.141813e-05,6.377459e-05,6.57304e-05,6.755019e-05,6.887203e-05,6.981203e-05,7.031135e-05,7.043435e-05,7.017619e-05,6.963225e-05,6.880997e-05,6.778768e-05,6.659018e-05,6.526502e-05,6.384378e-05,6.234876e-05,6.081099e-05,5.923517e-05,5.765125e-05,5.605158e-05,5.446567e-05,5.287943e-05,5.132296e-05,4.978125e-05,4.8283e-05,4.681621e-05,4.540665e-05,4.404888e-05,4.276422e-05,4.155497e-05,4.043604e-05,3.941926e-05,3.851108e-05,3.773375e-05,3.708213e-05,3.658898e-05,3.623619e-05,3.60663e-05,3.604728e-05,3.622979e-05,3.656906e-05,3.712203e-05,3.783395e-05,3.876542e-05,3.98566e-05,4.116951e-05,4.264305e-05,4.433732e-05,4.619318e-05,4.826486e-05,5.049673e-05,5.293e-05,5.551278e-05,5.8265e-05,6.113646e-05,6.411523e-05,6.71497e-05,7.018566e-05,7.316966e-05,7.599267e-05,7.860669e-05,8.084007e-05,8.26797e-05,8.387363e-05,8.451391e-05,8.424564e-05,8.336427e-05,8.145135e-05,7.894285e-05,7.554476e-05,7.18695e-05,6.757757e-05,6.381351e-05,6.056598e-05,5.740462e-05,5.594509e-05
3.043922e-05,3.059789e-05,3.156428e-05,3.253621e-05,3.381792e-05,3.494464e-05,3.620325e-05,3.706706e-05,3.7814e-05,3.828243e-05,3.853295e-05,3.854435e-05,3.838988e-05,3.804179e-05,3.757479e-05,3.6981e-05,3.630651e-05,3.556092e-05,3.476491e-05,3.393674e-05,3.30797e-05,3.221612e-05,3.133613e-05,3.046517e-05,2.958712e-05,2.87282e-05,2.787019e-05,2.703747e-05,2.621442e-05,2.542346e-05,2.465341e-05,2.392184e-05,2.322375e-05,2.257063e-05,2.196757e-05,2.141639e-05,2.093324e-05,2.05076e-05,2.016845e-05,1.989243e-05,1.972025e-05,1.961482e-05,1.962783e-05,1.970942e-05,1.992037e-05,2.019997e-05,2.061574e-05,2.110022e-05,2.172427e-05,2.241738e-05,2.325056e-05,2.415494e-05,2.519735e-05,2.631358e-05,2.756095e-05,2.888299e-05,3.032161e-05,3.182821e-05,3.342218e-05,3.506475e-05,3.674432e-05,3.843326e-05,4.007635e-05,4.166386e-05,4.308991e-05,4.437397e-05,4.534393e-05,4.609261e-05,4.634173e-05,4.63474e-05,4.567395e-05,4.477933e-05,4.324067e-05,4.156482e-05,3.937185e-05,3.747378e-05,3.504496e-05,3.268861e-05,3.164168e-05,3.042303e-05
1.480244e-05,1.504589e-05,1.538226e-05,1.598227e-05,1.656784e-05,1.720619e-05,1.769107e-05,1.816667e-05,1.848498e-05,1.870703e-05,1.880651e-05,1.880949e-05,1.870731e-05,1.853519e-05,1.828788e-05,1.799232e-05,1.765172e-05,1.728044e-05,1.68867e-05,1.647524e-05,1.605611e-05,1.562761e-05,1.5201e-05,1.477002e-05,1.434672e-05,1.392247e-05,1.350998e-05,1.310031e-05,1.270564e-05,1.231811e-05,1.19486e-05,1.159179e-05,1.12565e-05,1.094053e-05,1.064959e-05,1.038555e-05,1.015021e-05,9.950115e-06,9.781932e-06,9.657104e-06,9.566778e-06,9.527222e-06,9.523822e-06,9.577135e-06,9.667348e-06,9.818539e-06,1.000681e-05,1.025847e-05,1.054747e-05,1.090118e-05,1.129293e-05,1.174954e-05,1.224521e-05,1.280454e-05,1.340366e-05,1.406226e-05,1.475913e-05,1.550616e-05,1.628495e-05,1.709584e-05,1.792307e-05,1.875178e-05,1.956994e-05,2.034244e-05,2.106428e-05,2.167606e-05,2.219134e-05,2.251572e-05,2.270913e-05,2.262533e-05,2.240918e-05,2.187114e-05,2.120556e-05,2.025548e-05,1.927585e-05,1.80571e-05,1.708315e-05,1.626478e-05,1.536021e-05,1.503952e-05
6.206605e-06,6.196598e-06,6.448536e-06,6.6086e-06,6.881075e-06,7.075194e-06,7.364328e-06,7.508069e-06,7.660364e-06,7.74153e-06,7.783503e-06,7.770641e-06,7.733172e-06,7.649416e-06,7.548778e-06,7.419473e-06,7.277269e-06,7.120967e-06,6.955138e-06,6.785011e-06,6.608022e-06,6.433162e-06,6.2525e-06,6.077807e-06,5.898535e-06,5.727625e-06,5.553488e-06,5.388544e-06,5.222303e-06,5.066171e-06,4.91167e-06,4.767615e-06,4.628436e-06,4.499705e-06,4.380569e-06,4.271699e-06,4.177597e-06,4.092836e-06,4.028364e-06,3.972406e-06,3.942113e-06,3.919052e-06,3.926412e-06,3.939643e-06,3.987129e-06,4.039121e-06,4.128003e-06,4.220722e-06,4.351772e-06,4.486518e-06,4.659861e-06,4.837842e-06,5.053648e-06,5.275666e-06,5.533032e-06,5.798519e-06,6.094777e-06,6.399965e-06,6.727548e-06,7.063087e-06,7.407719e-06,7.756124e-06,8.09198e-06,8.423278e-06,8.712492e-06,8.986422e-06,9.176685e-06,9.348921e-06,9.379582e-06,9.412747e-06,9.237135e-06,9.088025e-06,8.741047e-06,8.440632e-06,7.956187e-06,7.669644e-06,7.095484e-06,6.50595e-06,6.434338e-06,6.105697e-06
1.952721e-06,1.998127e-06,2.034143e-06,2.12267e-06,2.196995e-06,2.286583e-06,2.340476e-06,2.405753e-06,2.442653e-06,2.469803e-06,2.479459e-06,2.477899e-06,2.46084e-06,2.436439e-06,2.401058e-06,2.360456e-06,2.313695e-06,2.263331e-06,2.21035e-06,2.155003e-06,2.099297e-06,2.04198e-06,1.985807e-06,1.928451e-06,1.873092e-06,1.816847e-06,1.763155e-06,1.709082e-06,1.65792e-06,1.606982e-06,1.559178e-06,1.512473e-06,1.469173e-06,1.428055e-06,1.390475e-06,1.356345e-06,1.32587e-06,1.300311e-06,1.278408e-06,1.262852e-06,1.250864e-06,1.246596e-06,1.245714e-06,1.253705e-06,1.264846e-06,1.285754e-06,1.309606e-06,1.343759e-06,1.380789e-06,1.428431e-06,1.479073e-06,1.540345e-06,1.604891e-06,1.679795e-06,1.75836e-06,1.846454e-06,1.938402e-06,2.038266e-06,2.141663e-06,2.250009e-06,2.360485e-06,2.471058e-06,2.581125e-06,2.683939e-06,2.782044e-06,2.86273e-06,2.934594e-06,2.975249e-06,3.006412e-06,2.989449e-06,2.96896e-06,2.890193e-06,2.808207e-06,2.672194e-06,2.549411e-06,2.366226e-06,2.253647e-06,2.16714e-06,2.021469e-06,1.999666e-06
4.052967e-07,3.868272e-07,4.203259e-07,4.163853e-07,4.38397e-07,4.400976e-07,4.722509e-07,4.731685e-07,4.864775e-07,4.902625e-07,4.934152e-07,4.907459e-07,4.894765e-07,4.825209e-07,4.767003e-07,4.676692e-07,4.58673e-07,4.485504e-07,4.377242e-07,4.271083e-07,4.154049e-07,4.048035e-07,3.927202e-07,3.822766e-07,3.702384e-07,3.60159e-07,3.485133e-07,3.38776e-07,3.276846e-07,3.184315e-07,3.082727e-07,2.996707e-07,2.906525e-07,2.827672e-07,2.752808e-07,2.683979e-07,2.628198e-07,2.571013e-07,2.53703e-07,2.49454e-07,2.485499e-07,2.460256e-07,2.477972e-07,2.472528e-07,2.518113e-07,2.534607e-07,2.607933e-07,2.648931e-07,2.749875e-07,2.81712e-07,2.944534e-07,3.040017e-07,3.193389e-07,3.318889e-07,3.496388e-07,3.652811e-07,3.852155e-07,4.038175e-07,4.252877e-07,4.46384e-07,4.684171e-07,4.911537e-07,5.118008e-07,5.344026e-07,5.510086e-07,5.714332e-07,5.796561e-07,5.964343e-07,5.904243e-07,6.032587e-07,5.784358e-07,5.809847e-07,5.478549e-07,5.439823e-07,5.007676e-07,5.187346e-07,4.532546e-07,3.770191e-07,4.198036e-07,3.677382e-07
2.46648e-08,2.475198e-08,2.568227e-08,2.640633e-08,2.745487e-08,2.826827e-08,2.932214e-08,2.991623e-08,3.045923e-08,3.076337e-08,3.088615e-08,3.0813e-08,3.062261e-08,3.027068e-08,2.983831e-08,2.930746e-08,2.872047e-08,2.808529e-08,2.74139e-08,2.672715e-08,2.601914e-08,2.531646e-08,2.460043e-08,2.390098e-08,2.319552e-08,2.251297e-08,2.18316e-08,2.117468e-08,2.05275e-08,1.990704e-08,1.930795e-08,1.873659e-08,1.819912e-08,1.768973e-08,1.723131e-08,1.680137e-08,1.644065e-08,1.610699e-08,1.586131e-08,1.564208e-08,1.552861e-08,1.543988e-08,1.547206e-08,1.552728e-08,1.571508e-08,1.592432e-08,1.627358e-08,1.664487e-08,1.715982e-08,1.769902e-08,1.838176e-08,1.90942e-08,1.994685e-08,2.083631e-08,2.185705e-08,2.292161e-08,2.410117e-08,2.532606e-08,2.663587e-08,2.798361e-08,2.936748e-08,3.076702e-08,3.212307e-08,3.345291e-08,3.462991e-08,3.572456e-08,3.651572e-08,3.718788e-08,3.735827e-08,3.744188e-08,3.681545e-08,3.614504e-08,3.482516e-08,3.352269e-08,3.16768e-08,3.030702e-08,2.825369e-08,2.597034e-08,2.552033e-08,2.438374e-08
0,0,0,0,0,0,0,0,0,0,0,0,0,0,0,0,0,0,0,0,0,0,0,0,0,0,0,0,0,0,0,0,0,0,0,0,0,0,0,0,0,0,0,0,0,0,0,0,0,0,0,0,0,0,0,0,0,0,0,0,0,0,0,0,0,0,0,0,0,0,0,0,0,0,0,0,0,0,0,0
