0,0,0,0,0,0,0,0,0,0,0,0,0,0,0,0,0,0,0,0,0,0,0,0,0,0,0,0,0,0,0,0,0,0,0,0,0,0,0,0,0,0,0,0,0,0,0,0,0,0,0,0,0,0,0,0,0,0,0,0
5.936947e-07,4.681112e-07,5.971374e-07,2.885807e-07,3.20266e-07,2.51249e-07,1.299853e-07,3.314672e-07,3.060639e-07,4.22486e-07,1.839241e-07,8.160931e-07,8.232556e-07,1.460078e-06,1.412474e-06,1.811061e-06,1.634782e-06,1.978051e-06,1.779292e-06,2.115752e-06,1.914411e-06,2.252351e-06,2.052407e-06,2.392674e-06,2.19468e-06,2.536114e-06,2.339609e-06,2.680327e-06,2.48441e-06,2.822228e-06,2.625888e-06,2.958484e-06,2.760644e-06,3.085466e-06,2.885051e-06,3.199594e-06,2.995832e-06,3.297637e-06,3.08986e-06,3.376132e-06,3.163342e-06,3.430366e-06,3.210625e-06,3.452887e-06,3.221063e-06,3.422576e-06,3.139692e-06,3.183991e-06,2.617063e-06,2.521645e-06,1.891664e-06,1.99561e-06,2.333923e-06,6.78537e-07,2.24905e-06,6.085721e-07,2.09377e-06,5.384206e-07,5.838659e-07,4.987719e-07
1.34314e-06,1.253047e-06,9.206435e-07,8.847019e-07,7.183937e-07,6.860468e-07,5.460946e-07,5.97384e-07,4.31048e-07,5.6109e-07,3.935141e-07,2.553803e-06,5.083952e-06,7.149902e-06,7.901183e-06,8.745857e-06,8.901611e-06,9.502432e-06,9.543375e-06,1.010844e-05,1.012211e-05,1.069049e-05,1.069489e-05,1.127369e-05,1.12708e-05,1.185767e-05,1.184402e-05,1.243324e-05,1.240347e-05,1.298829e-05,1.293651e-05,1.350966e-05,1.342924e-05,1.398275e-05,1.386681e-05,1.439294e-05,1.423526e-05,1.472664e-05,1.452055e-05,1.496797e-05,1.470372e-05,1.50935e-05,1.475582e-05,1.506784e-05,1.463146e-05,1.48151e-05,1.413409e-05,1.372752e-05,1.158227e-05,8.525461e-06,5.318112e-06,5.155332e-06,4.592991e-06,5.096888e-06,3.874592e-06,4.043615e-06,2.774142e-06,2.861618e-06,2.081161e-06,1.879553e-06
2.112904e-06,1.883723e-06,1.596534e-06,1.406601e-06,1.104877e-06,1.115819e-06,7.418789e-07,9.95326e-07,6.0131e-07,9.70349e-07,1.205365e-06,6.647426e-06,1.324311e-05,1.856606e-05,2.087357e-05,2.28212e-05,2.344504e-05,2.4676e-05,2.497336e-05,2.607422e-05,2.629346e-05,2.737368e-05,2.756635e-05,2.864685e-05,2.882044e-05,2.989726e-05,3.00452e-05,3.110599e-05,3.121707e-05,3.224731e-05,3.230921e-05,3.329326e-05,3.329179e-05,3.421208e-05,3.413197e-05,3.497141e-05,3.479864e-05,3.554055e-05,3.525916e-05,3.588141e-05,3.546618e-05,3.593346e-05,3.534269e-05,3.559981e-05,3.476006e-05,3.465752e-05,3.314049e-05,3.135252e-05,2.580881e-05,1.765428e-05,9.998456e-06,8.873597e-06,8.66801e-06,7.257946e-06,7.464088e-06,5.772503e-06,5.689352e-06,4.026496e-06,3.085191e-06,2.706612e-06
2.721166e-06,2.589632e-06,1.856838e-06,1.826305e-06,1.447515e-06,1.432063e-06,1.096352e-06,1.28004e-06,8.849101e-07,1.195574e-06,2.422378e-06,1.959843e-05,4.122784e-05,5.641594e-05,6.355656e-05,6.861235e-05,7.077481e-05,7.368028e-05,7.483755e-05,7.730466e-05,7.818586e-05,8.054184e-05,8.130272e-05,8.361642e-05,8.428306e-05,8.655028e-05,8.710768e-05,8.930042e-05,8.972134e-05,9.180642e-05,9.20616e-05,9.400324e-05,9.405814e-05,9.581487e-05,9.563135e-05,9.716227e-05,9.670457e-05,9.796877e-05,9.719314e-05,9.813101e-05,9.69628e-05,9.747261e-05,9.578501e-05,9.570664e-05,9.328741e-05,9.221217e-05,8.786624e-05,8.201439e-05,6.577678e-05,3.882793e-05,1.387511e-05,1.050762e-05,9.261246e-06,1.05006e-05,7.887428e-06,8.316952e-06,5.666847e-06,5.906278e-06,4.230581e-06,3.886062e-06
2.850122e-06,2.499867e-06,2.099956e-06,1.867856e-06,1.515415e-06,1.452074e-06,1.070727e-06,1.237791e-06,8.563043e-07,1.22313e-06,1.092264e-05,6.946048e-05,0.0001481575,0.0002011179,0.0002282179,0.0002442424,0.0002533538,0.0002614943,0.0002669791,0.0002733911,0.0002778737,0.00028374,0.0002877835,0.0002933636,0.0002970658,0.0003023605,0.0003056737,0.0003106011,0.0003134364,0.0003178983,0.0003201619,0.0003240521,0.0003256327,0.0003288245,0.0003295975,0.0003319649,0.0003318127,0.0003332275,0.0003320005,0.0003322639,0.0003296968,0.0003284542,0.0003240891,0.000320774,0.0003138488,0.0003070207,0.0002932753,0.0002693522,0.0002125796,0.0001137632,2.865669e-05,1.206307e-05,1.142862e-05,9.725863e-06,9.619523e-06,7.758083e-06,7.17329e-06,5.384858e-06,4.227079e-06,3.596277e-06
2.969393e-06,2.923241e-06,2.011263e-06,2.064487e-06,1.567315e-06,1.650893e-06,1.177932e-06,1.53214e-06,1.027153e-06,1.518516e-06,4.730884e-05,0.0003270657,0.0006369945,0.0008229163,0.0009169081,0.0009737698,0.0010077,0.001038036,0.001059342,0.001083367,0.001100834,0.001122654,0.001138306,0.001158887,0.001173094,0.001192446,0.001205031,0.001222849,0.001233477,0.001249396,0.001257715,0.001271342,0.001276933,0.001287791,0.001290183,0.001297798,0.001296544,0.00130043,0.001294954,0.001294342,0.00128361,0.001277137,0.001259427,0.00124512,0.00121817,0.001192436,0.001144938,0.001067405,0.0008770284,0.0004959594,8.827818e-05,1.21817e-05,9.919014e-06,1.181112e-05,8.678341e-06,9.309897e-06,6.26709e-06,6.643633e-06,4.644037e-06,4.38292e-06
2.943645e-06,2.544133e-06,2.171467e-06,1.929887e-06,1.587778e-06,1.489109e-06,1.139728e-06,1.238551e-06,9.389152e-07,5.32774e-06,0.0002969669,0.00131727,0.002087173,0.002493051,0.002706535,0.002843287,0.002935299,0.003015915,0.003079191,0.003144099,0.003197237,0.003255861,0.003303824,0.003358661,0.003402405,0.003453479,0.003492485,0.003538948,0.003572254,0.003613087,0.003639696,0.003673795,0.003692511,0.003718535,0.003728008,0.00374462,0.003743571,0.003749398,0.003736169,0.003729029,0.003700666,0.003676765,0.003628652,0.00358343,0.003512113,0.003443933,0.003340172,0.00319356,0.002832137,0.001954577,0.0004953122,2.06112e-05,1.19198e-05,9.773614e-06,9.899619e-06,7.799819e-06,7.332389e-06,5.369488e-06,4.359116e-06,3.595295e-06
2.939662e-06,3.035816e-06,2.000785e-06,2.14768e-06,1.618064e-06,1.768585e-06,1.309996e-06,1.885233e-06,2.08314e-06,2.400827e-05,0.001342242,0.003196145,0.004257493,0.004844448,0.005176893,0.005408399,0.005572272,0.005720214,0.005837856,0.005958923,0.006058182,0.006167615,0.0062569,0.006359091,0.006440095,0.006535089,0.00660686,0.006693096,0.006753862,0.00682946,0.006877379,0.006940301,0.00697316,0.007020915,0.007036199,0.007066303,0.007061624,0.007071533,0.007043778,0.007029431,0.00697305,0.006927485,0.00683412,0.006750044,0.006616396,0.006500324,0.006334323,0.006153923,0.005722436,0.004695473,0.002182766,5.268578e-05,7.848734e-06,1.28951e-05,8.389978e-06,9.748007e-06,6.206562e-06,6.918859e-06,4.601246e-06,4.556141e-06
2.934432e-06,2.508617e-06,2.249592e-06,1.869144e-06,1.710498e-06,1.346807e-06,1.387506e-06,1.030234e-06,9.449265e-07,0.0002213083,0.003160036,0.005441388,0.006745685,0.00750832,0.007969598,0.008300291,0.008547171,0.008765499,0.008947255,0.009126101,0.009280241,0.009441108,0.009579801,0.009729144,0.009854914,0.009992844,0.01010433,0.01022856,0.01032314,0.01043087,0.01050582,0.01059402,0.01064604,0.010711,0.01073631,0.01077431,0.01076931,0.01077655,0.01073655,0.01070691,0.01062347,0.01054651,0.01040716,0.0102728,0.01007481,0.009899992,0.009673299,0.0094608,0.008989377,0.007927083,0.00507801,0.0004083711,1.227013e-05,1.055024e-05,9.364412e-06,8.077609e-06,7.060915e-06,5.406026e-06,4.240078e-06,3.56571e-06
2.899937e-06,3.103007e-06,1.978839e-06,2.210435e-06,1.633978e-06,1.865397e-06,1.2222e-06,1.751964e-06,3.473806e-06,0.001311811,0.005277308,0.007926084,0.009485024,0.01044138,0.01103375,0.01147884,0.01180756,0.01210933,0.01235227,0.01260036,0.01280567,0.01302813,0.01321216,0.01341752,0.01358385,0.01377229,0.01391931,0.01408778,0.01421211,0.01435685,0.01445492,0.01457187,0.01463934,0.01472348,0.01475532,0.01480159,0.01479302,0.01479625,0.01474103,0.01469283,0.01457965,0.01446565,0.01427801,0.01408474,0.01382144,0.01357636,0.01329373,0.01303641,0.01254615,0.01142869,0.008427696,0.002355465,1.771364e-05,1.205285e-05,8.689804e-06,9.891102e-06,6.221564e-06,7.067516e-06,4.566592e-06,4.652864e-06
2.966442e-06,2.562773e-06,2.154826e-06,2.104937e-06,1.550372e-06,1.893878e-06,1.249659e-06,3.951309e-06,2.116729e-05,0.003191977,0.007622412,0.01063216,0.01244973,0.01360395,0.0143318,0.01489819,0.01531195,0.01570215,0.01600868,0.01632886,0.01658768,0.01687256,0.01710454,0.01736474,0.01757471,0.01781054,0.01799689,0.01820466,0.01836335,0.01853834,0.01866504,0.01880221,0.01889159,0.01898468,0.01903049,0.01907307,0.01906941,0.01905488,0.01899408,0.01891166,0.01877973,0.01861077,0.01838753,0.01811453,0.0178014,0.01746141,0.01714551,0.01681478,0.01635392,0.01515148,0.01213114,0.005627423,5.044539e-05,3.951846e-06,1.199705e-05,6.756688e-06,7.849885e-06,4.849664e-06,4.470585e-06,3.360055e-06
2.966607e-06,2.918501e-06,1.820401e-06,2.143367e-06,1.097762e-06,1.933003e-06,1.442362e-06,4.509318e-06,4.332527e-05,0.005256756,0.01017806,0.01353597,0.01560479,0.01696714,0.0178248,0.01852476,0.01901755,0.01950706,0.01987007,0.02027174,0.02057617,0.02093155,0.02120299,0.02152487,0.02176958,0.02205867,0.0222753,0.02252751,0.02271153,0.02292133,0.02306769,0.02322921,0.02333172,0.02343758,0.02348887,0.02353136,0.02352445,0.02349565,0.02342161,0.02330843,0.02315081,0.02293041,0.02266562,0.02231628,0.02194848,0.02151581,0.02116345,0.02076041,0.02033799,0.0190639,0.01612348,0.009132834,8.957406e-05,4.412729e-06,1.222458e-05,8.227444e-06,7.280381e-06,6.397909e-06,4.985332e-06,4.306723e-06
2.960661e-06,2.78735e-06,2.017285e-06,2.542526e-06,1.529129e-06,2.78642e-06,2.394262e-06,6.235675e-06,0.0004001948,0.007464453,0.01290573,0.01659085,0.01890996,0.0204639,0.02146436,0.02228429,0.02287063,0.02344475,0.02387778,0.02434518,0.02470747,0.02511698,0.02543864,0.02580562,0.02609438,0.0264205,0.02667543,0.02695674,0.02717292,0.02740346,0.02757512,0.02774846,0.02786867,0.0279767,0.02803702,0.02807101,0.02806343,0.02801441,0.02792888,0.02778195,0.02759975,0.02732855,0.02702272,0.02660196,0.02617789,0.02566093,0.02526308,0.02480134,0.02440273,0.02311885,0.02027656,0.01291967,0.000841769,1.459728e-06,1.449829e-05,5.535194e-06,8.776266e-06,4.362708e-06,4.699231e-06,3.284512e-06
2.746145e-06,2.989523e-06,1.739885e-06,2.152927e-06,1.327492e-06,1.827127e-06,1.355832e-06,9.859898e-06,0.002322201,0.00989571,0.01576475,0.01975539,0.02231629,0.02404328,0.02519462,0.02611951,0.02680879,0.02745316,0.02796312,0.02848278,0.02890649,0.02935816,0.02972998,0.03013221,0.03046129,0.03081744,0.03110353,0.0314105,0.0316485,0.03190029,0.0320838,0.03227379,0.03239534,0.03251506,0.03256548,0.03260546,0.03257591,0.03252641,0.03240601,0.032251,0.0320192,0.03172997,0.03135644,0.03090534,0.03039372,0.02984065,0.02935012,0.02888571,0.02843919,0.02726756,0.02445794,0.01723304,0.004851584,3.577607e-05,7.072771e-06,1.042474e-05,6.33529e-06,7.00144e-06,4.592962e-06,4.509063e-06
2.725229e-06,2.549439e-06,2.258718e-06,1.871375e-06,1.896738e-06,8.58116e-07,4.161443e-06,2.219396e-05,0.004706301,0.01249399,0.01870994,0.02295657,0.02575692,0.02761974,0.02893823,0.02993697,0.03074748,0.03143169,0.03203529,0.03257696,0.03307653,0.03354059,0.03397467,0.03438346,0.03476283,0.03512204,0.0354475,0.03575561,0.03602228,0.03627375,0.03647485,0.03666312,0.03679104,0.03690767,0.0369531,0.03698811,0.03694184,0.0368849,0.03673587,0.0365704,0.03629727,0.03599326,0.03556317,0.03509127,0.03450369,0.03392589,0.03334237,0.03288031,0.03236811,0.03135606,0.02861187,0.02189771,0.009594338,5.869932e-05,2.842063e-06,1.033037e-05,6.276899e-06,5.54096e-06,3.75895e-06,3.459824e-06
2.547554e-06,3.32179e-06,2.076945e-06,2.484032e-06,2.825714e-06,3.544526e-06,7.993687e-06,4.481553e-05,0.006948323,0.01519311,0.02167904,0.02614003,0.02914621,0.03113313,0.03259964,0.03366889,0.03458321,0.03530553,0.03598402,0.03654611,0.03710097,0.0375759,0.03805031,0.03846461,0.03887149,0.0392336,0.03957543,0.0398859,0.04015879,0.04041293,0.04061029,0.04080173,0.04091648,0.04103697,0.04106054,0.04109979,0.04102349,0.04097054,0.04078409,0.04062216,0.04030502,0.0400038,0.03952235,0.03905076,0.03839905,0.03781402,0.03714409,0.03668021,0.03609917,0.03524613,0.03266202,0.02664693,0.01391977,0.0001077517,6.956597e-06,1.622476e-05,4.199682e-06,8.721337e-06,3.718134e-06,5.172004e-06
3.012391e-06,2.254795e-06,2.913141e-06,1.269885e-06,3.02775e-06,2.349087e-06,1.012537e-05,5.643657e-05,0.009140745,0.01789122,0.02459149,0.0292013,0.03238521,0.03446667,0.03606952,0.03718958,0.03819893,0.03894129,0.03968586,0.04024976,0.04085064,0.04131697,0.04182255,0.04222235,0.04264854,0.04299328,0.04334487,0.04363755,0.04391251,0.04414966,0.04434247,0.04451803,0.04462283,0.04472889,0.04473886,0.04476508,0.04467301,0.04460791,0.04440526,0.04423231,0.04390088,0.0435906,0.04309811,0.04261807,0.04195271,0.04134754,0.04064049,0.04013567,0.03952387,0.03877295,0.03647517,0.03123771,0.01825173,0.0001255382,9.069422e-06,1.521571e-05,4.403488e-06,6.645238e-06,3.503916e-06,3.525172e-06
2.794759e-06,3.518936e-06,2.575379e-06,2.871943e-06,4.013152e-06,5.091351e-06,1.068985e-05,0.0004018713,0.01136269,0.0205213,0.02733855,0.03205724,0.03535021,0.03752945,0.03921553,0.04040018,0.0414557,0.04223352,0.04299689,0.04357688,0.04417766,0.04464773,0.04514023,0.04553628,0.04594018,0.04627702,0.04659995,0.0468834,0.04712581,0.04735431,0.04751242,0.04768079,0.04775038,0.04785151,0.04782802,0.04785226,0.04773053,0.0476666,0.04744029,0.0472727,0.04692703,0.04662861,0.04613463,0.0456726,0.04501342,0.04441487,0.04369222,0.04315102,0.04251471,0.0418325,0.03988526,0.03548683,0.02305598,0.001091225,1.121017e-05,2.002316e-05,4.611566e-06,9.83773e-06,3.622589e-06,5.512349e-06
3.067465e-06,2.480541e-06,2.706022e-06,1.766637e-06,1.876574e-06,1.509906e-06,7.972708e-06,0.00283194,0.01369493,0.02295251,0.02978751,0.03455899,0.03789549,0.04016091,0.04188587,0.04313226,0.04419906,0.04500792,0.04576168,0.04634878,0.04692665,0.04738634,0.04784833,0.04822226,0.04859185,0.04889943,0.04918655,0.04943766,0.04964468,0.04984135,0.04996584,0.0501054,0.05014421,0.05022189,0.05017208,0.05018061,0.05003866,0.04996875,0.04972997,0.04956879,0.04922177,0.04894645,0.04846668,0.04804626,0.04741343,0.04685647,0.04613828,0.0455907,0.04492864,0.0443024,0.04271559,0.0391581,0.02849989,0.008085337,4.798079e-05,5.419218e-06,8.436639e-06,4.690026e-06,3.999904e-06,3.066663e-06
2.689726e-06,2.02391e-06,1.448636e-06,1.712329e-06,6.271205e-07,4.213644e-06,2.682554e-05,0.005657426,0.01597077,0.02507137,0.03178696,0.03655707,0.03986693,0.04220514,0.04392391,0.04522801,0.04627115,0.04710852,0.04782197,0.04841369,0.04893946,0.04938708,0.04978881,0.05014159,0.05044526,0.05072932,0.05094592,0.05117694,0.05130972,0.05149488,0.05154227,0.05168301,0.05164263,0.0517377,0.05160782,0.05165347,0.05143211,0.05142228,0.05110634,0.05103204,0.05061331,0.05045745,0.04991652,0.04965293,0.04896776,0.04859117,0.04779439,0.04739918,0.04659836,0.04616611,0.04474995,0.04218972,0.03376756,0.01617499,0.0001018789,6.201681e-06,1.082596e-05,4.470539e-06,5.577542e-06,3.0259e-06
2.760167e-06,4.717847e-06,1.67285e-06,4.290953e-06,2.75722e-06,9.760486e-06,4.61536e-05,0.007872776,0.01795271,0.02666949,0.03316109,0.03781998,0.04108873,0.04342772,0.04515507,0.04645827,0.0475012,0.04831501,0.04901158,0.04956209,0.05005499,0.05045237,0.05080593,0.0511088,0.05134995,0.05159273,0.05173284,0.0519378,0.05198087,0.0521606,0.05210646,0.05226661,0.05211449,0.0522573,0.05200752,0.05213264,0.05178552,0.05189031,0.05144506,0.05152464,0.0509765,0.0510202,0.05035498,0.05034423,0.04953993,0.04946385,0.04852207,0.04843155,0.04740857,0.04731807,0.04587179,0.04441489,0.03804952,0.02301239,0.0001736365,2.557407e-05,2.071508e-05,7.025541e-06,5.600115e-06,5.4168e-06
3.769662e-06,1.867975e-06,2.145793e-06,2.584957e-06,1.748287e-06,9.847061e-06,6.818883e-05,0.009611602,0.01939199,0.0275543,0.03370118,0.03815953,0.04135678,0.04365088,0.04538236,0.04665907,0.04770226,0.04847966,0.04915522,0.049663,0.05011063,0.05046763,0.05075078,0.05102436,0.05117105,0.05140315,0.05142636,0.05164464,0.05155066,0.05177189,0.05156335,0.05179645,0.05147543,0.05172582,0.0512955,0.05156618,0.05102951,0.05132161,0.05068019,0.05099378,0.05024569,0.05057757,0.04971261,0.05005462,0.04905157,0.04939672,0.04823367,0.04860565,0.04728358,0.04770523,0.04603734,0.0457415,0.04092138,0.02932689,0.0002706528,3.016676e-05,1.943407e-05,6.250978e-06,8.784663e-06,2.897369e-06
2.369971e-06,7.23078e-06,1.371989e-06,5.837177e-06,4.335589e-06,9.861909e-06,0.0006082838,0.01085489,0.02005849,0.02747491,0.03319103,0.03735272,0.04046623,0.04266671,0.0444155,0.04563969,0.0467043,0.04742865,0.04810675,0.04855746,0.04898645,0.04928575,0.04953136,0.04975022,0.04984517,0.05002844,0.04999102,0.05016847,0.05001012,0.05020062,0.04992852,0.05014326,0.04976311,0.05001057,0.04952851,0.0498157,0.04923688,0.04956954,0.04889728,0.0492814,0.04851583,0.04895639,0.04809035,0.04859041,0.04760503,0.04816682,0.04702868,0.04766343,0.0463331,0.04705978,0.04541718,0.04590084,0.04239451,0.03497061,0.002910992,2.741761e-05,2.801208e-05,1.242637e-05,5.626219e-06,9.011708e-06
1.650016e-06,2.389442e-06,9.541199e-07,1.300603e-06,4.814955e-06,1.190047e-05,0.002926867,0.01162691,0.01972316,0.02631865,0.03144956,0.03532529,0.03825973,0.04041382,0.04212067,0.04334751,0.0444027,0.04511751,0.04579512,0.04620783,0.04664661,0.04687399,0.04714692,0.04725702,0.04740535,0.04744134,0.04749131,0.04748259,0.04745242,0.04741904,0.04732111,0.04727646,0.04712019,0.04707571,0.04687035,0.04683686,0.04659045,0.04657753,0.04629653,0.04631396,0.04600324,0.0460603,0.04572023,0.04582436,0.04544742,0.04560228,0.04516623,0.04536786,0.04483252,0.04507597,0.04436642,0.0445594,0.04292421,0.03887238,0.01536489,9.522327e-05,1.950563e-05,8.113518e-06,3.706344e-06,3.714287e-06
1.118086e-05,5.012158e-06,8.642188e-06,1.445334e-06,2.641904e-06,2.964277e-05,0.004595536,0.01168881,0.01833317,0.02405457,0.02848427,0.03207092,0.03476998,0.0368792,0.03854477,0.03976554,0.04085937,0.04153193,0.04229795,0.04260842,0.04318241,0.04323937,0.04369879,0.04356768,0.04395921,0.04368307,0.0440376,0.04364747,0.04398726,0.04350644,0.0438473,0.04329308,0.04364704,0.04303437,0.04341344,0.04275656,0.04317256,0.04248369,0.04294797,0.04223798,0.04276299,0.04204101,0.04263907,0.04191004,0.0425922,0.04185275,0.04262409,0.04185168,0.04270525,0.04185978,0.0427881,0.04183824,0.04263918,0.03983477,0.0276039,0.0002881575,1.691113e-05,1.308169e-05,1.709305e-05,4.514136e-06
1.553644e-06,1.172562e-05,1.932815e-06,4.212785e-06,1.776588e-05,0.0005141378,0.005463395,0.01110018,0.01619019,0.0209395,0.02465786,0.0278577,0.03033245,0.03232295,0.03397484,0.03515312,0.03631267,0.03694372,0.03780864,0.038054,0.03874493,0.03870613,0.03929706,0.03903907,0.03957724,0.03914442,0.03966257,0.0390879,0.03961125,0.03892051,0.03946896,0.038682,0.03927187,0.03840515,0.03905292,0.03812162,0.03884474,0.03786157,0.03867797,0.03765303,0.03858332,0.03752404,0.03859209,0.0375003,0.03873357,0.03760062,0.0390292,0.03782361,0.03947875,0.03813836,0.04008899,0.03855159,0.04098585,0.03859264,0.03573237,0.00442826,8.099543e-05,1.761887e-05,2.280575e-06,1.572991e-05
2.752004e-05,2.709406e-05,1.859862e-05,1.352451e-05,0.0001494283,0.002849276,0.006440642,0.0102502,0.01405247,0.01753627,0.02069169,0.02324225,0.02556718,0.02726439,0.02892523,0.02999225,0.03118576,0.03180694,0.03267584,0.03297951,0.03362244,0.03369658,0.03418039,0.03408511,0.03445619,0.03423424,0.03452688,0.03421091,0.03445303,0.03406969,0.03428486,0.03385591,0.0340642,0.03360804,0.0338286,0.03336262,0.03361512,0.03315558,0.03345953,0.03302106,0.03339714,0.03299368,0.03346475,0.03310822,0.03369901,0.03339653,0.03413317,0.03388009,0.03479061,0.03456585,0.03572031,0.03551808,0.03719636,0.03688413,0.03780994,0.02035326,0.0007384515,4.690775e-05,2.551407e-05,3.438251e-05
0.0003467825,0.0003453638,0.0004445152,0.001276608,0.003550208,0.005813155,0.007986019,0.01023842,0.0126864,0.01502631,0.01733604,0.01931208,0.02116248,0.02265022,0.02402444,0.0250812,0.02606229,0.02678027,0.02745618,0.02791682,0.02836084,0.02862839,0.02889705,0.02902017,0.02915664,0.0291727,0.02921103,0.02915034,0.02911925,0.02900808,0.02893274,0.02879415,0.02869659,0.02855099,0.02845135,0.02831836,0.0282366,0.02813576,0.02809134,0.02804163,0.02805387,0.0280749,0.02816419,0.02827649,0.02846383,0.02868798,0.02899453,0.02935,0.02979826,0.03030878,0.03095172,0.03169886,0.03274412,0.03397848,0.0354562,0.03145224,0.0154592,0.0038906,0.0007497536,0.0004223781
0.00745041,0.006842579,0.006549357,0.006799504,0.007960175,0.009255433,0.01039071,0.01154269,0.01278139,0.01410108,0.01545426,0.01676328,0.01799284,0.01910403,0.02009401,0.02095157,0.02168981,0.02230655,0.0228212,0.02323207,0.02356168,0.02380511,0.02398712,0.02409823,0.0241657,0.02417514,0.02415682,0.02409165,0.02401342,0.02389845,0.02378423,0.02364236,0.02351411,0.02336633,0.02324432,0.02311051,0.02301471,0.02291484,0.02286523,0.02281899,0.02283545,0.02286304,0.02296679,0.02309003,0.02330399,0.02354627,0.02389562,0.02428342,0.02479971,0.02537266,0.02612012,0.02698392,0.0281609,0.02962064,0.03164675,0.03254673,0.02761917,0.01753803,0.01103145,0.008604886
0.01553448,0.01409752,0.01317847,0.01271358,0.01267271,0.01299166,0.01333084,0.01370745,0.01410468,0.0146063,0.01514311,0.01575457,0.01634274,0.01694652,0.01747715,0.01798801,0.0184027,0.01878574,0.01906778,0.0193199,0.0194755,0.01960938,0.01965509,0.01968975,0.01964579,0.01960213,0.01948953,0.01938865,0.01922841,0.01909128,0.01890413,0.01875127,0.01855726,0.01840826,0.01822631,0.01809989,0.01794859,0.01786366,0.01776187,0.01773758,0.01770431,0.01776046,0.01781607,0.0179747,0.01814199,0.01842814,0.01873356,0.01917837,0.0196578,0.02031062,0.02103332,0.02200958,0.02315411,0.02475541,0.0266875,0.02909912,0.02951791,0.02636513,0.02152388,0.0178278
0.0209141,0.0192839,0.0180318,0.01715054,0.01654176,0.01616037,0.01588931,0.01570931,0.01557003,0.01550725,0.01548912,0.01553649,0.0156089,0.01571595,0.01581825,0.01592527,0.01600504,0.01607035,0.01609677,0.01610004,0.01606156,0.01599858,0.01589662,0.01577319,0.0156167,0.01544418,0.01524619,0.01503887,0.0148146,0.01458839,0.01435424,0.01412582,0.01389856,0.01368454,0.01348055,0.01329705,0.01313252,0.0129959,0.01288757,0.0128147,0.01277986,0.01278846,0.01284601,0.01295624,0.01312837,0.01336418,0.01367819,0.01407085,0.01456597,0.01516601,0.01591525,0.01682955,0.01800078,0.0194651,0.02138835,0.02363613,0.02591595,0.02655018,0.02517886,0.02300549
0.02203569,0.02103649,0.02000846,0.0191074,0.01828437,0.01762203,0.01701921,0.01653114,0.01606686,0.01569578,0.01533074,0.01504768,0.01475703,0.0145345,0.01428827,0.01409478,0.01386257,0.01367056,0.01342926,0.01322058,0.01295729,0.01272386,0.01243492,0.01217679,0.01186539,0.01158824,0.01126212,0.01097527,0.01064504,0.01036007,0.01003813,0.009767948,0.009467529,0.009225389,0.008959625,0.008758522,0.008540307,0.008393307,0.008235827,0.008156561,0.008073606,0.008076752,0.00808375,0.008186827,0.008303007,0.008528543,0.008779366,0.009158691,0.009582319,0.01016643,0.01083146,0.01172014,0.01276535,0.0141578,0.01580448,0.01790464,0.02004697,0.02201301,0.02296226,0.02283353
0.01874542,0.01868619,0.01831361,0.01780282,0.01720274,0.01659387,0.01597998,0.01541337,0.01486254,0.01435788,0.0138648,0.01340867,0.01295758,0.0125355,0.01211244,0.01171113,0.01130335,0.01091112,0.01050835,0.01011695,0.009713184,0.009319138,0.008913289,0.008517797,0.008113132,0.007721285,0.007324474,0.006944263,0.006564453,0.006205937,0.005853969,0.005528434,0.005215849,0.004934628,0.004672304,0.004445401,0.00424233,0.004077475,0.003940099,0.003842531,0.003775155,0.003749122,0.003757016,0.003810619,0.003906198,0.004057802,0.004266658,0.004550095,0.004916192,0.005386979,0.005982475,0.006733144,0.007681876,0.00886041,0.01033641,0.01204802,0.01399781,0.01585648,0.01737118,0.01837136
0.01322179,0.01373673,0.01389587,0.01383972,0.01355858,0.01320724,0.01275122,0.01230477,0.01180478,0.01134276,0.01083697,0.01037409,0.009867894,0.009405226,0.008898937,0.008436481,0.007930435,0.007468635,0.006964025,0.006504633,0.006004538,0.005551653,0.005062098,0.004623102,0.004154229,0.003741098,0.003309354,0.002941431,0.002574331,0.002283799,0.002026853,0.001860782,0.001766435,0.001752827,0.001816866,0.001910094,0.002055484,0.00217897,0.002332261,0.002433164,0.002550657,0.002599182,0.002656443,0.00263645,0.002621401,0.002529853,0.002447773,0.002311355,0.002216231,0.00215288,0.002234722,0.002531912,0.003085126,0.003965059,0.005081146,0.006519471,0.008039596,0.009683053,0.01115915,0.01238018
0.007041285,0.007707619,0.008120528,0.008330551,0.008338961,0.008212663,0.007967576,0.007670318,0.007312266,0.006936569,0.006522588,0.006102499,0.005653144,0.005203428,0.004730691,0.004262604,0.003778155,0.00330475,0.002824805,0.002368026,0.001927219,0.001546167,0.001258113,0.001147304,0.00125347,0.001519728,0.001882289,0.002274601,0.002691115,0.003097627,0.00350703,0.003892676,0.004271459,0.004619043,0.004953146,0.005250566,0.005528837,0.005765521,0.005977458,0.006142839,0.006277489,0.00636025,0.006405605,0.006393003,0.006335045,0.006211731,0.006033021,0.005779367,0.005456815,0.00504633,0.004549423,0.003953457,0.003267078,0.002545376,0.001963742,0.002001546,0.002797113,0.003927107,0.005084686,0.006167611
0.001787209,0.002139737,0.002449322,0.002680425,0.002756202,0.002755134,0.002630965,0.002471521,0.002230884,0.001989298,0.001698675,0.001436158,0.001183386,0.001029831,0.001034664,0.001197245,0.001520533,0.001879666,0.002325574,0.002752201,0.003240611,0.003691659,0.004193855,0.004649678,0.005149961,0.00559762,0.006084508,0.006513614,0.006977391,0.007378721,0.007810502,0.008175392,0.008566712,0.008886839,0.009229554,0.009496829,0.009782876,0.009989074,0.01021002,0.01034626,0.01049278,0.0105491,0.01061057,0.0105753,0.01053896,0.0103976,0.01024703,0.009980231,0.009692797,0.00927298,0.008815821,0.008203038,0.00753434,0.006684652,0.005788045,0.004725068,0.003713383,0.002694591,0.001947438,0.00163261
0.00511701,0.004547535,0.00412898,0.00382127,0.003645373,0.003560003,0.003576983,0.003649267,0.003795418,0.003976503,0.00421469,0.004476463,0.004785223,0.00510959,0.00547299,0.005845131,0.006249142,0.00665558,0.007087328,0.00751567,0.007963282,0.008402088,0.008854596,0.009293319,0.009740618,0.01016956,0.01060236,0.0110126,0.01142232,0.01180559,0.01218421,0.01253268,0.01287255,0.01317876,0.01347256,0.01372933,0.01396987,0.01416994,0.01434974,0.01448535,0.01459613,0.01465851,0.01469081,0.01466971,0.01461208,0.01449474,0.01433252,0.01410213,0.0138154,0.01344876,0.01300988,0.01247639,0.01185128,0.01112534,0.01029686,0.009400612,0.008441129,0.007496153,0.006618023,0.005797877
0.01015074,0.009640509,0.009283418,0.008994205,0.008852276,0.008754954,0.008778147,0.008822584,0.008963997,0.009105942,0.009330671,0.00954405,0.009831767,0.01010044,0.01043707,0.01074826,0.01112166,0.01146373,0.01186257,0.01222452,0.01263805,0.01300947,0.01342759,0.01379873,0.01421207,0.01457393,0.01497386,0.01531819,0.01569682,0.01601605,0.01636611,0.0166532,0.01696786,0.01721618,0.01748904,0.01769228,0.0179171,0.01806895,0.01823929,0.01833302,0.01844179,0.01846976,0.01850879,0.018462,0.01842141,0.01828869,0.01815588,0.01792262,0.01768099,0.01732786,0.01695584,0.01645865,0.01593421,0.0152728,0.0145963,0.01379246,0.01302434,0.01219017,0.01143728,0.0107276
0.01480657,0.0143815,0.01406615,0.0138261,0.0136866,0.01361215,0.01362046,0.01366954,0.01378071,0.01391669,0.01410077,0.0143,0.01453881,0.0147863,0.01506712,0.01535135,0.01566346,0.0159741,0.01630752,0.01663484,0.01698014,0.01731492,0.01766317,0.0179968,0.01833972,0.01866425,0.01899426,0.01930245,0.01961266,0.01989794,0.02018207,0.02043843,0.02069068,0.02091255,0.02112754,0.02130969,0.02148222,0.02161944,0.02174418,0.02183092,0.02190192,0.02193185,0.0219422,0.02190777,0.021849,0.02174077,0.02160208,0.02140786,0.02117522,0.02087937,0.02053533,0.02012049,0.01964787,0.01910606,0.01850438,0.01786068,0.01718406,0.01651477,0.01589352,0.015302
0.01892864,0.01856276,0.01831458,0.0181011,0.01800384,0.01792691,0.01794959,0.01797842,0.01809117,0.01819517,0.01837211,0.01853049,0.01875458,0.01895357,0.01921291,0.01944194,0.01972679,0.01997674,0.02027831,0.02054073,0.02085082,0.0211178,0.02142875,0.02169295,0.02199774,0.02225244,0.02254469,0.02278388,0.02305788,0.02327614,0.02352679,0.02371928,0.02394198,0.0241043,0.02429484,0.0244229,0.02457728,0.02466705,0.02478115,0.02482828,0.0248975,0.02489695,0.02491576,0.02486135,0.02482289,0.02470676,0.0246022,0.02441417,0.02423217,0.02395955,0.02368678,0.02331572,0.0229417,0.02246427,0.02199631,0.02143289,0.02091248,0.02033444,0.01982312,0.01932561
0.02252089,0.0222295,0.02201572,0.02184734,0.02175251,0.02169891,0.02170901,0.02174495,0.02183114,0.021932,0.02207251,0.02221986,0.02239966,0.0225807,0.02278894,0.02299404,0.02322197,0.02344294,0.02368287,0.02391236,0.0241573,0.0243886,0.02463214,0.02485916,0.02509554,0.02531281,0.02553692,0.02573965,0.025947,0.02613102,0.02631773,0.02647944,0.02664212,0.02677834,0.02691401,0.0270219,0.02712776,0.02720452,0.02727768,0.02732028,0.0273574,0.02736216,0.02735909,0.02732134,0.02727267,0.02718627,0.02708487,0.02694175,0.02677839,0.02656851,0.02633242,0.02604587,0.02572789,0.02536275,0.02496526,0.02453963,0.02409733,0.02365573,0.02324863,0.02285162
0.02550696,0.02526492,0.02511095,0.02496428,0.02490747,0.02485023,0.0248737,0.0248892,0.02497572,0.02504433,0.02517618,0.02528261,0.0254465,0.02557964,0.02576584,0.0259171,0.02611784,0.02628012,0.02648873,0.0266558,0.0268664,0.02703274,0.0272401,0.0274008,0.02760035,0.02775118,0.02793902,0.02807641,0.02824926,0.02837026,0.02852547,0.02862766,0.02876308,0.02884452,0.02895836,0.02901739,0.02910809,0.02914313,0.02920906,0.0292183,0.02925745,0.02923853,0.02924815,0.02919778,0.02917401,0.02908755,0.02902504,0.02889618,0.02878782,0.02860858,0.02844618,0.02820813,0.02798584,0.02768432,0.02740736,0.02705411,0.02674522,0.02638092,0.02607069,0.0257516
0.02789936,0.02772482,0.0276012,0.02749689,0.02744276,0.02740798,0.0274191,0.02744078,0.0275007,0.02756441,0.02765931,0.0277526,0.02787179,0.02798517,0.02812046,0.02824663,0.02839147,0.02852439,0.02867324,0.02880779,0.02895591,0.02908765,0.02923098,0.02935618,0.02949131,0.02960689,0.02973109,0.02983464,0.02994582,0.03003556,0.03013221,0.03020691,0.03028805,0.03034692,0.03041192,0.03045448,0.03050291,0.03052874,0.03056013,0.03056865,0.03058219,0.03057232,0.03056652,0.03053636,0.03050873,0.03045517,0.03040182,0.03032025,0.03023568,0.03011994,0.02999734,0.02984109,0.02967408,0.02947542,0.02926312,0.02903001,0.02878923,0.02854213,0.02831785,0.02808727
0.02966536,0.02953312,0.02946389,0.02937882,0.02936011,0.02932214,0.02934659,0.02934907,0.02940902,0.02944144,0.02952683,0.02957992,0.02968226,0.02974869,0.02986135,0.02993524,0.03005292,0.0301295,0.03024783,0.03032313,0.03043847,0.03050922,0.03061862,0.03068221,0.03078339,0.03083787,0.03092922,0.03097332,0.03105386,0.0310869,0.03115624,0.03117808,0.03123631,0.03124725,0.03129483,0.03129542,0.031333,0.03132389,0.03135208,0.03133376,0.03135288,0.03132537,0.03133516,0.03129775,0.03129702,0.03124788,0.03123417,0.03117002,0.03113936,0.03105536,0.0310024,0.03089249,0.03081231,0.03067089,0.03056346,0.03039249,0.03026483,0.03008209,0.02994286,0.02977743
0.03084287,0.03077005,0.03072677,0.03068076,0.03066505,0.03064898,0.03066252,0.03067162,0.03070709,0.03073507,0.03078574,0.03082612,0.03088616,0.03093349,0.03099808,0.03104802,0.03111329,0.0311623,0.03122509,0.03127036,0.03132822,0.03136757,0.03141866,0.0314506,0.03149374,0.0315174,0.03155206,0.03156722,0.03159348,0.03160049,0.03161898,0.03161872,0.03163051,0.03162424,0.03163074,0.03161996,0.03162273,0.03160903,0.0316096,0.03159442,0.03159405,0.03157843,0.03157786,0.03156218,0.03156126,0.03154487,0.03154228,0.03152315,0.03151594,0.03149031,0.03147376,0.03143651,0.03140435,0.03135117,0.03129756,0.03122699,0.03115444,0.03106948,0.03099837,0.03090824
0.03144442,0.03140493,0.03140836,0.03137769,0.03139344,0.03137412,0.03140058,0.03139246,0.03142868,0.03142826,0.0314706,0.0314742,0.03151896,0.03152328,0.03156735,0.0315696,0.03161047,0.03160846,0.03164421,0.03163633,0.0316656,0.03165083,0.03167289,0.03165079,0.03166551,0.03163627,0.03164413,0.03160851,0.03161056,0.03156987,0.03156763,0.03152361,0.03151902,0.03147375,0.03146902,0.03142479,0.03142225,0.03138138,0.03138334,0.03134804,0.03135657,0.03132868,0.03134537,0.03132613,0.03135182,0.03134146,0.03137581,0.03137321,0.03141428,0.03141639,0.03146014,0.03146151,0.03150219,0.03149487,0.03152698,0.0315045,0.03152325,0.03148713,0.03148628,0.03144677
0.03153094,0.0315397,0.03156203,0.03156418,0.031581,0.03158097,0.03159693,0.03159511,0.03160919,0.03160527,0.03161639,0.03160907,0.03161589,0.03160368,0.03160488,0.03158655,0.03158106,0.03155569,0.03154286,0.03151001,0.03148963,0.03144934,0.03142175,0.03137463,0.0313407,0.03128788,0.03124901,0.03119213,0.0311502,0.03109136,0.03104866,0.03099031,0.03094946,0.03089435,0.03085817,0.03080918,0.03078058,0.03074063,0.03072249,0.03069438,0.03068937,0.03067561,0.03068598,0.03068852,0.03071582,0.03073571,0.03078033,0.03081725,0.03087783,0.03092931,0.03100196,0.03106287,0.03114034,0.0312034,0.03127525,0.03133162,0.03138994,0.03143073,0.03147902,0.03149901
0.03114466,0.03117563,0.03123422,0.03124541,0.03128716,0.03128175,0.03130821,0.03128995,0.03130449,0.03127491,0.03127887,0.03123885,0.03123276,0.0311828,0.03116694,0.03110732,0.031082,0.03101317,0.03097893,0.03090159,0.03085932,0.03077457,0.03072557,0.03063496,0.03058098,0.03048646,0.03042966,0.03033361,0.03027654,0.03018167,0.03012719,0.03003648,0.02998769,0.02990434,0.0298645,0.0297918,0.02976424,0.02970549,0.0296935,0.02965193,0.02965865,0.02963724,0.02966545,0.02966667,0.02971852,0.02974402,0.02982057,0.02987053,0.02997099,0.0300433,0.03016406,0.03025303,0.03038695,0.03048225,0.03061928,0.03070814,0.03083543,0.03090835,0.03101015,0.03106479
0.03035499,0.03042099,0.03048939,0.03052458,0.03056308,0.03057188,0.03058635,0.03057223,0.03056583,0.03053273,0.0305087,0.03045947,0.03042032,0.03035709,0.03030477,0.03022929,0.03016551,0.03007944,0.0300059,0.02991101,0.02982962,0.02972792,0.02964081,0.02953459,0.02944424,0.0293361,0.02924524,0.02913805,0.02904969,0.02894658,0.02886394,0.02876821,0.0286947,0.02860981,0.02854892,0.02847842,0.02843372,0.02838117,0.02835619,0.0283251,0.02832331,0.02831702,0.02834156,0.02836301,0.02841647,0.02846779,0.02855168,0.02863357,0.02874742,0.02885803,0.02899817,0.02913189,0.02928987,0.02943685,0.02959879,0.02974499,0.02989592,0.03002489,0.03015712,0.03025446
0.02921486,0.02929112,0.02938379,0.0294202,0.02947521,0.02947482,0.02949551,0.02946441,0.02945699,0.02940034,0.02936995,0.02929242,0.02924322,0.02914862,0.02908402,0.02897551,0.02889842,0.02877882,0.02869196,0.02856396,0.02847002,0.02833636,0.0282381,0.02810162,0.02800198,0.02786568,0.02776774,0.0276348,0.02754179,0.02741553,0.02733085,0.02721471,0.02714188,0.02703944,0.02698207,0.02689696,0.02685873,0.02679465,0.02677927,0.02673991,0.02675104,0.02673998,0.0267811,0.02680158,0.02687564,0.02693017,0.02703909,0.02712868,0.02727234,0.0273953,0.0275701,0.02772032,0.02791789,0.02808321,0.02829024,0.02845369,0.0286522,0.02879724,0.028966,0.02908213
0.0277889,0.02788656,0.0279794,0.02802993,0.02807633,0.02808386,0.02809026,0.02806039,0.02803302,0.02797285,0.02791833,0.02783418,0.02775832,0.0276554,0.02756298,0.02744561,0.02734063,0.02721252,0.02709848,0.02696298,0.02684312,0.02670339,0.02658086,0.02644003,0.02631799,0.02617923,0.02606088,0.02592743,0.02581607,0.02569127,0.02559029,0.0254776,0.02539052,0.0252935,0.02522393,0.02514624,0.02509789,0.02504327,0.02501992,0.02499219,0.02499764,0.02500056,0.0250385,0.02507558,0.02514922,0.02522329,0.02533484,0.02544723,0.02559676,0.0257459,0.02592976,0.02610959,0.02631845,0.02651729,0.02673504,0.02693558,0.02714289,0.02732429,0.02750632,0.02764885
0.02612853,0.02622528,0.02633074,0.02637499,0.02642964,0.02642452,0.02643315,0.0263865,0.02635753,0.02627744,0.02621908,0.02611322,0.02603254,0.0259074,0.02581019,0.02567099,0.02556197,0.02541304,0.02529616,0.02514121,0.02501995,0.02486231,0.02473992,0.02458278,0.02446241,0.0243089,0.0241937,0.02404699,0.02394015,0.0238035,0.02370833,0.0235851,0.02350503,0.02339871,0.0233373,0.02325151,0.02321244,0.02315092,0.02313802,0.02310465,0.0231218,0.02312045,0.0231715,0.02320586,0.02329428,0.0233674,0.02349563,0.02360904,0.02377737,0.02392964,0.02413448,0.02431922,0.02455135,0.02475533,0.02499945,0.02520331,0.02543858,0.0256217,0.02582424,0.02597111
0.02428893,0.02439501,0.02449259,0.02454248,0.02458471,0.02458279,0.02457685,0.02453063,0.02448525,0.02440429,0.02432866,0.02422179,0.02412401,0.02399847,0.02388503,0.02374657,0.02362257,0.02347572,0.02334526,0.02319375,0.0230603,0.0229074,0.02277408,0.02262283,0.02249266,0.02234603,0.02222197,0.02208296,0.02196806,0.02183976,0.0217372,0.02162284,0.02153591,0.02143888,0.02137105,0.0212949,0.02124982,0.02119826,0.02117972,0.02115664,0.02116858,0.02117792,0.02122428,0.02126988,0.02135425,0.02143934,0.02156436,0.02169066,0.02185673,0.02202292,0.02222646,0.02242624,0.02265755,0.02287826,0.0231202,0.02334286,0.02357393,0.02377567,0.02397691,0.02413568
0.02231761,0.02241449,0.02251582,0.02255494,0.0226002,0.02258543,0.02258093,0.0225216,0.02247749,0.02238374,0.02231012,0.02219136,0.02209682,0.02196072,0.02185195,0.02170435,0.02158645,0.02143182,0.02130872,0.0211506,0.02102553,0.02086696,0.02074281,0.0205866,0.02046614,0.02031503,0.02020102,0.02005781,0.01995311,0.01982073,0.01972834,0.01960988,0.01953297,0.01943169,0.01937363,0.01929298,0.01925733,0.01920097,0.01919147,0.01916325,0.01918384,0.01918771,0.01924236,0.01928222,0.01937462,0.01945379,0.01958669,0.01970701,0.01988099,0.02004125,0.02025281,0.02044666,0.02068634,0.02090033,0.02115204,0.02136605,0.021608,0.02179971,0.02200758,0.0221591
0.02026296,0.0203608,0.02045012,0.02049031,0.02052329,0.02051095,0.02049563,0.02043968,0.02038624,0.02029742,0.02021615,0.02010412,0.02000364,0.01987596,0.01976282,0.01962509,0.01950408,0.01936042,0.01923516,0.01908878,0.01896219,0.01881581,0.01869049,0.01854665,0.01842512,0.01828633,0.01817115,0.01804002,0.01793387,0.01781315,0.01771886,0.01761149,0.0175321,0.01744121,0.01737995,0.01730886,0.01726918,0.01722146,0.01720702,0.01718641,0.01720106,0.01721149,0.01725918,0.01730453,0.01738895,0.01747258,0.01759655,0.01772039,0.01788455,0.0180475,0.01824849,0.01844443,0.01867274,0.01888896,0.0191277,0.01934511,0.01957256,0.01976831,0.01996415,0.02011641
0.01816993,0.01825478,0.01834343,0.01837277,0.01840788,0.01838644,0.01837528,0.01831296,0.0182661,0.01817341,0.01810102,0.01798722,0.01789757,0.01776979,0.01766893,0.01753229,0.01742455,0.01728275,0.01717131,0.01702718,0.01691463,0.01677059,0.01665925,0.01651759,0.01640975,0.01627279,0.01617081,0.01604097,0.01594736,0.01582723,0.01574467,0.01563702,0.01556837,0.01547618,0.01542453,0.01535097,0.01531961,0.01526809,0.01526053,0.01523467,0.01525464,0.01525823,0.01530956,0.01534641,0.01543275,0.01550618,0.01563032,0.01574228,0.01590497,0.0160545,0.01625255,0.01643372,0.01665811,0.01685819,0.01709338,0.01729312,0.01751818,0.01769587,0.01788809,0.01802593
0.01608144,0.01616331,0.01624003,0.01626974,0.01629601,0.0162791,0.016263,0.01620839,0.01615983,0.01607762,0.01600608,0.01590493,0.01581793,0.01570432,0.01560729,0.01548572,0.01538247,0.01525618,0.01514949,0.01502094,0.01491309,0.01478445,0.01467753,0.01455086,0.01444697,0.0143244,0.01422573,0.01410952,0.01401839,0.01391095,0.01382988,0.0137338,0.01366547,0.01358355,0.01353085,0.01346607,0.01343209,0.01338764,0.0133757,0.01335503,0.01336866,0.01337537,0.01341823,0.01345596,0.01353156,0.01360353,0.01371461,0.01382275,0.01397009,0.01411358,0.01429424,0.01446755,0.01467292,0.01486435,0.01507903,0.01527098,0.01547498,0.01564661,0.01582082,0.01595261
0.01403695,0.01410584,0.01418076,0.01420223,0.01423173,0.01421053,0.01420156,0.01414666,0.01410851,0.01402905,0.01397035,0.013874,0.01380148,0.0136939,0.01361231,0.01349744,0.01341005,0.01329069,0.01319993,0.01307825,0.01298615,0.01286408,0.01277252,0.01265196,0.01256285,0.01244575,0.01236111,0.01224954,0.01217153,0.01206773,0.01199865,0.01190501,0.01184734,0.01176643,0.01172283,0.0116574,0.01163071,0.01158372,0.01157703,0.01155165,0.01156822,0.01156783,0.0116111,0.0116391,0.01171236,0.01177182,0.01187769,0.01197048,0.01210978,0.01223523,0.0124053,0.01255833,0.01275131,0.01292084,0.01312303,0.01329223,0.01348532,0.01363512,0.01379966,0.01391437
0.01207007,0.01213466,0.01219951,0.01222176,0.01224591,0.01223078,0.01222112,0.01217606,0.01214074,0.01207386,0.01202042,0.0119385,0.01187268,0.01178062,0.0117065,0.01160769,0.01152811,0.01142496,0.01134205,0.01123649,0.01115204,0.0110458,0.01096153,0.01085632,0.01077397,0.01067158,0.01059298,0.0104953,0.0104224,0.01033145,0.01026634,0.01018429,0.01012921,0.01005836,0.01001571,0.009958563,0.009930922,0.009890135,0.009880276,0.00985874,0.009869648,0.009870432,0.00990524,0.009931475,0.009993231,0.01004775,0.0101389,0.0102235,0.01034486,0.01045901,0.01060828,0.01074745,0.01091752,0.01107196,0.01125003,0.011405,0.01157437,0.01171257,0.01185722,0.01196272
0.01020926,0.01026226,0.01032468,0.01034101,0.0103684,0.01035186,0.01034967,0.01030724,0.01028258,0.01022118,0.01018051,0.01010584,0.01005414,0.00997033,0.009911086,0.009821039,0.009756686,0.009662505,0.009594901,0.009498283,0.009429029,0.009331526,0.009262157,0.009165308,0.009097381,0.009002781,0.008937934,0.008847271,0.008787241,0.008702306,0.008648942,0.008571647,0.008526924,0.008459315,0.008425346,0.008369612,0.008348667,0.008307169,0.008301705,0.008277001,0.00828967,0.008284498,0.008318097,0.008335267,0.008392544,0.008434628,0.008517817,0.008586483,0.008696401,0.008791275,0.00892596,0.009043122,0.009196408,0.009327131,0.009488126,0.009619056,0.009773228,0.00988922,0.01002127,0.01010988
0.008475785,0.008523688,0.008577264,0.008593835,0.008617277,0.008606203,0.008604561,0.008571179,0.00855035,0.008500491,0.00846587,0.008404383,0.008360062,0.008290467,0.008239371,0.008164126,0.008108352,0.008029272,0.007970436,0.007889004,0.007828513,0.007746098,0.007685303,0.007603256,0.007543523,0.007463241,0.007405999,0.007328945,0.007275698,0.007203423,0.007155766,0.007089918,0.007049549,0.006991884,0.006960618,0.006913018,0.006892809,0.006857307,0.006850274,0.006829081,0.006837523,0.00683302,0.006859377,0.006874025,0.006920715,0.006956788,0.007025804,0.007084818,0.00717695,0.007258662,0.007372321,0.007473447,0.007603366,0.0077166,0.007853163,0.007967399,0.008097984,0.008200184,0.008312667,0.008390808
0.006885875,0.006923513,0.006973191,0.006984944,0.007009869,0.006998215,0.007001987,0.006971752,0.006959267,0.006915213,0.006890907,0.006836927,0.006804263,0.00674324,0.006704671,0.006638675,0.006595964,0.006526537,0.006481065,0.006409482,0.006362459,0.006289893,0.006242477,0.006170087,0.006123443,0.006052415,0.006007752,0.005939324,0.005897908,0.005833382,0.005796548,0.005737302,0.00570647,0.005653972,0.005630655,0.005586479,0.005572312,0.005538161,0.00553492,0.005512656,0.00552228,0.005513917,0.005538476,0.00554611,0.005587672,0.005613262,0.005673559,0.005718445,0.005798215,0.005862284,0.005960268,0.006040846,0.006152748,0.006243663,0.00636175,0.006453454,0.006567331,0.006648957,0.006747514,0.006810154
0.0054504,0.005482317,0.005523437,0.005534303,0.005555095,0.005547267,0.00555096,0.005527817,0.005518266,0.005483622,0.005464383,0.00542145,0.005395236,0.005346392,0.005315191,0.005262129,0.005227402,0.005171404,0.005134301,0.005076429,0.005037957,0.004979189,0.00494031,0.004881604,0.004843277,0.004785608,0.004748824,0.004693202,0.00465899,0.004606473,0.004575916,0.004527621,0.004501864,0.004458978,0.004439249,0.004403044,0.004390664,0.004362524,0.004358941,0.004340382,0.004347179,0.004339853,0.004358733,0.004364369,0.004397046,0.00441728,0.004465211,0.004501187,0.004565037,0.004616726,0.004695557,0.004760866,0.004851229,0.004925311,0.005020758,0.005096153,0.005188125,0.005256002,0.005336257,0.005388298
0.00417672,0.00419996,0.004235513,0.004242429,0.004262352,0.004254239,0.004260531,0.004240444,0.004236146,0.00420703,0.004194906,0.00415918,0.004141449,0.004100948,0.004079194,0.004035274,0.00401066,0.003964343,0.003937789,0.003889928,0.003862242,0.003813619,0.003785566,0.003736943,0.003709284,0.00366143,0.003634943,0.003588653,0.003564144,0.003520244,0.003498556,0.003457916,0.003439944,0.003403489,0.003390185,0.003358908,0.003351305,0.003326289,0.003325518,0.003307954,0.003315264,0.003306455,0.003323192,0.003324516,0.003352048,0.003364815,0.003404322,0.003429475,0.003481526,0.003519104,0.003583016,0.003631432,0.003704593,0.003759991,0.003837621,0.00389395,0.003969491,0.004019844,0.004085928,0.004124798
0.003069554,0.003087379,0.003114668,0.003120168,0.003135504,0.003129978,0.003135151,0.003120471,0.003117704,0.003096068,0.003087426,0.003060715,0.003047793,0.003017426,0.003001415,0.002968417,0.002950205,0.002915361,0.002895652,0.002859613,0.002839022,0.002802383,0.002781491,0.00274483,0.00272421,0.002688104,0.002668339,0.002633383,0.002615075,0.002581886,0.002565662,0.002534886,0.00252141,0.002493736,0.002483717,0.002459883,0.002454091,0.002434906,0.002434187,0.002420545,0.002425835,0.002418719,0.002431038,0.002431489,0.002451878,0.002460901,0.002490269,0.002508599,0.002547408,0.002575107,0.002622895,0.002658823,0.002713653,0.002755049,0.002813192,0.002855741,0.00291218,0.0029507,0.003000587,0.003030061
0.00213126,0.002142779,0.002163702,0.002166644,0.002179398,0.002174193,0.002179589,0.002168002,0.002167653,0.002151214,0.002146572,0.002126531,0.002118815,0.002096142,0.002086217,0.002061654,0.002050148,0.002024255,0.002011675,0.001984917,0.001971702,0.001944505,0.001931069,0.001903842,0.00189059,0.001863742,0.001851085,0.001825035,0.001813395,0.001788575,0.001778391,0.001755254,0.001746991,0.001726019,0.001720173,0.001701885,0.001698994,0.001683958,0.00168462,0.001673466,0.001678342,0.001671768,0.001681581,0.00168033,0.001695826,0.001700618,0.001722453,0.001733827,0.001762349,0.001780381,0.001815283,0.001839191,0.001879167,0.001906913,0.001949573,0.001977916,0.002019857,0.002045144,0.002082039,0.002101732
0.001363619,0.001371118,0.001384975,0.00138683,0.001395196,0.001391976,0.001395641,0.00138817,0.001388145,0.001377422,0.001374652,0.001361544,0.001356764,0.001341932,0.001335698,0.001319623,0.001312352,0.001295403,0.001287426,0.00126991,0.001261514,0.001243709,0.001235165,0.001217337,0.001208906,0.001191321,0.00118327,0.001166198,0.001158798,0.001142517,0.00113605,0.001120852,0.001115618,0.001101812,0.00109813,0.001086051,0.001084267,0.001074282,0.001074782,0.0010673,0.001070514,0.001065987,0.001072386,0.0010713,0.001081372,0.001084202,0.001098381,0.001105484,0.001124009,0.001135444,0.001158135,0.001173415,0.001199419,0.001217315,0.001244949,0.00126351,0.00129048,0.00130733,0.001331416,0.001344204
0.0007665161,0.0007704759,0.0007787739,0.0007796385,0.0007850822,0.0007827264,0.0007853535,0.0007806973,0.0007811313,0.0007747264,0.0007734967,0.0007657593,0.0007633718,0.0007546417,0.0007514293,0.0007419882,0.0007381838,0.0007282411,0.0007240344,0.0007137652,0.0007093209,0.0006988837,0.0006943554,0.0006839018,0.000679439,0.0006691194,0.0006648725,0.0006548396,0.000650962,0.0006413733,0.0006380245,0.0006290444,0.0006263925,0.0006181959,0.0006164209,0.0006091965,0.0006084949,0.0006024507,0.0006030405,0.0005984082,0.0006005336,0.0005975713,0.0006015008,0.0006004862,0.0006064991,0.0006077044,0.0006160507,0.0006196846,0.0006305058,0.0006366145,0.0006498087,0.0006581153,0.0006732404,0.0006829336,0.000699252,0.0007090354,0.0007253767,0.0007339048,0.0007480984,0.0007550493
0.0003406222,0.000342369,0.0003461508,0.0003464615,0.0003488432,0.0003478581,0.0003490374,0.0003469624,0.0003471956,0.0003442839,0.0003438121,0.0003402855,0.0003392967,0.0003353253,0.0003339619,0.0003296701,0.00032804,0.000323523,0.0003217115,0.0003170483,0.0003151293,0.0003103913,0.0003084336,0.0003036887,0.0003017591,0.0002970746,0.00029524,0.0002906841,0.000289013,0.0002846558,0.0002832191,0.0002791339,0.0002780062,0.0002742709,0.0002735325,0.000270231,0.0002699694,0.0002671947,0.0002675072,0.0002653628,0.0002663588,0.0002649604,0.0002667603,0.0002662325,0.000268962,0.0002694278,0.0002731999,0.0002747539,0.0002796334,0.0002822951,0.0002882419,0.0002918928,0.0002986954,0.000303029,0.0003102626,0.0003147867,0.000321869,0.0003259773,0.0003323446,0.0003354307
8.491368e-05,8.547484e-05,8.63056e-05,8.661272e-05,8.735556e-05,8.701265e-05,8.731917e-05,8.682739e-05,8.681232e-05,8.621892e-05,8.593348e-05,8.521888e-05,8.479539e-05,8.396425e-05,8.345446e-05,8.254399e-05,8.196838e-05,8.100035e-05,8.03805e-05,7.937429e-05,7.872909e-05,7.770236e-05,7.704927e-05,7.601887e-05,7.537482e-05,7.435748e-05,7.373936e-05,7.275205e-05,7.217706e-05,7.123723e-05,7.072321e-05,6.984914e-05,6.941482e-05,6.862594e-05,6.82914e-05,6.760874e-05,6.739591e-05,6.684269e-05,6.677601e-05,6.63782e-05,6.648511e-05,6.627176e-05,6.658258e-05,6.658507e-05,6.713147e-05,6.738076e-05,6.819128e-05,6.871151e-05,6.980351e-05,7.060701e-05,7.196409e-05,7.301391e-05,7.461985e-05,7.571631e-05,7.767643e-05,7.851426e-05,8.081039e-05,8.124522e-05,8.282058e-05,8.371382e-05
0,0,0,0,0,0,0,0,0,0,0,0,0,0,0,0,0,0,0,0,0,0,0,0,0,0,0,0,0,0,0,0,0,0,0,0,0,0,0,0,0,0,0,0,0,0,0,0,0,0,0,0,0,0,0,0,0,0,0,0
