8.805601e-11,3.483337e-10,5.723818e-10,2.26964e-10,2.166946e-12,3.539079e-10,3.586613e-10,1.297179e-10,1.197019e-10,2.671368e-10,2.342587e-10,3.205624e-10,3.226801e-10,6.382928e-11,7.092884e-11,1.880506e-10,1.078206e-10,2.916377e-10,2.86133e-10,5.634359e-11,1.752131e-10,1.830408e-10,1.726849e-10,4.04055e-10,2.932786e-10,2.533406e-10,2.923305e-10,3.705408e-10,4.233614e-10,2.056023e-10,2.244091e-10,3.826705e-10,4.148717e-11,5.177563e-10,2.164821e-11,7.407942e-10,4.850054e-10,2.755189e-11,3.151509e-10,1.488628e-10,2.321506e-10,1.394619e-10,7.161283e-11,4.957432e-10,6.37187e-10,4.077745e-10,8.075717e-11,5.216878e-11,6.913255e-11,2.538122e-11,6.721222e-10,4.652558e-11,2.578015e-10,2.10401e-11,5.018405e-10,8.503618e-10,1.892103e-10,3.487174e-11,4.148781e-10,2.731251e-10
3.708733e-06,3.466722e-06,3.739139e-06,3.535907e-06,3.741282e-06,3.058557e-06,3.338038e-06,2.835842e-06,3.062006e-06,2.781206e-06,3.084338e-06,3.193256e-06,4.141201e-06,4.259513e-06,4.946752e-06,4.674139e-06,5.171012e-06,4.785892e-06,5.231017e-06,4.811835e-06,5.235517e-06,4.80404e-06,5.214559e-06,4.781026e-06,5.185072e-06,4.756382e-06,5.152676e-06,4.730625e-06,5.120262e-06,4.706303e-06,5.088508e-06,4.680311e-06,5.05058e-06,4.650968e-06,5.011482e-06,4.620384e-06,4.969965e-06,4.587241e-06,4.925914e-06,4.551562e-06,4.876934e-06,4.508624e-06,4.818709e-06,4.456528e-06,4.74628e-06,4.374237e-06,4.588489e-06,4.063435e-06,3.883961e-06,2.92759e-06,2.682031e-06,2.331307e-06,2.621086e-06,2.449779e-06,2.73276e-06,2.310659e-06,3.601372e-06,2.75252e-06,3.519916e-06,3.354891e-06
1.230579e-05,1.29553e-05,1.206145e-05,1.201827e-05,1.080058e-05,1.142316e-05,9.876468e-06,1.029269e-05,9.273067e-06,9.760476e-06,9.510142e-06,1.244228e-05,1.520206e-05,1.857442e-05,1.897986e-05,2.062741e-05,2.005392e-05,2.122484e-05,2.038387e-05,2.139908e-05,2.045977e-05,2.140249e-05,2.042265e-05,2.132236e-05,2.032596e-05,2.119804e-05,2.020799e-05,2.106367e-05,2.009074e-05,2.093268e-05,1.998042e-05,2.081178e-05,1.988364e-05,2.069283e-05,1.977904e-05,2.055947e-05,1.965547e-05,2.04014e-05,1.95021e-05,2.020735e-05,1.931244e-05,1.99767e-05,1.908751e-05,1.970673e-05,1.88091e-05,1.931225e-05,1.817092e-05,1.790548e-05,1.51416e-05,1.228071e-05,8.981363e-06,9.266164e-06,8.853633e-06,9.838438e-06,9.921764e-06,1.219358e-05,1.007675e-05,1.281819e-05,1.17641e-05,1.276397e-05
2.003636e-05,1.94163e-05,2.001911e-05,1.922385e-05,1.936732e-05,1.704656e-05,1.739982e-05,1.566804e-05,1.609268e-05,1.527294e-05,1.681967e-05,2.178776e-05,3.238535e-05,3.84013e-05,4.34264e-05,4.423703e-05,4.645189e-05,4.581465e-05,4.726879e-05,4.617592e-05,4.734041e-05,4.605437e-05,4.707812e-05,4.571217e-05,4.667523e-05,4.52956e-05,4.623293e-05,4.487471e-05,4.580505e-05,4.44846e-05,4.540811e-05,4.411705e-05,4.501353e-05,4.374958e-05,4.461007e-05,4.33602e-05,4.416797e-05,4.291871e-05,4.365855e-05,4.239779e-05,4.30509e-05,4.176467e-05,4.231876e-05,4.099712e-05,4.139924e-05,3.984398e-05,3.943551e-05,3.586998e-05,3.084633e-05,2.115769e-05,1.526075e-05,1.337087e-05,1.426446e-05,1.406842e-05,1.51999e-05,1.418681e-05,1.843882e-05,1.647982e-05,1.905845e-05,1.892397e-05
2.503245e-05,2.619509e-05,2.456721e-05,2.439975e-05,2.210384e-05,2.307896e-05,2.018224e-05,2.082518e-05,1.890583e-05,1.973254e-05,2.131159e-05,4.529009e-05,7.732566e-05,0.0001018568,0.0001120446,0.0001200256,0.0001213607,0.0001248476,0.0001237391,0.0001257606,0.0001237062,0.0001250722,0.0001225746,0.0001236174,0.000120929,0.0001218434,0.0001191398,0.000120048,0.0001174249,0.0001183743,0.0001158607,0.0001168509,0.0001144346,0.000115406,0.0001130283,0.0001139203,0.0001115272,0.0001122778,0.0001098131,0.0001103631,0.0001077851,0.0001080978,0.0001053834,0.000105419,0.0001024321,0.0001016084,9.642709e-05,8.948267e-05,7.084871e-05,4.369521e-05,2.077098e-05,1.861734e-05,1.795895e-05,1.982533e-05,2.010014e-05,2.429361e-05,2.062399e-05,2.568067e-05,2.392345e-05,2.57896e-05
2.663237e-05,2.573368e-05,2.662844e-05,2.554767e-05,2.585152e-05,2.259084e-05,2.321148e-05,2.076749e-05,2.149501e-05,2.053114e-05,3.405848e-05,0.0001214321,0.0002481671,0.0003303217,0.0003756494,0.0003963078,0.0004091339,0.0004132128,0.0004170184,0.0004156128,0.0004158583,0.0004119686,0.0004104932,0.0004054133,0.0004031984,0.0003977177,0.0003953715,0.0003899812,0.0003878497,0.0003827824,0.0003809622,0.0003762151,0.0003746003,0.000370041,0.0003684492,0.0003638765,0.000362085,0.0003572811,0.0003550633,0.0003498162,0.0003469627,0.0003411059,0.0003374897,0.0003308862,0.0003259883,0.000316573,0.0003035347,0.0002725067,0.0002104433,0.0001079645,3.279643e-05,1.806986e-05,1.902508e-05,1.85981e-05,2.016088e-05,1.858574e-05,2.467301e-05,2.169004e-05,2.532567e-05,2.507042e-05
2.760427e-05,2.903425e-05,2.705263e-05,2.690379e-05,2.416245e-05,2.55953e-05,2.207561e-05,2.306448e-05,2.060624e-05,2.206284e-05,8.943999e-05,0.0005335208,0.001024239,0.001321949,0.001471,0.001552983,0.001591009,0.001614843,0.001619727,0.001622639,0.001613506,0.001606493,0.001590388,0.001578482,0.001559297,0.001545644,0.00152595,0.001512565,0.00149385,0.001481681,0.001464427,0.001453525,0.001437434,0.001427182,0.001411497,0.001401048,0.001384888,0.001373324,0.001355775,0.001342194,0.00132246,0.001306227,0.001283916,0.001264715,0.00123855,0.001210258,0.001158604,0.001059556,0.0008394179,0.0004466041,8.207762e-05,2.097221e-05,1.971239e-05,2.197194e-05,2.226544e-05,2.74565e-05,2.24854e-05,2.879227e-05,2.639236e-05,2.858915e-05
2.733216e-05,2.622806e-05,2.73567e-05,2.617771e-05,2.672006e-05,2.302551e-05,2.393094e-05,2.119498e-05,2.211764e-05,2.586425e-05,0.0004892839,0.002095596,0.003313076,0.003957694,0.004301596,0.004489345,0.004595611,0.004648142,0.004670645,0.00466659,0.004649725,0.004617064,0.004579913,0.004532916,0.00448674,0.004434634,0.004386873,0.004335608,0.004290613,0.00424307,0.004202253,0.004158614,0.004121039,0.004079653,0.00404316,0.00400161,0.003963594,0.00391922,0.003876976,0.00382718,0.003778345,0.003721365,0.003665099,0.003601111,0.003536707,0.0034566,0.003344787,0.003129307,0.002671491,0.001712848,0.000407642,2.452221e-05,1.954662e-05,1.882611e-05,2.06212e-05,1.849548e-05,2.565817e-05,2.17883e-05,2.598357e-05,2.551834e-05
2.777833e-05,2.945698e-05,2.719181e-05,2.718843e-05,2.407627e-05,2.60327e-05,2.188218e-05,2.367854e-05,1.974138e-05,5.371021e-05,0.002148167,0.005038993,0.006697855,0.007641725,0.008167431,0.008491462,0.008665898,0.00877021,0.008799456,0.008800843,0.008756942,0.008704214,0.008621832,0.008541584,0.008441904,0.008351635,0.008248927,0.008160026,0.008062688,0.007980683,0.007891541,0.007816892,0.007734345,0.007663831,0.007583758,0.007512752,0.00743023,0.007353621,0.007263511,0.007176316,0.007074216,0.006973201,0.006857888,0.006744356,0.00661752,0.006483035,0.006295421,0.005983472,0.005346103,0.004065583,0.001745836,5.193708e-05,1.804819e-05,2.279614e-05,2.216648e-05,2.843521e-05,2.226189e-05,2.951385e-05,2.653921e-05,2.899947e-05
2.711734e-05,2.645712e-05,2.720925e-05,2.64514e-05,2.667609e-05,2.318341e-05,2.370946e-05,2.143839e-05,2.238099e-05,0.0003690467,0.004989215,0.008501372,0.01053112,0.01176015,0.012491,0.01294796,0.01321207,0.01335757,0.01340916,0.01339952,0.01334003,0.01324706,0.01312847,0.01299281,0.01284762,0.01269626,0.0125463,0.01239682,0.01225504,0.01211611,0.01198693,0.01185934,0.01174028,0.01161928,0.01150411,0.01138266,0.01126382,0.01113408,0.01100363,0.01085792,0.01070906,0.01054239,0.01037335,0.01018811,0.01000318,0.009791966,0.009533069,0.009106181,0.008309814,0.006769712,0.003995872,0.0003020641,1.765073e-05,2.038354e-05,1.947052e-05,1.890125e-05,2.53823e-05,2.200475e-05,2.563975e-05,2.579997e-05
2.769855e-05,2.982611e-05,2.719978e-05,2.736431e-05,2.400128e-05,2.604535e-05,2.196765e-05,2.274598e-05,2.509017e-05,0.002127242,0.008247226,0.01228119,0.01470062,0.01624344,0.01718028,0.01779299,0.01813844,0.01834292,0.01840211,0.01839534,0.01830136,0.01817952,0.01800333,0.01782216,0.01760865,0.01740539,0.01718496,0.01698397,0.01677473,0.01658808,0.01639635,0.0162253,0.01604794,0.01588581,0.01571422,0.01555125,0.01537504,0.01520032,0.01500858,0.01481137,0.01459483,0.01436812,0.0141244,0.01387123,0.01360698,0.01331991,0.01296773,0.01242227,0.01144746,0.009639694,0.00651097,0.00165203,2.366451e-05,2.296455e-05,2.156221e-05,2.941704e-05,2.159032e-05,3.022946e-05,2.631366e-05,2.943274e-05
2.744762e-05,2.632395e-05,2.759429e-05,2.623869e-05,2.731318e-05,2.256249e-05,2.507766e-05,1.92879e-05,4.842115e-05,0.00507722,0.01182403,0.01632411,0.01917343,0.02100256,0.02217727,0.02292498,0.02337739,0.02361894,0.02370638,0.0236786,0.02356719,0.02339108,0.02317206,0.02291937,0.02265119,0.02237004,0.02209203,0.02181387,0.02154956,0.02129011,0.02104786,0.02080883,0.02058452,0.02035747,0.02014013,0.01991249,0.01968868,0.01944631,0.01920188,0.01893084,0.01865368,0.0183447,0.01803147,0.01768773,0.01734653,0.01695918,0.01651298,0.01582464,0.01467922,0.0125965,0.009152357,0.003860403,4.470446e-05,1.562707e-05,2.113638e-05,1.785124e-05,2.617414e-05,2.155958e-05,2.596627e-05,2.563837e-05
2.858118e-05,2.94712e-05,2.803617e-05,2.689277e-05,2.472205e-05,2.506387e-05,2.332692e-05,1.953414e-05,7.806009e-05,0.008241532,0.01568462,0.02061663,0.02388268,0.02600543,0.02740041,0.02829708,0.02883822,0.02913256,0.02922804,0.02919468,0.0290436,0.02882815,0.02854258,0.02823296,0.02788534,0.02754075,0.02717988,0.02683896,0.026494,0.02617612,0.02585759,0.02556496,0.02526798,0.02498994,0.02470087,0.02442183,0.0241241,0.02382656,0.02350262,0.02316931,0.02280425,0.02242361,0.02201271,0.02158727,0.02113851,0.02065612,0.02008117,0.01925467,0.01791381,0.01558454,0.01185498,0.006156509,7.715281e-05,1.473325e-05,2.521579e-05,2.757484e-05,2.288779e-05,2.938828e-05,2.735919e-05,2.887768e-05
2.834452e-05,2.593818e-05,2.832687e-05,2.59594e-05,2.800513e-05,2.207674e-05,2.5768e-05,1.922118e-05,0.0006791849,0.01158734,0.01976675,0.02509388,0.02876228,0.03114036,0.03276081,0.03377596,0.03441936,0.03473961,0.03485966,0.03479491,0.03462147,0.03434104,0.03400637,0.03361443,0.03320497,0.03277188,0.03234546,0.03191685,0.03150786,0.03110663,0.03072745,0.03035601,0.03000046,0.02964619,0.02929793,0.0289423,0.02858153,0.02820383,0.02780954,0.02738937,0.0269435,0.02646692,0.02596257,0.02543063,0.024873,0.02426804,0.02355559,0.02256794,0.02103323,0.01848168,0.01450631,0.0084369,0.0004819598,9.880281e-06,2.472778e-05,1.537294e-05,2.818584e-05,2.024254e-05,2.709501e-05,2.497283e-05
2.910082e-05,2.984654e-05,2.835272e-05,2.74547e-05,2.430137e-05,2.63844e-05,2.067802e-05,3.689787e-05,0.003908546,0.01533113,0.0239983,0.02974292,0.03372077,0.03635888,0.03814508,0.03929095,0.03999398,0.04035828,0.04046875,0.04039375,0.04016801,0.03984516,0.03943375,0.03898263,0.03848486,0.03798633,0.03746837,0.03697434,0.03647514,0.03601143,0.03554486,0.03511405,0.03467271,0.03425961,0.03382414,0.03340721,0.03295467,0.03251008,0.03201605,0.03152032,0.03096385,0.03040086,0.02977231,0.02914032,0.02843914,0.02771212,0.0268214,0.02567547,0.02392081,0.021201,0.01700025,0.01075937,0.002538709,2.742148e-05,2.407572e-05,2.769896e-05,2.309365e-05,2.933553e-05,2.794224e-05,2.893473e-05
2.802407e-05,2.694307e-05,2.787802e-05,2.727699e-05,2.682928e-05,2.407522e-05,2.069951e-05,5.024859e-05,0.007793594,0.01938781,0.02835208,0.03445447,0.03867882,0.04151366,0.04344128,0.04467137,0.04543254,0.04580597,0.04591792,0.04580389,0.04554378,0.04515289,0.04468651,0.0441523,0.0435903,0.04300306,0.04241835,0.04183517,0.04126989,0.04071864,0.04018712,0.03966962,0.03916242,0.03866127,0.0381562,0.03764708,0.03711825,0.03657464,0.03599469,0.03539057,0.03473566,0.03405239,0.03330925,0.0325406,0.0316999,0.03080817,0.02973724,0.02839487,0.02643815,0.02356684,0.01921938,0.01296857,0.004873156,4.191525e-05,1.784867e-05,1.7708e-05,2.711678e-05,2.118356e-05,2.649759e-05,2.589836e-05
2.871126e-05,3.141625e-05,2.803607e-05,2.906016e-05,2.317187e-05,2.925192e-05,1.928462e-05,8.470531e-05,0.01133701,0.02367206,0.03278513,0.03917935,0.04353419,0.04653001,0.04851788,0.04982397,0.05058728,0.05097912,0.051052,0.05091869,0.05059291,0.05015967,0.0496125,0.0490237,0.04837418,0.04772729,0.04705339,0.04640887,0.04575437,0.04514061,0.04451938,0.04393715,0.04333783,0.04276667,0.04216398,0.04157682,0.04094239,0.04031031,0.03961438,0.03890906,0.03812581,0.03732627,0.0364385,0.03553189,0.03451915,0.03345304,0.03216862,0.03062144,0.02845691,0.02546757,0.02104943,0.01492309,0.006808684,6.556751e-05,1.497795e-05,3.210399e-05,2.037034e-05,3.146935e-05,2.703277e-05,3.047472e-05
2.751941e-05,2.832715e-05,2.758362e-05,2.864699e-05,2.636296e-05,2.544214e-05,1.963119e-05,9.182558e-05,0.01483401,0.02805596,0.03724161,0.04377804,0.04818301,0.05123422,0.05324427,0.05455643,0.05531379,0.05567627,0.05572034,0.05553297,0.05516293,0.05466012,0.05406,0.05339362,0.05268807,0.05196006,0.05122898,0.05050081,0.04978735,0.04908621,0.04840212,0.04772608,0.04705699,0.04638354,0.045702,0.04500192,0.04427772,0.04352049,0.04272253,0.04187854,0.04097925,0.04002461,0.03900214,0.03791576,0.03673683,0.03545038,0.03395926,0.03217015,0.02983179,0.02672701,0.0223462,0.01642081,0.008372879,7.896442e-05,9.552729e-06,2.12516e-05,2.528721e-05,2.297722e-05,2.532848e-05,2.742742e-05
2.907489e-05,3.27099e-05,2.878093e-05,2.989849e-05,2.325992e-05,2.944417e-05,1.970386e-05,0.0007686373,0.01865937,0.03251388,0.04163635,0.04818188,0.05249973,0.05554072,0.05747828,0.05877451,0.05946162,0.05979893,0.05976947,0.0595485,0.05910178,0.05855952,0.05788128,0.05717183,0.05638742,0.05561332,0.05480218,0.0540234,0.05322596,0.05246648,0.05169112,0.05094633,0.05017632,0.0494208,0.04862647,0.04782956,0.04697977,0.04611015,0.04517335,0.04420075,0.04314896,0.04204729,0.04085409,0.03959307,0.03821266,0.0367098,0.03498495,0.03296832,0.03045732,0.0272751,0.02299493,0.01735203,0.0095835,0.0003639619,1.085677e-05,3.535633e-05,1.812291e-05,3.336115e-05,2.671548e-05,3.183481e-05
2.890647e-05,2.818924e-05,2.947001e-05,2.786577e-05,3.003997e-05,2.139017e-05,4.490396e-05,0.005715442,0.0231852,0.03690328,0.04589316,0.05220438,0.05636859,0.05925324,0.06109332,0.06228152,0.06290109,0.0631518,0.06306854,0.06277066,0.0622773,0.06166315,0.06094244,0.06016376,0.05933855,0.05849418,0.05763914,0.05678423,0.05593476,0.05508837,0.0542481,0.05340122,0.05255029,0.05167687,0.05078556,0.0498549,0.04889239,0.0478738,0.04680958,0.04567388,0.04448,0.04319882,0.04184425,0.04037913,0.0388079,0.03706836,0.03513243,0.03288995,0.03024957,0.02700971,0.02290134,0.01758123,0.01045486,0.002170455,2.531641e-05,1.772543e-05,2.790654e-05,2.214166e-05,2.632716e-05,2.724606e-05
3.220583e-05,3.225264e-05,3.257432e-05,2.819501e-05,2.734183e-05,2.138587e-05,6.696613e-05,0.01147618,0.02814709,0.04121455,0.0498633,0.05576442,0.0596462,0.06229572,0.06395786,0.06500913,0.06550744,0.06567093,0.06549727,0.06513983,0.0645733,0.06391515,0.06313047,0.06231483,0.061427,0.06054429,0.05962062,0.05871856,0.05778793,0.05687949,0.05594062,0.05501348,0.05404521,0.05307277,0.05204615,0.05099943,0.04988565,0.04873604,0.04750692,0.04622743,0.04485662,0.04341865,0.04187237,0.04023232,0.03844988,0.03651865,0.03437231,0.03197288,0.02921945,0.02599516,0.02207132,0.01716108,0.01088355,0.003934365,4.049904e-05,2.885271e-05,2.139657e-05,3.172108e-05,2.981787e-05,3.101728e-05
3.065279e-05,2.808639e-05,3.155489e-05,2.767381e-05,3.508445e-05,2.281519e-05,0.0001101858,0.01621821,0.03318824,0.04529993,0.05339186,0.05867185,0.0621972,0.06448927,0.06595723,0.06679174,0.06718051,0.06720143,0.06696396,0.06650519,0.06589991,0.06516349,0.06435239,0.06346848,0.06255448,0.06160117,0.0606414,0.05965712,0.05867295,0.05766454,0.05665027,0.05560305,0.05453785,0.05342701,0.05228483,0.05108534,0.04984148,0.04852893,0.04715947,0.0457112,0.04419308,0.04258247,0.04088228,0.03906616,0.03712637,0.03502835,0.03275002,0.03024551,0.02746485,0.02430668,0.02062144,0.01617945,0.01082824,0.004901737,4.930713e-05,1.258181e-05,3.319851e-05,2.001689e-05,2.800525e-05,2.657025e-05
3.358774e-05,3.540387e-05,3.438914e-05,3.062948e-05,2.676968e-05,2.190118e-05,0.0001435953,0.02079752,0.03810921,0.0490349,0.05629953,0.06084102,0.06389434,0.06579454,0.06700224,0.06761786,0.06784982,0.06774056,0.06740399,0.06686588,0.06619222,0.0654037,0.06453783,0.06361336,0.06264607,0.06164872,0.0606222,0.05957843,0.05850691,0.05741843,0.05629389,0.05514385,0.05394656,0.05271689,0.05142902,0.05010113,0.04870482,0.04726084,0.04573884,0.04416227,0.04249677,0.04076518,0.03892799,0.0370054,0.03495151,0.03278288,0.03044917,0.02795662,0.02523656,0.02224765,0.01886788,0.01496646,0.01052815,0.00539905,5.11515e-05,3.246121e-05,1.959041e-05,3.433551e-05,3.081108e-05,3.345096e-05
2.857092e-05,3.125744e-05,2.971496e-05,3.242215e-05,3.491635e-05,2.275134e-05,0.002134206,0.02608661,0.04273675,0.05218458,0.05840189,0.06209488,0.06462429,0.06607401,0.0670137,0.06736682,0.06745712,0.06718519,0.06677494,0.06612859,0.06541631,0.0645467,0.06365549,0.06265588,0.06165735,0.06057577,0.05950236,0.05835739,0.05721829,0.0560095,0.05479779,0.05351343,0.05221659,0.05084339,0.0494497,0.04797767,0.04647849,0.04489887,0.04328602,0.04159063,0.0398556,0.03803262,0.03615934,0.034187,0.03215005,0.0299984,0.02776533,0.02539,0.02289428,0.02017728,0.01724999,0.01395428,0.0104315,0.006046514,0.0006205798,1.739176e-05,3.328838e-05,2.220307e-05,2.493101e-05,2.925586e-05
3.58187e-05,4.205675e-05,3.656011e-05,3.78558e-05,2.401462e-05,8.484294e-05,0.01195147,0.03261232,0.046736,0.05462847,0.05949131,0.06240944,0.06428417,0.0653572,0.06593999,0.06609608,0.06597708,0.06560287,0.06506027,0.06435909,0.06355333,0.0626489,0.06167803,0.06064294,0.05955993,0.05843026,0.05725977,0.05604954,0.05479857,0.05350909,0.05217526,0.05080255,0.04938238,0.0479218,0.04641275,0.04486531,0.04327018,0.04163899,0.03996136,0.03824982,0.03649304,0.03470321,0.03286726,0.03099644,0.02907783,0.02712065,0.0251112,0.02304892,0.02090968,0.01867178,0.01631286,0.01379126,0.01109547,0.007729562,0.003432828,5.679113e-05,1.82379e-05,4.081174e-05,3.242736e-05,3.866934e-05
3.034564e-05,2.782898e-05,3.119273e-05,3.555059e-05,4.239889e-05,0.0001652022,0.02097359,0.03908649,0.0498667,0.05598362,0.05946529,0.06160685,0.0628545,0.06354434,0.06379796,0.06374242,0.06343709,0.06293732,0.06228371,0.06149983,0.06061998,0.05964889,0.05861624,0.05751344,0.05636705,0.05515997,0.05391794,0.05261929,0.05129039,0.04990729,0.04849714,0.04703586,0.04555161,0.04401979,0.04247113,0.04088238,0.0392845,0.03765514,0.03602424,0.03437101,0.03272389,0.0310647,0.02941783,0.02776951,0.02613751,0.02451466,0.02290426,0.02130687,0.01969438,0.01809169,0.01641838,0.01475387,0.01278053,0.01044662,0.005754418,1.74281e-05,6.392979e-05,1.948256e-05,2.707831e-05,2.420994e-05
5.521599e-05,5.112981e-05,5.521643e-05,3.641097e-05,5.709987e-05,0.003478009,0.02938914,0.0443623,0.05179838,0.05602745,0.05827097,0.05966533,0.06035005,0.06067771,0.06062443,0.06037535,0.05988632,0.05927859,0.05850324,0.0576533,0.05668024,0.05565986,0.05454261,0.05339333,0.05216217,0.05090789,0.04958076,0.0482374,0.04682903,0.04541241,0.04393905,0.04246731,0.04094752,0.03944092,0.03789704,0.03638158,0.03484066,0.03334514,0.03183519,0.03038928,0.02893898,0.02757307,0.02621001,0.02495286,0.02369949,0.02257261,0.02143631,0.02044207,0.01939885,0.01851363,0.01749242,0.01662982,0.01528676,0.01378178,0.009330014,0.001809473,4.232581e-05,3.524456e-05,5.519822e-05,4.32105e-05
4.155934e-05,3.244856e-05,3.312196e-05,0.000123979,0.0008505333,0.0187809,0.03777729,0.04753106,0.0521175,0.05456374,0.05583325,0.05653233,0.0567717,0.0567477,0.05645359,0.05600477,0.05537458,0.0546422,0.05377738,0.0528403,0.05180389,0.05071331,0.04954585,0.04833485,0.04706392,0.04575692,0.04440486,0.04302415,0.04161449,0.04018553,0.03874569,0.03729754,0.03585779,0.03442141,0.03301494,0.03162503,0.03028824,0.02898076,0.02775003,0.02655945,0.02546932,0.02442629,0.02350636,0.02263305,0.02190209,0.02120404,0.02066234,0.02011979,0.01974393,0.01930312,0.0190334,0.01854366,0.01813614,0.01690067,0.01487707,0.009029299,0.000466409,8.422333e-05,4.786256e-05,2.59611e-05
0.0006996134,0.0008046971,0.001253592,0.005339705,0.01785676,0.03247696,0.04325255,0.04820396,0.05056663,0.05161687,0.0521863,0.05228618,0.05221561,0.05185777,0.05140791,0.05075204,0.05003979,0.04916872,0.04825962,0.04722463,0.04616439,0.04500343,0.04382665,0.04257006,0.04130653,0.03998243,0.03866114,0.03729919,0.03595244,0.03458644,0.03325021,0.03191696,0.03062916,0.02936656,0.02816539,0.02701142,0.02593428,0.02492476,0.02400487,0.0231696,0.02243206,0.02179115,0.02124971,0.02081039,0.0204637,0.02021717,0.02004758,0.01996961,0.01994349,0.01999197,0.02005051,0.02013119,0.02010425,0.01983715,0.01885529,0.01588204,0.009949923,0.003290234,0.001101919,0.000732843
0.01311482,0.01420418,0.01665227,0.02275332,0.0322312,0.03968647,0.04444336,0.04622233,0.04711121,0.04727582,0.04733523,0.04702803,0.04671067,0.04611888,0.04554057,0.04473789,0.04396078,0.0429933,0.04205953,0.04096275,0.03990803,0.03871441,0.03757191,0.03631318,0.03511618,0.03382537,0.03260884,0.03132151,0.03012322,0.02887768,0.02773716,0.02657249,0.02552842,0.02448116,0.02356816,0.02267009,0.02191671,0.02119232,0.02061793,0.02008119,0.01969328,0.01934633,0.01914075,0.01897555,0.01893887,0.01894053,0.019054,0.0192057,0.01944839,0.01973396,0.02008078,0.02047982,0.02087036,0.02127179,0.02134109,0.02083783,0.01850993,0.01523331,0.01331261,0.01279911
0.02422449,0.02612559,0.02918611,0.033458,0.03754488,0.04043147,0.04168003,0.04204958,0.04202414,0.04180991,0.04145082,0.0409899,0.04041962,0.03976897,0.03902601,0.03821848,0.03733363,0.03639848,0.03540071,0.03436769,0.03328808,0.03218945,0.03106143,0.02993169,0.02879079,0.02766625,0.02654934,0.02546729,0.02441173,0.02340898,0.02245034,0.02156039,0.0207293,0.0199789,0.01929761,0.01870406,0.01818482,0.01775509,0.01739989,0.01713109,0.01693296,0.01681505,0.01676262,0.01678394,0.0168667,0.01701858,0.01723125,0.01751216,0.01785848,0.0182786,0.01877958,0.01937311,0.02007844,0.02089642,0.02177044,0.02254878,0.02296041,0.02293503,0.02282797,0.02319927
0.02857256,0.03039055,0.03243658,0.03439963,0.03580172,0.03636021,0.03641251,0.03617167,0.0358204,0.03536906,0.03486039,0.03426991,0.03362664,0.03290772,0.03214286,0.03131195,0.0304456,0.0295256,0.02858349,0.02760253,0.02661514,0.02560551,0.02460654,0.02360272,0.02262705,0.02166372,0.02074536,0.01985524,0.01902509,0.01823648,0.01751964,0.01685374,0.01626676,0.01573491,0.0152839,0.01488727,0.01456901,0.0143009,0.01410615,0.01395593,0.01387378,0.01383145,0.01385414,0.01391516,0.01404223,0.01421057,0.01445126,0.01474225,0.01511988,0.01556755,0.01613255,0.01681116,0.01767121,0.01872243,0.02004769,0.02154998,0.02307993,0.02446751,0.02572714,0.02705264
0.02675884,0.02807739,0.02915111,0.0298585,0.03011354,0.03008188,0.02978221,0.02940585,0.02893155,0.02843444,0.02786033,0.02726524,0.02659576,0.02590798,0.0251525,0.02438691,0.02356455,0.02274383,0.02188009,0.0210322,0.02015676,0.01931264,0.01845686,0.01764767,0.01684177,0.01609608,0.0153663,0.01470743,0.0140736,0.01351733,0.01299085,0.01254383,0.01212676,0.0117865,0.01147252,0.01122959,0.01100743,0.01084992,0.01070816,0.01062616,0.0105571,0.01054606,0.01054867,0.01061208,0.01069433,0.01084553,0.01102628,0.01129136,0.01160537,0.01203204,0.01254512,0.01322609,0.01406674,0.01517116,0.01651383,0.01817901,0.02004192,0.02193435,0.02370392,0.02530139
0.02121887,0.02214065,0.02276238,0.02309539,0.02316114,0.02297648,0.02267849,0.02228191,0.02184187,0.02134716,0.0208228,0.02025153,0.01965475,0.01901731,0.01836214,0.01767611,0.01698355,0.01627258,0.01556837,0.01485949,0.01417137,0.01349232,0.0128473,0.01222363,0.01164502,0.01109719,0.01060189,0.01014282,0.009739247,0.009372868,0.009060298,0.008781776,0.00855156,0.008349342,0.008187849,0.008047393,0.007940052,0.007847671,0.007782393,0.007728012,0.007697224,0.007675895,0.00767796,0.007691603,0.007733108,0.007793498,0.007893251,0.00802758,0.008224432,0.008486541,0.008855469,0.009347975,0.01002744,0.01092617,0.01212507,0.01358224,0.01523781,0.0169635,0.01857987,0.02002622
0.0147564,0.01545124,0.01589487,0.01611567,0.01611211,0.01599387,0.01572818,0.01541696,0.01502814,0.01462702,0.01416874,0.01370865,0.0132009,0.01270029,0.01216259,0.01164333,0.01109982,0.01058759,0.01006522,0.009587244,0.009113335,0.00869555,0.008294475,0.007957796,0.007647028,0.007403394,0.007189797,0.007039436,0.006917804,0.006849639,0.006804763,0.006800166,0.006811537,0.006849328,0.006895764,0.006955937,0.007018274,0.007083433,0.007145063,0.007200295,0.007246855,0.007279504,0.007299049,0.007299478,0.007283922,0.007247983,0.007196968,0.007132073,0.007062015,0.007001319,0.006967615,0.007005123,0.007152619,0.007500251,0.008083112,0.008989599,0.01014655,0.01144359,0.01271746,0.01384413
0.008994038,0.00943651,0.009739463,0.009903252,0.009939825,0.009844966,0.009684543,0.009459403,0.009207333,0.008923313,0.00863256,0.008326684,0.00802785,0.007728598,0.007450878,0.007188595,0.006962683,0.006767624,0.006621142,0.006516858,0.006466819,0.006462826,0.006510026,0.006599018,0.006729021,0.006891396,0.007081581,0.007293486,0.00752052,0.0077598,0.008003512,0.008251711,0.008495578,0.008737492,0.008967606,0.009189969,0.009393636,0.009583762,0.009748308,0.009893116,0.01000517,0.01009083,0.01013636,0.01014842,0.01011278,0.01003624,0.009904403,0.009724074,0.009481251,0.009183439,0.008820146,0.008405176,0.007946259,0.007488879,0.007099873,0.006893139,0.006957345,0.00730454,0.007837149,0.008440315
0.006806796,0.006728874,0.006694111,0.006674023,0.006639802,0.006608547,0.006562596,0.006526607,0.00649302,0.006481467,0.006486345,0.006521054,0.006583008,0.006678318,0.006807653,0.006968865,0.00716609,0.007389136,0.007646153,0.007920171,0.008223834,0.008534953,0.00887078,0.009205201,0.009559773,0.009905332,0.01026716,0.01061355,0.01097281,0.01131097,0.01165871,0.01197998,0.01230725,0.01260263,0.01290005,0.01315995,0.01341741,0.0136314,0.01383779,0.0139943,0.01413739,0.01422368,0.01429003,0.01429205,0.01426662,0.01416828,0.01403336,0.01381508,0.01354844,0.01318498,0.01275782,0.01221868,0.0116031,0.01087503,0.01009832,0.009263049,0.008474865,0.007801574,0.007300436,0.006980766
0.009839025,0.009422242,0.009122934,0.008925105,0.008815463,0.008785599,0.008809015,0.008884643,0.008996406,0.009146567,0.009323649,0.00953279,0.009763705,0.01002268,0.01029891,0.01059938,0.01091243,0.01124569,0.0115868,0.01194416,0.01230481,0.01267797,0.01305016,0.01343138,0.01380767,0.01418966,0.01456291,0.01493856,0.0153016,0.01566355,0.01600883,0.0163492,0.01666855,0.01697888,0.01726359,0.0175349,0.01777578,0.01799857,0.01818579,0.01834983,0.01847271,0.01856682,0.01861362,0.01862533,0.01858264,0.01849726,0.01834873,0.01814773,0.01787197,0.01753068,0.01709946,0.01658691,0.01596931,0.0152619,0.0144474,0.01358804,0.01270286,0.01183871,0.01106038,0.01038454
0.01452396,0.01407109,0.01374408,0.01351145,0.01338812,0.01332305,0.01334729,0.01340773,0.01353191,0.01367449,0.01386752,0.01406935,0.0143145,0.01456226,0.01484863,0.01513262,0.0154513,0.01576314,0.01610616,0.01643815,0.01679801,0.01714285,0.01751234,0.01786291,0.01823498,0.01858422,0.01895174,0.01929252,0.01964824,0.01997319,0.02030961,0.02061114,0.0209205,0.02119077,0.02146519,0.02169633,0.02192786,0.02211185,0.02229228,0.02242069,0.02254125,0.02260489,0.02265581,0.02264421,0.02261407,0.02251459,0.02238915,0.02218551,0.02194614,0.021617,0.02123963,0.02075923,0.02021966,0.01957151,0.01887827,0.01808833,0.01728576,0.01648474,0.01573953,0.01507409
0.01919545,0.01878607,0.01846877,0.01824224,0.01809687,0.01803747,0.01803126,0.01808476,0.0181745,0.01830759,0.01846463,0.01865521,0.01886236,0.01909705,0.01934308,0.0196122,0.01988835,0.02018371,0.02048215,0.0207962,0.02110955,0.02143503,0.02175613,0.02208592,0.0224077,0.02273474,0.02305017,0.02336749,0.02366964,0.02397034,0.02425238,0.02452968,0.02478495,0.0250323,0.02525434,0.02546538,0.0256479,0.02581632,0.02595293,0.02607214,0.02615593,0.02621862,0.02624176,0.02623942,0.02619248,0.02611459,0.02598561,0.0258185,0.02559179,0.02531779,0.02497383,0.02457277,0.02409273,0.02355196,0.02292966,0.02228021,0.02160124,0.02092129,0.02028391,0.01969909
0.02339541,0.02303368,0.02276544,0.02255754,0.02243839,0.02235623,0.02235384,0.0223762,0.02246023,0.02255551,0.02270135,0.02284991,0.02304206,0.02323104,0.02345878,0.02367872,0.02393349,0.02417641,0.02445061,0.02470917,0.02499565,0.02526282,0.02555468,0.02582367,0.02611423,0.02637852,0.02666144,0.02691483,0.02718407,0.02742076,0.02767069,0.02788524,0.02811061,0.02829795,0.02849386,0.02864924,0.02881102,0.02892982,0.02905277,0.0291301,0.02920907,0.02923943,0.0292684,0.02924511,0.02921656,0.02913108,0.02903522,0.0288763,0.0287004,0.0284537,0.02818226,0.02783214,0.02745201,0.02699156,0.02651424,0.02596015,0.02540422,0.02483798,0.02430484,0.02381133
0.02704001,0.02674883,0.0265135,0.02633883,0.02621706,0.02615937,0.02613781,0.02616399,0.02621659,0.02630617,0.02641322,0.02654943,0.02669692,0.02686825,0.02704615,0.02724379,0.02744409,0.02766055,0.02787612,0.02810458,0.02832884,0.0285629,0.02878966,0.02902334,0.02924686,0.02947463,0.02968959,0.02990639,0.03010801,0.03030931,0.03049332,0.03067508,0.03083769,0.03099636,0.03113421,0.03126656,0.0313765,0.03147942,0.03155828,0.03162842,0.0316726,0.03170604,0.03171114,0.03170289,0.03166317,0.03160664,0.03151438,0.03140068,0.0312457,0.03106358,0.03083369,0.03057116,0.03025571,0.02990635,0.0295006,0.02908558,0.02864789,0.02820514,0.02778485,0.02739
0.0300271,0.02978935,0.02961462,0.02946843,0.02938586,0.02931743,0.02931106,0.02931414,0.02936837,0.02942361,0.02952255,0.02961639,0.02974853,0.02987085,0.03002748,0.03017041,0.03034434,0.03050123,0.03068621,0.03085111,0.03104146,0.03120894,0.0313995,0.03156466,0.03175079,0.03190926,0.03208689,0.03223491,0.03240056,0.03253492,0.03268567,0.03280373,0.03293714,0.03303668,0.03315069,0.0332298,0.03332262,0.03337951,0.03344928,0.03348198,0.03352651,0.03353256,0.03354896,0.03352493,0.03350916,0.0334502,0.03339643,0.03329568,0.03319614,0.03304482,0.03289008,0.03267876,0.03246125,0.03218614,0.03191479,0.0315826,0.03125671,0.03091523,0.03059366,0.03028556
0.03238311,0.03221571,0.03207507,0.03196883,0.03188985,0.0318528,0.03183344,0.03184657,0.03187321,0.03192645,0.03198778,0.03207054,0.03215717,0.03226135,0.03236594,0.03248503,0.03260164,0.03273011,0.03285356,0.03298654,0.03311227,0.03324549,0.03336951,0.03349927,0.03361819,0.03374136,0.03385232,0.03396635,0.0340671,0.03417001,0.03425883,0.03434913,0.03442478,0.03450144,0.03456307,0.03462537,0.03467232,0.03471963,0.03475124,0.03478278,0.03479807,0.03481267,0.03481011,0.03480578,0.03478281,0.03475636,0.03470888,0.03465538,0.03457757,0.03449045,0.03437492,0.03424678,0.03408638,0.03391197,0.03369917,0.03348877,0.03326099,0.03302576,0.03280026,0.03258217
0.03407465,0.03395306,0.0338703,0.0337905,0.03375217,0.03370738,0.03370668,0.03369976,0.03373122,0.03375221,0.03380759,0.0338491,0.03392175,0.0339776,0.03406204,0.03412716,0.03421881,0.03428898,0.03438389,0.03445546,0.03455029,0.03462018,0.03471213,0.0347778,0.0348646,0.03492408,0.03500403,0.03505589,0.03512784,0.03517118,0.03523448,0.0352689,0.03532334,0.0353488,0.03539447,0.03541123,0.03544849,0.03545691,0.03548608,0.03548641,0.03550763,0.03549987,0.03551281,0.03549621,0.03549967,0.03547244,0.03546385,0.03542259,0.03539792,0.03533769,0.03529123,0.03520579,0.0351319,0.03501691,0.03491977,0.03477302,0.03463734,0.03448306,0.0343398,0.03419238
0.03517026,0.03510921,0.035053,0.03501031,0.0349738,0.03496004,0.03494728,0.03495224,0.03495792,0.03497924,0.03499908,0.03503206,0.03506159,0.03510227,0.03513771,0.03518267,0.03522092,0.03526732,0.03530569,0.03535106,0.0353874,0.03542983,0.03546245,0.03550052,0.03552827,0.03556104,0.03558321,0.03561024,0.03562666,0.03564798,0.0356589,0.03567496,0.03568104,0.03569269,0.03569491,0.03570326,0.03570279,0.03570905,0.0357071,0.0357124,0.03571,0.03571529,0.03571311,0.03571874,0.03571669,0.03572213,0.0357189,0.03572214,0.03571497,0.03571249,0.03569674,0.03568328,0.03565271,0.03562195,0.03556501,0.03551752,0.03545649,0.03538599,0.03531696,0.03524312
0.03567872,0.03565016,0.03564242,0.03561842,0.03561828,0.035595,0.0356003,0.03558585,0.03559785,0.03558908,0.03560568,0.03560065,0.03561993,0.03561658,0.03563667,0.03563313,0.03565234,0.03564707,0.03566397,0.0356557,0.03566925,0.03565713,0.03566667,0.03565024,0.03565555,0.03563481,0.03563609,0.03561146,0.03560935,0.03558169,0.03557725,0.03554779,0.0355424,0.0355127,0.03550804,0.03547989,0.03547783,0.03545315,0.03545558,0.03543621,0.03544494,0.03543261,0.03544914,0.03544507,0.03547024,0.03547478,0.03550827,0.03552034,0.0355605,0.03557743,0.03562048,0.03563726,0.03567759,0.03568793,0.03572503,0.03572017,0.03572853,0.03571657,0.03570934,0.03568614
0.03569266,0.03571083,0.03571835,0.03572402,0.03571996,0.03572371,0.03571524,0.03571222,0.03569932,0.03569261,0.03567642,0.03566622,0.03564665,0.03563288,0.03560961,0.03559196,0.03556471,0.03554289,0.03551135,0.03548517,0.03544931,0.03541886,0.03537896,0.0353447,0.03530139,0.03526412,0.03521838,0.03517925,0.03513244,0.03509301,0.03504685,0.03500896,0.03496545,0.03493129,0.03489274,0.03486471,0.03483355,0.03481413,0.03479284,0.03478446,0.03477542,0.03478042,0.03478574,0.034806,0.03482715,0.03486374,0.03490106,0.03495368,0.03500605,0.03507265,0.03513654,0.03521237,0.03528106,0.03535808,0.03541648,0.03548756,0.03554773,0.03559624,0.03564084,0.03567239
0.03524346,0.03527933,0.03532327,0.03533748,0.03536271,0.03535266,0.03535915,0.03533567,0.03532904,0.03529374,0.0352764,0.03523163,0.03520561,0.03515286,0.03511949,0.03505976,0.03501996,0.03495412,0.03490867,0.03483747,0.03478725,0.03471168,0.03465776,0.034579,0.03452275,0.03444231,0.03438536,0.03430505,0.0342494,0.03417137,0.03411929,0.03404595,0.034,0.03393405,0.03389699,0.03384129,0.03381605,0.03377356,0.03376306,0.03373663,0.03374373,0.0337362,0.03376349,0.03377715,0.03382658,0.03386291,0.03393523,0.03399417,0.03408866,0.03416823,0.03428144,0.03437636,0.03450158,0.03460313,0.03473578,0.03483116,0.03493936,0.03502601,0.03511238,0.03517482
0.03442901,0.03449776,0.03454531,0.03458032,0.03459436,0.03460542,0.03459484,0.03458054,0.03454864,0.0345157,0.0344675,0.0344198,0.03435866,0.03429933,0.03422781,0.03415914,0.03407934,0.03400319,0.03391678,0.0338348,0.03374346,0.03365735,0.03356286,0.0334745,0.03337889,0.03329039,0.03319586,0.03310957,0.03301863,0.0329372,0.03285262,0.0327789,0.03270366,0.03264081,0.03257814,0.03252944,0.03248266,0.03245147,0.03242388,0.03241346,0.03240827,0.03242181,0.03244195,0.0324821,0.03252977,0.03259831,0.03267442,0.03277147,0.03287517,0.03299867,0.03312596,0.03327023,0.03341281,0.0335676,0.03370737,0.03385942,0.03400159,0.03412895,0.03424826,0.03434851
0.03328408,0.03335819,0.0334312,0.03346528,0.0335013,0.03349384,0.03349404,0.03345738,0.03343033,0.03336934,0.03332067,0.03324087,0.03317561,0.03308127,0.03300333,0.0328978,0.03281021,0.03269627,0.03260156,0.03248159,0.03238215,0.0322585,0.03215671,0.03203183,0.03193023,0.03180672,0.03170802,0.03158871,0.03149584,0.0313838,0.03129996,0.03119846,0.031127,0.03103954,0.03098402,0.03091423,0.03087833,0.03082991,0.03081726,0.03079377,0.03080793,0.03081288,0.03085708,0.03089338,0.03097011,0.03103963,0.03114987,0.03125258,0.03139538,0.0315287,0.03169953,0.03185659,0.0320465,0.0322154,0.0324157,0.03258086,0.0327557,0.0329071,0.03305323,0.0331692
0.03189372,0.03199108,0.03205958,0.03210786,0.03212719,0.03213574,0.03211624,0.03208636,0.03203369,0.03197469,0.03189667,0.0318152,0.03171783,0.03161947,0.03150757,0.03139665,0.03127419,0.03115429,0.03102448,0.03089863,0.03076445,0.03063557,0.03049993,0.03037095,0.03023685,0.03011082,0.02998135,0.02986145,0.02973993,0.02962958,0.02951952,0.02942229,0.02932733,0.02924704,0.02917108,0.02911168,0.02905868,0.02902417,0.02899808,0.02899233,0.02899698,0.02902385,0.02906276,0.02912546,0.02920129,0.02930193,0.0294157,0.02955425,0.02970463,0.02987813,0.03005968,0.03026041,0.0304622,0.03067693,0.03087773,0.03108744,0.03128669,0.03146659,0.03163408,0.03177719
0.03028047,0.03037708,0.03046513,0.0305075,0.03054482,0.03053313,0.03052222,0.03046993,0.0304217,0.03033631,0.03025887,0.03014828,0.030049,0.02991966,0.02980441,0.02966147,0.02953496,0.02938267,0.02924876,0.02909073,0.02895292,0.02879252,0.02865414,0.0284947,0.02835911,0.02820401,0.02807464,0.02792738,0.02780781,0.02767208,0.02756609,0.02744572,0.0273572,0.02725622,0.0271893,0.02711189,0.02707076,0.02702118,0.02701005,0.02699245,0.02701548,0.027034,0.02709506,0.0271532,0.02725531,0.02735539,0.02749976,0.02764169,0.02782698,0.02800732,0.02822753,0.02843728,0.02868065,0.0289043,0.02915742,0.0293765,0.0296004,0.02979829,0.02998555,0.0301368
0.02850614,0.02862292,0.02870462,0.02876,0.0287803,0.02878364,0.02875438,0.02870961,0.02863848,0.02855699,0.02845407,0.0283447,0.02821805,0.02808826,0.02794445,0.02780016,0.02764458,0.02749067,0.02732767,0.0271682,0.02700171,0.02684045,0.02667418,0.02651479,0.0263524,0.02619853,0.0260437,0.0258991,0.02575562,0.02562416,0.025496,0.02538166,0.02527285,0.02517987,0.02509471,0.02502745,0.0249703,0.02493322,0.02490851,0.02490602,0.02491814,0.02495471,0.02500785,0.02508739,0.02518489,0.02531014,0.02545351,0.02562473,0.0258126,0.02602634,0.02625219,0.02649898,0.02674945,0.02701303,0.02726392,0.02751967,0.02776428,0.02798508,0.02818902,0.02836388
0.02657874,0.02669452,0.02679554,0.02684579,0.02688521,0.02687184,0.02685352,0.02679087,0.02672767,0.02662537,0.02652739,0.02639524,0.02627162,0.02611768,0.02597579,0.02580657,0.02565231,0.02547314,0.02531134,0.02512668,0.02496161,0.02477555,0.02461121,0.02442767,0.02426794,0.02409078,0.02393954,0.02377268,0.02363387,0.02348132,0.02335903,0.02322488,0.02312323,0.02301179,0.02293516,0.02285084,0.0228037,0.02275106,0.02273796,0.02272155,0.02274711,0.02277165,0.02284041,0.02291013,0.02302589,0.02314394,0.02330873,0.02347574,0.02368869,0.02390137,0.02415614,0.02440453,0.02468764,0.02495366,0.02524758,0.02551006,0.02577351,0.02600939,0.02623058,0.02641115
0.02454271,0.02467881,0.02477557,0.02484167,0.02486842,0.02487337,0.02484274,0.02479257,0.02471373,0.02462129,0.02450594,0.02438157,0.0242392,0.0240917,0.02393007,0.02376642,0.02359186,0.02341776,0.02323541,0.02305562,0.02287002,0.02268889,0.02250426,0.02232592,0.02214633,0.02197481,0.02180428,0.0216436,0.02148618,0.02134044,0.02120024,0.02107355,0.02095469,0.02085139,0.02075825,0.02068276,0.02061979,0.02057669,0.02054844,0.02054237,0.02055353,0.02058938,0.02064467,0.02072703,0.02083061,0.02096316,0.02111756,0.02130163,0.02150651,0.02173951,0.0219889,0.02226141,0.02254141,0.02283592,0.02312129,0.02340952,0.02368794,0.02394094,0.02417457,0.02437685
0.02240403,0.02253907,0.02265578,0.02271941,0.02276835,0.02276306,0.02274862,0.02268857,0.02262444,0.02252049,0.02241784,0.02228076,0.02214971,0.02198848,0.02183719,0.02165904,0.02149406,0.0213049,0.02113159,0.02093638,0.02075948,0.02056275,0.02038665,0.02019265,0.02002152,0.01983439,0.01967237,0.01949622,0.01934739,0.01918633,0.01905482,0.01891294,0.0188028,0.01868435,0.01859988,0.01850914,0.01845468,0.01839612,0.01837613,0.01835426,0.01837343,0.01839314,0.01845631,0.01852233,0.01863397,0.01875032,0.01891356,0.01908215,0.0192975,0.01951651,0.01977901,0.02003964,0.02033652,0.0206209,0.0209332,0.02121941,0.02150612,0.02176663,0.02201207,0.02221572
0.02020475,0.02035703,0.02046956,0.02055032,0.02059085,0.02060717,0.02058742,0.02054592,0.02047525,0.02038881,0.02027922,0.02015859,0.02001996,0.01987429,0.01971474,0.01955132,0.01937746,0.01920228,0.01901954,0.01883764,0.01865083,0.01846684,0.01828043,0.0180987,0.01791694,0.01774167,0.01756872,0.01740406,0.01724401,0.01709405,0.01695096,0.01681969,0.01669748,0.01658903,0.01649181,0.01641032,0.0163422,0.01629191,0.01625711,0.01624237,0.01624536,0.01627093,0.01631642,0.01638708,0.0164796,0.01659969,0.01674275,0.01691481,0.01710959,0.01733283,0.01757537,0.01784237,0.01812078,0.01841566,0.01870675,0.01900147,0.01929022,0.01955621,0.01980397,0.02002234
0.0179619,0.01810812,0.01823664,0.01831427,0.01837676,0.01838725,0.01838711,0.01834279,0.01829272,0.01820397,0.01811467,0.01799186,0.01787315,0.01772503,0.01758488,0.01741856,0.01726342,0.01708474,0.01692,0.01673397,0.01656442,0.01637566,0.01620577,0.01601862,0.01585262,0.01567128,0.01551334,0.01534192,0.01519609,0.01503862,0.01490883,0.01476916,0.0146592,0.01454125,0.01445498,0.01436258,0.01430385,0.01424091,0.01421362,0.01418413,0.01419244,0.01420083,0.01424923,0.01430004,0.01439305,0.01449061,0.01463196,0.01477917,0.01497077,0.01516763,0.01540675,0.01564712,0.01592382,0.01619282,0.01649015,0.01676819,0.01704924,0.01730847,0.0175563,0.01776582
0.01572308,0.01587773,0.01599716,0.01608784,0.01614201,0.01617305,0.01617116,0.01614794,0.0160978,0.01603146,0.01594367,0.01584383,0.01572729,0.01560225,0.01546438,0.01532084,0.01516776,0.01501131,0.01484815,0.01468364,0.01451503,0.01434695,0.01417728,0.01400991,0.01384331,0.01368078,0.01352134,0.01336768,0.0132193,0.01307841,0.01294488,0.01282046,0.0127053,0.01260101,0.01250781,0.01242721,0.01235943,0.01230606,0.01226719,0.01224467,0.01223839,0.01225073,0.0122811,0.01233252,0.01240374,0.01249844,0.0126142,0.01275535,0.01291789,0.01310622,0.01331381,0.01354472,0.01378888,0.01405014,0.01431232,0.01457998,0.01484633,0.01509548,0.01533073,0.01554231
0.01351656,0.01365625,0.0137828,0.01386531,0.01393595,0.01396093,0.0139771,0.01395372,0.01392541,0.0138619,0.01379779,0.01370269,0.01361095,0.01349163,0.01337905,0.0132416,0.01311378,0.01296334,0.01282506,0.01266618,0.01252183,0.01235878,0.01221251,0.01204937,0.01190516,0.01174588,0.01160764,0.01145609,0.01132755,0.01118742,0.01107216,0.01094691,0.01084823,0.01074122,0.01066236,0.01057677,0.01052082,0.01045975,0.01042978,0.01039633,0.01039556,0.0103932,0.0104252,0.01045763,0.0105262,0.01059722,0.0107059,0.01081855,0.01096981,0.01112527,0.01131828,0.01151307,0.01174132,0.01196482,0.01221551,0.01245278,0.01269619,0.01292336,0.01314479,0.01333484
0.01139029,0.01152742,0.01163757,0.01172514,0.01178389,0.01182365,0.01183705,0.01183212,0.01180534,0.01176387,0.01170483,0.01163413,0.01154966,0.01145619,0.01135216,0.01124131,0.01112265,0.01099902,0.01087004,0.01073777,0.01060246,0.01046549,0.01032768,0.01018982,0.01005322,0.009918159,0.009786399,0.009657763,0.009534309,0.009415534,0.009303665,0.009197938,0.009100638,0.009010997,0.008931157,0.008860416,0.008800702,0.008751556,0.008714555,0.008689639,0.008678024,0.008680273,0.008697038,0.008729622,0.008777991,0.008844268,0.008927379,0.009030209,0.009150428,0.009291252,0.009448317,0.009624777,0.009813478,0.01001744,0.01022473,0.01043829,0.01065408,0.01085843,0.01105436,0.0112337
0.009373561,0.009488021,0.009595811,0.009669112,0.009736152,0.009766613,0.009792457,0.009785873,0.009777199,0.009738901,0.009701557,0.009637491,0.009577285,0.009492758,0.009414656,0.009314221,0.009222443,0.009110057,0.009008361,0.008887663,0.008779584,0.008654076,0.008543049,0.008416148,0.008305499,0.008180545,0.008073564,0.007953824,0.007853649,0.007742214,0.007651793,0.007551515,0.007473509,0.007387034,0.007323958,0.007253692,0.007207821,0.007156002,0.007129489,0.007098246,0.007093286,0.007084973,0.007104023,0.007121195,0.007166944,0.007212363,0.007287515,0.007363632,0.007470382,0.007578625,0.00771713,0.007855853,0.008022376,0.008184885,0.00837113,0.008547713,0.008732205,0.008905292,0.009077847,0.009226909
0.007505169,0.007609033,0.007695272,0.007766063,0.007817343,0.007855243,0.007875001,0.007881055,0.007871851,0.007851085,0.007817918,0.007775004,0.007722298,0.007661555,0.007593266,0.007518423,0.007438022,0.007352381,0.007263002,0.007169648,0.007074289,0.006976231,0.006877842,0.006778046,0.006679514,0.006580893,0.006485071,0.006390475,0.006300089,0.006212211,0.00612981,0.006051113,0.005978972,0.005911726,0.005851965,0.005798191,0.005752676,0.00571421,0.005684657,0.005663207,0.00565132,0.005648742,0.005656421,0.005674744,0.005704089,0.005745549,0.005798727,0.005865385,0.005944233,0.006037415,0.006142241,0.006260938,0.006388898,0.006528328,0.006671237,0.006819519,0.006971668,0.007116583,0.007257835,0.00738869
0.005806583,0.005885181,0.005962797,0.006016046,0.006068378,0.006094248,0.006119867,0.006121541,0.006124259,0.006104525,0.006087592,0.00604992,0.00601682,0.005964452,0.005918285,0.005854127,0.005797626,0.0057243,0.005659995,0.00558,0.005510341,0.005426141,0.005353563,0.005267605,0.005194501,0.005109202,0.005037954,0.004955685,0.004888568,0.004811569,0.004750704,0.004681016,0.004628295,0.004567763,0.004524908,0.004475151,0.004443657,0.004406098,0.004387307,0.004363235,0.004358453,0.004349244,0.00435992,0.004367071,0.004394817,0.004420002,0.004466517,0.004511318,0.004578109,0.004643618,0.00473108,0.004816621,0.004922852,0.005024673,0.005145046,0.005257851,0.005378413,0.005491095,0.005606438,0.005705482
0.004303513,0.004368765,0.004424182,0.004470797,0.004506073,0.004533756,0.004550698,0.004559283,0.004558693,0.004550792,0.0045353,0.004513399,0.004485392,0.004451909,0.004413631,0.004370737,0.004324242,0.004273937,0.004221144,0.004165353,0.004108155,0.004048799,0.003989091,0.003928095,0.00386776,0.003807031,0.003747942,0.003689354,0.003633303,0.003578623,0.00352728,0.003478114,0.003432954,0.00339075,0.003353108,0.003319114,0.00329012,0.00326542,0.003246062,0.003231612,0.003222819,0.003219621,0.003222417,0.003231563,0.003247088,0.003269814,0.003299296,0.003336801,0.003381352,0.003434504,0.003494464,0.003562896,0.003636879,0.003718143,0.003801618,0.00388877,0.003979572,0.004065963,0.004151558,0.004231451
0.003008334,0.00305122,0.003096145,0.003126217,0.003158383,0.003174067,0.003192005,0.003194889,0.003200492,0.003191684,0.003186385,0.003167533,0.003153046,0.003125763,0.003103672,0.003069472,0.003041224,0.003001519,0.0029685,0.002924678,0.002888261,0.002841717,0.00280329,0.002755428,0.002716372,0.002668591,0.002630289,0.002583968,0.002547742,0.002504182,0.002471265,0.002431648,0.002403129,0.002368501,0.002345349,0.002316608,0.002299636,0.002277536,0.002267443,0.002252633,0.002250066,0.002243211,0.002248876,0.002250695,0.002265383,0.002276696,0.002301268,0.002322883,0.002358146,0.002390673,0.00243692,0.002480117,0.002536519,0.002588584,0.002653052,0.002711787,0.002776344,0.002835905,0.002898804,0.002951687
0.001936086,0.001967384,0.001993882,0.002017004,0.002034397,0.002049186,0.002058446,0.00206438,0.002065491,0.002063681,0.002057745,0.00204922,0.002037232,0.002023046,0.002005991,0.001987121,0.001965936,0.001943311,0.001918898,0.001893433,0.001866697,0.00183932,0.001811183,0.001782835,0.001754223,0.001725843,0.001697677,0.00167019,0.001643359,0.001617639,0.001592967,0.001569804,0.001548014,0.001528113,0.00150985,0.001493806,0.0014796,0.00146791,0.001458206,0.001451292,0.001446488,0.001444777,0.001445301,0.001449253,0.001455588,0.001465732,0.001478409,0.001495279,0.0015148,0.001538807,0.001565362,0.001596402,0.001629433,0.001666515,0.001703953,0.001743699,0.001785538,0.001825215,0.001864922,0.001902444
0.001093071,0.001108696,0.001126592,0.001137675,0.001151164,0.001156892,0.001165022,0.001166123,0.001169687,0.001166417,0.001165837,0.001158748,0.001154627,0.001144279,0.001137184,0.001124125,0.001114588,0.001099341,0.001087884,0.001070976,0.001058123,0.001040088,0.001026375,0.001007757,0.0009937215,0.0009750665,0.0009612478,0.0009430946,0.0009300109,0.0009128685,0.0009010019,0.000885332,0.0008751068,0.000861314,0.0008531022,0.0008415265,0.0008356342,0.0008265544,0.0008232357,0.0008168804,0.0008163637,0.0008129598,0.000815489,0.0008152783,0.0008211283,0.0008243909,0.0008338672,0.0008408863,0.0008542854,0.0008652867,0.0008827346,0.0008976487,0.0009188863,0.0009370778,0.0009615117,0.0009825504,0.00100652,0.001028163,0.00105193,0.001071024
0.0004873885,0.0004958745,0.0005024137,0.0005088755,0.0005130181,0.000517517,0.0005197468,0.0005219234,0.0005220544,0.0005222264,0.000520548,0.0005189608,0.0005157014,0.0005126172,0.0005080175,0.0005036823,0.0004979804,0.0004926326,0.0004860595,0.0004799367,0.0004727285,0.0004660741,0.000458473,0.0004515354,0.0004437866,0.0004368151,0.0004291628,0.0004224031,0.0004150832,0.0004087673,0.0004019988,0.0003963362,0.0003903104,0.0003854876,0.0003803736,0.000376546,0.0003724803,0.0003697757,0.0003668695,0.0003653934,0.0003637429,0.0003635992,0.0003633053,0.0003646061,0.0003657832,0.0003686586,0.0003714345,0.000376019,0.0003805172,0.0003869179,0.0003931892,0.0004013909,0.0004092977,0.0004190813,0.0004280162,0.0004382795,0.0004489338,0.0004591341,0.0004691488,0.0004791358
0.000121952,0.0001234213,0.0001258039,0.0001267763,0.0001287635,0.000129053,0.0001303437,0.0001301657,0.0001309519,0.0001302866,0.0001305895,0.0001294946,0.0001293865,0.0001279203,0.0001274663,0.0001256888,0.0001249483,0.000122918,0.0001219506,0.0001197279,0.0001185938,0.0001162392,0.0001150005,0.0001125765,0.0001112948,0.0001088642,0.0001076019,0.0001052272,0.0001040446,0.0001017846,0.0001007373,9.86457e-05,9.778304e-05,9.590574e-05,9.52702e-05,9.364596e-05,9.32725e-05,9.193199e-05,9.184945e-05,9.08169e-05,9.105102e-05,9.035003e-05,9.092849e-05,9.058339e-05,9.153704e-05,9.15767e-05,9.294034e-05,9.339378e-05,9.520229e-05,9.609353e-05,9.83634e-05,9.968351e-05,0.000102393,0.0001040608,0.0001072182,0.0001093765,0.0001121005,0.0001144099,0.0001172403,0.0001190917
1.832773e-10,2.263908e-10,8.102189e-10,9.682116e-11,1.598163e-10,1.892091e-10,4.663656e-11,2.285982e-10,1.114828e-09,2.978841e-11,3.987898e-11,2.733824e-10,6.838449e-11,2.388953e-11,4.10986e-10,2.560618e-10,6.355005e-10,1.875919e-10,3.603935e-11,9.754095e-11,2.311424e-10,6.939825e-11,2.323158e-10,3.940732e-11,2.173817e-10,1.851374e-10,8.897948e-11,4.387367e-10,3.894042e-10,7.08366e-11,4.181172e-10,1.295777e-10,2.248137e-10,7.017818e-10,3.586558e-10,3.119484e-10,2.823339e-10,4.119634e-10,8.413215e-11,3.331235e-10,8.969184e-11,1.603993e-10,1.496201e-10,5.373488e-10,5.047091e-10,3.979365e-10,8.179291e-11,6.129707e-10,1.074828e-10,6.727298e-10,2.456104e-10,6.047394e-10,3.495514e-10,2.270138e-10,3.092193e-10,1.292168e-10,2.248257e-10,9.284343e-11,3.100662e-10,1.669804e-10
