0,0,0,0,0,0,0,0,0,0,0,0,0,0,0,0,0,0,0,0,0,0,0,0,0,0,0,0,0,0,0,0,0,0,0,0,0,0,0,0,0,0,0,0,0,0,0,0
1.29439e-06,1.117381e-06,1.061919e-06,4.435198e-07,4.02072e-07,1.076511e-06,8.034822e-07,6.024232e-07,1.294538e-06,1.885654e-06,3.540202e-06,4.175745e-06,4.536048e-06,4.771628e-06,4.980501e-06,5.170133e-06,5.354137e-06,5.54018e-06,5.720694e-06,5.907589e-06,6.086429e-06,6.269575e-06,6.443276e-06,6.614886e-06,6.778671e-06,6.930795e-06,7.07873e-06,7.202805e-06,7.328865e-06,7.417028e-06,7.515195e-06,7.559315e-06,7.620746e-06,7.608274e-06,7.618014e-06,7.535081e-06,7.476523e-06,7.278192e-06,6.85688e-06,5.058374e-06,3.188839e-07,1.471878e-06,4.745345e-06,8.249203e-07,3.46412e-06,2.115083e-06,2.013923e-06,1.57278e-06
1.976708e-06,1.45612e-06,1.317725e-06,1.033325e-06,9.884118e-07,4.435679e-07,8.544565e-07,3.615145e-07,1.739991e-06,4.448133e-06,9.821796e-06,1.206437e-05,1.383824e-05,1.415699e-05,1.527577e-05,1.533937e-05,1.64042e-05,1.642014e-05,1.750301e-05,1.749814e-05,1.859881e-05,1.856669e-05,1.966773e-05,1.959336e-05,2.067349e-05,2.053946e-05,2.157562e-05,2.136231e-05,2.233123e-05,2.202047e-05,2.290015e-05,2.247191e-05,2.323179e-05,2.265174e-05,2.323912e-05,2.244249e-05,2.271671e-05,2.125165e-05,1.944772e-05,1.318703e-05,9.556368e-06,7.253356e-06,6.299005e-06,6.705717e-06,5.031916e-06,3.76965e-06,3.285377e-06,2.180956e-06
3.58641e-06,2.206128e-06,2.339923e-06,1.318426e-06,1.577472e-06,1.265021e-06,1.634591e-06,8.347471e-07,1.512587e-06,1.968271e-05,3.83712e-05,4.640882e-05,5.156334e-05,5.323418e-05,5.611311e-05,5.689143e-05,5.945687e-05,6.003571e-05,6.254668e-05,6.302511e-05,6.549559e-05,6.585868e-05,6.82448e-05,6.844966e-05,7.069766e-05,7.069577e-05,7.274543e-05,7.247939e-05,7.426764e-05,7.368218e-05,7.514674e-05,7.417428e-05,7.521577e-05,7.372918e-05,7.416467e-05,7.194691e-05,7.137436e-05,6.714457e-05,6.014579e-05,3.855032e-05,1.179324e-05,9.601244e-06,1.276201e-05,7.473774e-06,9.604551e-06,6.573498e-06,6.009584e-06,3.880457e-06
3.284605e-06,2.493687e-06,2.248043e-06,1.804124e-06,1.660339e-06,7.751675e-07,1.443417e-06,6.406643e-07,1.210696e-05,7.560345e-05,0.000154548,0.0001926937,0.0002122794,0.0002211303,0.0002301322,0.0002349303,0.0002423034,0.0002461929,0.0002530958,0.0002565255,0.0002630505,0.0002659794,0.0002719821,0.0002742607,0.0002795627,0.0002810235,0.000285423,0.0002858614,0.0002891415,0.000288356,0.0002902971,0.0002880239,0.0002882395,0.0002839465,0.0002816704,0.0002743669,0.0002676832,0.0002510989,0.0002143304,0.0001208884,3.12756e-05,1.275401e-05,1.022255e-05,1.118016e-05,8.326813e-06,6.279126e-06,5.419732e-06,3.663322e-06
4.256675e-06,2.509571e-06,2.776043e-06,1.506018e-06,2.012408e-06,1.286995e-06,2.214945e-06,1.228124e-06,5.347337e-05,0.0004894432,0.0008636388,0.001031577,0.001118927,0.00116321,0.001205451,0.001231679,0.001265807,0.001287445,0.001318721,0.001337895,0.001366795,0.001383301,0.00140914,0.001422233,0.001444168,0.001453025,0.001470093,0.001473696,0.001484847,0.001482191,0.00148635,0.001476091,0.001471303,0.00145074,0.001433304,0.001398304,0.00136207,0.001292944,0.001141694,0.0007180726,9.816485e-05,1.062301e-05,1.520338e-05,9.333537e-06,1.122852e-05,7.641896e-06,7.098801e-06,4.450243e-06
3.344364e-06,2.643249e-06,2.382726e-06,1.96845e-06,1.74943e-06,8.326512e-07,1.75273e-06,4.195054e-06,0.0004949681,0.002231941,0.003190688,0.003597061,0.003834008,0.003971932,0.004105067,0.004196255,0.00430525,0.004381963,0.004480887,0.004549321,0.004639545,0.004698975,0.004778252,0.004826209,0.004891778,0.004925525,0.004974225,0.00499037,0.005018731,0.005013918,0.005018363,0.004988111,0.004962116,0.004897648,0.00482988,0.004722029,0.004608482,0.004450366,0.00415444,0.003212202,0.0008084162,2.015073e-05,9.473265e-06,1.15193e-05,8.372774e-06,6.362074e-06,5.443051e-06,3.752319e-06
4.32033e-06,2.537518e-06,2.84506e-06,1.421383e-06,2.080702e-06,9.901147e-07,1.768153e-06,1.031201e-05,0.002431638,0.005078042,0.006441581,0.007077678,0.007491531,0.007745788,0.007998507,0.008173479,0.008381396,0.008529275,0.008716541,0.00884859,0.009017662,0.009132578,0.009279253,0.009372377,0.009491477,0.009557625,0.009643195,0.009675911,0.009721346,0.009714256,0.009712688,0.009657308,0.009596057,0.009475964,0.00933372,0.009135813,0.008917443,0.008680301,0.008293693,0.007242366,0.003877195,2.848636e-05,1.391293e-05,1.047319e-05,1.108174e-05,8.093415e-06,7.131546e-06,4.617462e-06
3.321614e-06,2.533382e-06,2.714459e-06,1.668076e-06,2.385539e-06,9.335485e-07,4.460844e-06,0.0001943514,0.005141886,0.008407891,0.01013999,0.01102242,0.01162303,0.01201199,0.01239009,0.01266407,0.01297332,0.01320581,0.01348149,0.01368918,0.01393515,0.01411623,0.01432653,0.01447395,0.01464105,0.01474698,0.01486214,0.01491678,0.01497017,0.01496381,0.01494514,0.01486492,0.01475489,0.01457597,0.01434241,0.01404799,0.0137072,0.0133928,0.01292297,0.0118778,0.008093238,0.0003678021,4.801239e-06,1.348663e-05,7.186559e-06,6.848917e-06,4.974721e-06,3.834655e-06
4.35209e-06,2.51276e-06,2.882007e-06,1.388141e-06,2.156383e-06,1.171415e-06,6.414843e-06,0.001753991,0.008229076,0.01212098,0.01424253,0.01539599,0.01618718,0.01673243,0.01723462,0.01762468,0.01803211,0.01836231,0.01872284,0.0190152,0.01933497,0.01958717,0.01985911,0.0200616,0.02027622,0.02041833,0.02056449,0.02063281,0.02069771,0.02067885,0.02064914,0.02052535,0.02037551,0.02011231,0.01980014,0.01937508,0.01893303,0.01849789,0.01799996,0.01689739,0.01288706,0.003223428,2.622414e-05,9.373053e-06,1.159772e-05,8.204104e-06,7.227341e-06,4.645843e-06
3.337357e-06,2.800069e-06,2.472627e-06,2.384328e-06,1.418314e-06,2.885441e-06,1.212335e-05,0.004522471,0.01167484,0.0161593,0.01864618,0.02010136,0.02106262,0.0217978,0.0224012,0.02293606,0.02341823,0.02386978,0.02429228,0.02468762,0.02506021,0.02539661,0.02571226,0.02597789,0.02622573,0.02640707,0.02657427,0.02665438,0.02672573,0.02668732,0.02664714,0.0264674,0.02628499,0.02591931,0.02554425,0.02496164,0.02444663,0.02384652,0.02338819,0.02216834,0.01826879,0.008092243,3.320345e-05,7.765789e-06,9.404468e-06,5.580409e-06,5.435981e-06,3.535268e-06
4.889656e-06,2.32497e-06,3.380511e-06,1.900755e-06,3.686697e-06,6.064625e-06,3.460548e-05,0.007510342,0.01541743,0.02045918,0.02329181,0.0250575,0.02617879,0.02711505,0.02780905,0.02849533,0.02904074,0.02961543,0.03008836,0.030584,0.03099869,0.03141338,0.03176408,0.03208438,0.03235959,0.03256957,0.03275551,0.03283532,0.03291506,0.03284397,0.03279997,0.032551,0.03234862,0.03186815,0.03145016,0.03069774,0.030134,0.02934466,0.02895794,0.02760154,0.02405287,0.01311249,7.739649e-05,1.547447e-06,1.571364e-05,6.491249e-06,8.466202e-06,3.973801e-06
3.223697e-06,3.581487e-06,1.948599e-06,3.792601e-06,1.705436e-06,8.134375e-06,5.039099e-05,0.01061754,0.01935599,0.02490282,0.02803939,0.03011135,0.0313775,0.03251433,0.03328474,0.03411854,0.03471109,0.03540175,0.03590733,0.03649423,0.03693204,0.03741625,0.0377831,0.03815099,0.03843553,0.0386697,0.03885804,0.03893694,0.03901133,0.03891193,0.03885349,0.03854646,0.03831812,0.03774391,0.03728285,0.03639207,0.03577491,0.03482056,0.03447331,0.03304301,0.02996302,0.01832164,0.0001025144,1.669665e-06,1.278332e-05,4.301348e-06,6.087079e-06,3.664891e-06
5.158936e-06,2.433824e-06,3.829239e-06,2.641086e-06,5.072826e-06,8.070929e-06,0.0006963332,0.01394476,0.02340442,0.02936372,0.03279734,0.03511366,0.03654839,0.03782953,0.03870103,0.03962525,0.04028476,0.04103582,0.0415873,0.04221416,0.04268252,0.04319149,0.04357725,0.04395685,0.04425,0.04448221,0.04467016,0.04473302,0.04479895,0.04466813,0.04459318,0.0442391,0.04398547,0.0433479,0.04284839,0.04187126,0.04119272,0.0401256,0.03974291,0.0383417,0.03570127,0.02424559,0.001710557,2.635125e-06,1.819927e-05,5.82309e-06,9.190075e-06,3.725746e-06
3.008123e-06,3.387686e-06,2.605665e-06,2.588527e-06,2.703681e-06,1.061652e-05,0.004353701,0.01749207,0.02740701,0.03364063,0.037369,0.03983336,0.04147104,0.04281287,0.04381503,0.04475501,0.04549811,0.046245,0.04684565,0.04746091,0.04795046,0.04844731,0.04883286,0.04920233,0.04947887,0.04970178,0.0498615,0.04991489,0.04994563,0.04980436,0.04968967,0.04932534,0.04903002,0.04838649,0.04784141,0.04686088,0.04610407,0.04501068,0.04449312,0.04324586,0.04091496,0.03099998,0.01078759,5.129185e-05,3.550148e-06,7.417791e-06,4.226223e-06,4.007032e-06
3.044939e-06,2.67988e-06,2.315606e-06,1.623086e-06,3.857136e-06,2.520437e-05,0.00813721,0.02108466,0.03120467,0.03756329,0.04155564,0.04408648,0.04592357,0.04726344,0.0483905,0.04929144,0.0501047,0.05079839,0.05142916,0.05198899,0.05248009,0.05292374,0.05329463,0.05361331,0.05387025,0.0540417,0.05418633,0.05418556,0.05421418,0.05401604,0.05391734,0.05349603,0.05324048,0.0525482,0.05207028,0.05104985,0.05035362,0.04917339,0.04863206,0.04740063,0.04553597,0.03760464,0.01948185,7.982427e-05,2.052492e-06,1.357579e-05,4.755531e-06,5.640235e-06
4.892435e-06,2.55496e-06,5.090029e-06,7.485865e-07,1.016953e-05,4.64861e-05,0.01130142,0.02442012,0.03450446,0.04086512,0.04501064,0.04758861,0.0495418,0.05088503,0.05205493,0.05292903,0.05372998,0.05438167,0.05496572,0.05547477,0.05590503,0.05628804,0.05660385,0.05684808,0.0570734,0.05715279,0.05730135,0.05719048,0.05726795,0.05694463,0.05694561,0.0563899,0.05629158,0.05546777,0.05521446,0.05406873,0.05363823,0.05226184,0.05192121,0.0504719,0.04931422,0.0431271,0.0268336,0.0001461078,1.863195e-05,1.433229e-05,5.696914e-06,4.570103e-06
2.179461e-06,3.954906e-06,2.164912e-06,4.093727e-06,8.913487e-06,4.582581e-05,0.01410056,0.0272184,0.03701736,0.04325836,0.04743592,0.05004448,0.0520248,0.05338119,0.05451413,0.05537333,0.05609319,0.05670382,0.05719117,0.05763133,0.05797774,0.05825863,0.05852763,0.05863239,0.05886583,0.058769,0.05899112,0.05867178,0.058895,0.05833899,0.05856293,0.05775918,0.05796955,0.05689466,0.05705268,0.05565805,0.05573396,0.05403146,0.0541857,0.05228292,0.05205522,0.04709409,0.03388677,0.0001287102,1.646895e-05,2.141542e-05,3.541275e-06,7.855698e-06
8.51301e-06,1.940167e-06,7.92429e-06,1.962021e-06,1.45099e-05,0.0003469953,0.01633125,0.02907887,0.03829773,0.04432981,0.04838261,0.05104204,0.05294296,0.05435424,0.05536599,0.05624624,0.05682047,0.05741205,0.05775631,0.05813613,0.05836615,0.05854749,0.05874241,0.05871552,0.05892484,0.05867593,0.05892706,0.05844764,0.0587561,0.0580436,0.05841459,0.05746682,0.05789831,0.05670101,0.05717772,0.05568779,0.05619354,0.05436258,0.05497661,0.05281094,0.05335112,0.04933826,0.04049838,0.001285031,3.622424e-05,1.986983e-05,1.208525e-05,4.488908e-06
3.26976e-06,2.736143e-06,2.838037e-06,1.331761e-06,1.136016e-05,0.003908459,0.01795605,0.02957919,0.03799727,0.0436749,0.04754558,0.05020503,0.05202486,0.05347206,0.05437248,0.05527153,0.05569971,0.05629493,0.05646536,0.05684891,0.05688036,0.05708672,0.05705584,0.05709868,0.05705018,0.056937,0.05689582,0.05663509,0.05661895,0.0562208,0.05624119,0.05571318,0.05577954,0.0551196,0.05523438,0.05441747,0.05457535,0.05354585,0.05375682,0.05245845,0.05265052,0.05035442,0.04547722,0.01568453,7.819114e-05,5.804054e-06,7.593664e-06,4.334299e-06
5.284941e-06,1.084862e-05,5.046544e-06,8.286523e-06,1.156887e-05,0.00679273,0.01840145,0.02827265,0.03578343,0.04091512,0.04461513,0.04721521,0.0489792,0.05048932,0.05126473,0.05228259,0.05248463,0.0532614,0.0530955,0.05374506,0.05332419,0.05390395,0.05330142,0.05384518,0.05310722,0.0536364,0.05279382,0.05332609,0.05240602,0.05295926,0.0519833,0.05257425,0.05156061,0.0522047,0.0511628,0.05186749,0.05078873,0.05154142,0.05037886,0.0511439,0.04981279,0.05032318,0.0469038,0.03039138,9.336493e-05,2.81354e-05,7.271984e-06,1.449833e-05
1.650151e-05,2.10135e-06,1.431705e-05,7.243609e-06,9.918253e-05,0.008085708,0.01746028,0.02518895,0.03169316,0.0361746,0.03966037,0.04220154,0.04390124,0.04553036,0.04618744,0.04739967,0.0473861,0.04842057,0.04793378,0.04891271,0.0480663,0.04905855,0.04792882,0.04898022,0.04762039,0.04876293,0.04721118,0.04847236,0.04676171,0.04817199,0.04632804,0.04792046,0.0459609,0.04777639,0.04570571,0.04779338,0.04558846,0.04800203,0.04557486,0.04836929,0.04555554,0.04885688,0.04505075,0.04104995,0.000685851,5.130965e-05,3.377961e-05,2.369043e-06
3.164469e-05,3.232528e-05,2.879641e-05,2.261827e-05,0.002686134,0.008726473,0.0153343,0.02115721,0.02622018,0.03020928,0.03319087,0.03574013,0.0373112,0.03900906,0.03969567,0.04090336,0.04101337,0.04193909,0.04165205,0.04241744,0.04184297,0.04252555,0.04173806,0.04239607,0.04145062,0.04212987,0.04106778,0.04180847,0.0406648,0.04150964,0.04031454,0.04130777,0.04008492,0.04127805,0.04004294,0.041497,0.04024612,0.04203203,0.04071303,0.04292097,0.04140517,0.04435607,0.04236579,0.04496357,0.01765313,0.0001749241,4.962677e-05,3.788678e-05
0.0001927652,0.0001916153,0.0002063582,0.00172315,0.005846373,0.0099231,0.01363572,0.01766313,0.02112016,0.02430222,0.02678089,0.02891476,0.03054418,0.03186908,0.03290513,0.03365571,0.03429391,0.03464086,0.03501443,0.03507477,0.03527408,0.03513122,0.0352225,0.03494231,0.03497985,0.03461675,0.03464605,0.0342464,0.03430896,0.033917,0.03405454,0.03371228,0.03396606,0.03371528,0.03412934,0.03401257,0.03463216,0.03468929,0.03555446,0.03582747,0.03698989,0.03768146,0.03940753,0.0410104,0.03501358,0.007928703,0.0003369767,0.0002355321
0.009010847,0.008361493,0.008031307,0.008682309,0.01047384,0.01238133,0.01423906,0.01612395,0.01824758,0.02003837,0.02193736,0.02326607,0.02472904,0.02555757,0.0266096,0.02701762,0.02774231,0.02782493,0.02830623,0.02814603,0.028455,0.02811996,0.02831675,0.02786516,0.02800382,0.02748745,0.02761694,0.02708154,0.02724729,0.02673575,0.02698376,0.02653763,0.02691472,0.02657459,0.02713207,0.02694004,0.02773661,0.02773516,0.02884264,0.02908309,0.03063615,0.03128448,0.03375093,0.03544853,0.0380867,0.02675524,0.01415363,0.01053518
0.01928031,0.01728301,0.01630235,0.01571044,0.0158629,0.01605473,0.01660068,0.01700361,0.01778808,0.01839834,0.01927142,0.019865,0.02061597,0.0210387,0.02157901,0.02178793,0.02211302,0.02212338,0.02226491,0.02211405,0.0221151,0.02184648,0.02175237,0.02141061,0.02126677,0.02089611,0.02074662,0.02038917,0.02027566,0.01997191,0.0199361,0.01972709,0.0198116,0.01973941,0.01999033,0.02010219,0.02057345,0.02092515,0.02168713,0.02236098,0.02354843,0.0247525,0.02679208,0.02912562,0.03270187,0.03352063,0.02801025,0.0223494
0.02499314,0.02296468,0.02149496,0.0203809,0.01964229,0.01902753,0.01862138,0.01826617,0.01807952,0.01792107,0.01788676,0.01782933,0.01783754,0.0177755,0.01773949,0.01760868,0.01748793,0.01726752,0.01705761,0.01675503,0.01647243,0.01611023,0.015782,0.01539033,0.01504891,0.01466159,0.01434147,0.01399292,0.01372814,0.0134523,0.01327729,0.01310931,0.01306025,0.0130375,0.01315447,0.01332101,0.01365362,0.01406639,0.01468373,0.01543379,0.01646771,0.01776586,0.01954841,0.02193985,0.02501526,0.02810478,0.02913024,0.02732889
0.02389974,0.02311188,0.02214025,0.02108081,0.02013972,0.01923506,0.0184795,0.01774938,0.01714461,0.01654091,0.01603825,0.0155145,0.01506736,0.01457732,0.01414307,0.01365107,0.01320299,0.01269204,0.01222239,0.01169305,0.01120922,0.01067456,0.01019382,0.00967474,0.00922038,0.008742143,0.00834019,0.007929208,0.007605394,0.007286943,0.0070661,0.006864805,0.006772211,0.006713879,0.006778816,0.006896789,0.007161469,0.007507011,0.00803927,0.008701657,0.00962906,0.01079559,0.01240647,0.01444254,0.01712541,0.02010361,0.02267917,0.02392572
0.01713094,0.01760998,0.01756871,0.0171497,0.01655779,0.01585193,0.0151493,0.01442343,0.01373345,0.01302773,0.01235592,0.01166505,0.011004,0.01032143,0.009665505,0.008987528,0.008335539,0.007664755,0.007023111,0.006370549,0.005754292,0.00514012,0.004573493,0.004028423,0.003546892,0.003114774,0.002765509,0.002497608,0.002320188,0.002234117,0.002206309,0.002237846,0.002271876,0.002326543,0.002350068,0.002382723,0.002396701,0.002459422,0.002593518,0.002893857,0.003430557,0.004277642,0.005511874,0.007192511,0.009298316,0.01165532,0.01402397,0.01591371
0.0088291,0.00969528,0.0101778,0.01023788,0.01006668,0.009672175,0.009219661,0.008656874,0.008096387,0.007455962,0.006834887,0.006147224,0.005489209,0.004776779,0.004104577,0.00339596,0.00274616,0.002106167,0.001595095,0.001296035,0.001351737,0.001745287,0.002232873,0.00281824,0.003353915,0.003927437,0.004417769,0.004924851,0.005333006,0.005744206,0.006044181,0.006334835,0.006501803,0.00664644,0.006653365,0.006622856,0.006437106,0.006194679,0.005773093,0.005268551,0.004553834,0.003737657,0.002755455,0.002095705,0.002546049,0.004062914,0.005863452,0.007496375
0.001739793,0.002030146,0.002371881,0.002555387,0.002563248,0.002408606,0.002158866,0.001835942,0.001499308,0.001208717,0.001081097,0.00125559,0.001642251,0.002190141,0.0027787,0.003435631,0.004087474,0.004778766,0.005446778,0.006138299,0.006794316,0.007461783,0.008083554,0.008706341,0.009274085,0.0098332,0.0103283,0.01080562,0.01121022,0.01158797,0.01188399,0.01214342,0.01231095,0.01243064,0.01244632,0.01240019,0.01223432,0.01198753,0.01159826,0.01109871,0.01042039,0.009585951,0.00853363,0.007274347,0.005840586,0.004370093,0.00296476,0.002005378
0.007452567,0.006729436,0.006178837,0.005895177,0.005745206,0.005796846,0.005914072,0.00617542,0.006461225,0.006862387,0.007267062,0.007769384,0.008259953,0.008833554,0.009381815,0.009999701,0.01057972,0.01121699,0.01180489,0.01243882,0.01301294,0.01362296,0.01416375,0.01473127,0.01522094,0.01572885,0.01615084,0.01658313,0.01692181,0.01726302,0.01750277,0.01773682,0.01786057,0.0179691,0.01795669,0.0179173,0.01774305,0.01752595,0.01715412,0.0167165,0.01609514,0.01537668,0.01443535,0.01339737,0.0121446,0.01086232,0.009571695,0.008443041
0.01423039,0.01361587,0.01315679,0.01289518,0.01276285,0.01278596,0.01288685,0.01309573,0.01334543,0.01367626,0.01402907,0.0144475,0.0148749,0.01535514,0.01583267,0.01635125,0.01685616,0.0173911,0.01790217,0.01843321,0.01893108,0.01943989,0.0199072,0.02037738,0.02079858,0.02121537,0.02157632,0.02192618,0.02221379,0.02248386,0.02268524,0.02286224,0.02296333,0.02303202,0.0230161,0.02295767,0.02280327,0.02259268,0.02227047,0.02187276,0.02134204,0.02071191,0.01993607,0.01904223,0.01804233,0.01701839,0.01597115,0.01504395
0.02013292,0.01965095,0.01926541,0.0190705,0.01895314,0.01898974,0.01906396,0.01925557,0.01945563,0.01975103,0.0200375,0.02040532,0.02075204,0.02116929,0.02155511,0.02200166,0.0224073,0.02286451,0.02327211,0.02372298,0.02411641,0.02454569,0.02491067,0.02530496,0.02562894,0.02597645,0.0262483,0.02653852,0.02674819,0.02697129,0.02710894,0.02725483,0.02730966,0.02736657,0.0273254,0.0272784,0.02712393,0.02695295,0.02666146,0.02633926,0.02588003,0.02537502,0.02471564,0.02402401,0.02319195,0.02236906,0.02152724,0.02079743
0.02523376,0.02484567,0.02454451,0.02437681,0.0242858,0.02430744,0.02437701,0.02453023,0.02470587,0.0249447,0.02519053,0.02548676,0.02577943,0.02611265,0.02643356,0.02678656,0.02711947,0.02747688,0.02780724,0.0281554,0.0284704,0.02879741,0.02908605,0.02938181,0.02963478,0.02989076,0.0301002,0.03030914,0.03046822,0.03062353,0.03072571,0.0308206,0.03085852,0.03088474,0.03084897,0.03079544,0.03067294,0.03052416,0.03029675,0.03003141,0.0296755,0.02926952,0.02877057,0.02821316,0.02759207,0.02696952,0.02632105,0.02575029
0.02929584,0.02901942,0.02877877,0.028669,0.02858932,0.02862312,0.02866629,0.02880191,0.0289284,0.02913181,0.02931277,0.02955964,0.02977453,0.03004713,0.03028021,0.03056414,0.03080215,0.03108506,0.03131662,0.03158802,0.03180353,0.03205474,0.03224648,0.03247061,0.03263251,0.03282426,0.03295171,0.03310706,0.03319646,0.03331207,0.03336014,0.03343256,0.03343533,0.03345986,0.03341152,0.03338099,0.03327253,0.03317596,0.03299392,0.0328157,0.03254268,0.03226558,0.03188355,0.03150851,0.03103333,0.03058255,0.03009941,0.02969144
0.03242463,0.03222933,0.03206464,0.0319806,0.0319269,0.03194709,0.03198462,0.03208118,0.03218035,0.03232568,0.03246331,0.03263813,0.03279782,0.03298784,0.03315684,0.03335067,0.03351866,0.03370698,0.03386559,0.03404099,0.03418371,0.03434063,0.03446278,0.03459743,0.03469601,0.03480618,0.03487967,0.03496438,0.03501222,0.03507118,0.03509314,0.03512597,0.03512127,0.03512652,0.03509278,0.03506678,0.03499881,0.03493446,0.03482311,0.0347089,0.03454079,0.03436238,0.03412859,0.03387493,0.03358002,0.033292,0.03297009,0.03269333
0.03448635,0.03438714,0.03427511,0.03424371,0.03420069,0.03423292,0.03424592,0.03432517,0.03437661,0.03448619,0.03456036,0.03468614,0.03477075,0.03490206,0.03498781,0.03511641,0.03519609,0.03531567,0.03538393,0.03549003,0.03554334,0.03563333,0.03566997,0.03574295,0.03576282,0.03581944,0.03582382,0.03586586,0.03585692,0.03588682,0.03586705,0.03588717,0.03585855,0.03587033,0.03583344,0.03583639,0.03578924,0.03577971,0.03571654,0.03568674,0.03559752,0.03553589,0.03540538,0.03530614,0.03513126,0.03498651,0.03479749,0.03465533
0.03564408,0.03561072,0.03556408,0.03555561,0.03553789,0.03555949,0.03556902,0.03561334,0.03564003,0.03569617,0.03573028,0.03578968,0.03582363,0.03587961,0.03590753,0.03595514,0.0359729,0.03600888,0.03601407,0.03603688,0.03602881,0.03603863,0.03601829,0.03601691,0.0359868,0.03597738,0.03594119,0.03592787,0.03589007,0.03587753,0.03584281,0.03583561,0.03580824,0.03581015,0.03579316,0.03580619,0.03580032,0.03582352,0.03582585,0.03585375,0.03585604,0.03587752,0.03586918,0.03586636,0.03583466,0.03581308,0.03575061,0.03571005
0.03586866,0.03590979,0.03590282,0.0359372,0.0359269,0.03595901,0.03594692,0.03597661,0.03596126,0.03598624,0.0359643,0.03598095,0.03594913,0.03595464,0.0359107,0.03590338,0.03584636,0.03582593,0.03575628,0.03572395,0.03564368,0.03560216,0.03551469,0.03546806,0.03537807,0.03533154,0.03524466,0.03520419,0.03512663,0.03509857,0.03503666,0.03502725,0.03498697,0.03500177,0.03498798,0.03503103,0.03504652,0.03511906,0.03516291,0.03526149,0.03532695,0.03544107,0.03551111,0.03562606,0.03568091,0.03576734,0.03580102,0.03586144
0.03536278,0.03544801,0.03548886,0.03553692,0.03554548,0.03556606,0.03555029,0.03554883,0.03551223,0.03549084,0.03543526,0.03539542,0.03532205,0.03526486,0.03517493,0.03510199,0.03499751,0.03491139,0.03479545,0.03469983,0.03457671,0.03447644,0.03435149,0.03425242,0.03413189,0.03404067,0.03393152,0.03385533,0.03376487,0.03371113,0.03364678,0.03362282,0.03359172,0.03360434,0.03361273,0.03366741,0.03371969,0.03381925,0.03391612,0.03405823,0.03419345,0.0343671,0.03452627,0.03470655,0.03486374,0.03503183,0.03515391,0.03528229
0.03415497,0.03428828,0.0343504,0.03442562,0.0344331,0.03445791,0.0344201,0.0344044,0.03433085,0.03428324,0.03418087,0.03410718,0.0339812,0.0338862,0.03374125,0.03362953,0.03347036,0.03334689,0.03317877,0.03304915,0.03287806,0.03274859,0.03258115,0.03245876,0.03230219,0.03219432,0.03205624,0.03197068,0.031859,0.03180374,0.03172645,0.03170947,0.03167442,0.03170337,0.03171777,0.03179923,0.03186863,0.03200667,0.03213283,0.03232616,0.03250343,0.03274081,0.03294962,0.03320894,0.03341779,0.03365691,0.03383755,0.03403106
0.03244368,0.03259661,0.03268486,0.03275996,0.032775,0.03278332,0.0327383,0.03269345,0.03260147,0.03251554,0.03238799,0.03227115,0.03211703,0.03197739,0.03180414,0.03164876,0.03146319,0.03129877,0.03110756,0.0309409,0.03075095,0.03058906,0.03040751,0.03025774,0.0300921,0.02996212,0.02982018,0.02971792,0.02960774,0.02954139,0.0294712,0.02944905,0.02942715,0.02945738,0.02949164,0.02958163,0.02967851,0.0298332,0.02999537,0.03021401,0.03043591,0.03070681,0.03097064,0.03126407,0.03153564,0.03181749,0.03204963,0.03227774
0.03027106,0.03044538,0.03053541,0.0306202,0.03062407,0.03062896,0.03056115,0.03050308,0.03038137,0.03027737,0.03011689,0.02998047,0.02979319,0.02963488,0.02943027,0.02925867,0.02904469,0.02886732,0.02865124,0.02847521,0.0282641,0.02809646,0.02789742,0.02774541,0.0275658,0.02743689,0.02728435,0.02718635,0.02706885,0.02700991,0.02693572,0.02692425,0.02690189,0.02694643,0.02698423,0.02709273,0.02719778,0.02737591,0.0275515,0.02779907,0.02804,0.02834505,0.02863011,0.02896577,0.02925677,0.02957487,0.0298309,0.03009035
0.02780652,0.02797846,0.02807478,0.02814738,0.02814925,0.02813531,0.0280602,0.02797962,0.02784779,0.02772001,0.0275496,0.02739056,0.02719536,0.02701696,0.02680727,0.02661859,0.02640254,0.02621107,0.02599573,0.02580831,0.02560036,0.02542364,0.02522976,0.02507056,0.02489772,0.02476317,0.02461867,0.02451632,0.02440792,0.02434575,0.02428164,0.02426807,0.02425683,0.02430056,0.02435081,0.02446015,0.02457945,0.02476054,0.02495268,0.02520569,0.02546556,0.02577851,0.02608641,0.02642758,0.02674537,0.02707247,0.02734731,0.02761196
0.0250922,0.02526467,0.02534916,0.02542005,0.02540731,0.02538927,0.02529819,0.0252132,0.02506687,0.02493683,0.02475454,0.02459628,0.02439231,0.02421777,0.02400223,0.02382005,0.02360051,0.02341756,0.02320046,0.02302291,0.0228143,0.02264822,0.02245427,0.02230597,0.02213318,0.02200938,0.0218647,0.02177261,0.0216635,0.02161086,0.02154533,0.02154042,0.02152699,0.02157851,0.02162586,0.02174227,0.0218582,0.02204595,0.02223457,0.02249419,0.02275077,0.02307033,0.02337363,0.02372443,0.02403424,0.02436733,0.0246374,0.02490554
0.02227169,0.02242863,0.0225087,0.02256463,0.02254959,0.02251964,0.02243001,0.02233735,0.02219623,0.02206254,0.02188938,0.02173103,0.02153935,0.02136742,0.02116635,0.02098852,0.02078472,0.02060702,0.02040612,0.02023401,0.02004143,0.01988041,0.01970178,0.01955768,0.01939904,0.01927815,0.01914605,0.0190552,0.01895673,0.01890333,0.01884619,0.01883822,0.01883068,0.01887665,0.01892726,0.01903556,0.0191521,0.01932927,0.01951605,0.01976285,0.02001536,0.02032042,0.02061913,0.02095176,0.02125875,0.02157504,0.02183869,0.0220908
0.01939051,0.01953803,0.01960345,0.0196567,0.0196333,0.01960692,0.01951487,0.01943133,0.01929353,0.01917371,0.01900785,0.01886668,0.01868486,0.018532,0.0183421,0.01818412,0.01799184,0.01783394,0.0176442,0.01749121,0.01730888,0.01716579,0.016996,0.01686816,0.01671652,0.01660977,0.01648237,0.01640306,0.01630654,0.01626163,0.01620322,0.01620023,0.01618776,0.01623478,0.01627646,0.01638157,0.01648494,0.01665456,0.01682396,0.01705905,0.01729051,0.01758027,0.01785445,0.01817176,0.01845119,0.01875132,0.01899149,0.01922945
0.01656888,0.01669816,0.0167581,0.01680155,0.01678174,0.01675422,0.01667397,0.01659655,0.01647594,0.01636698,0.01622195,0.01609426,0.01593509,0.01579688,0.01563022,0.01548707,0.01531779,0.01517421,0.01500665,0.01486695,0.01470548,0.01457416,0.01442345,0.0143054,0.01417055,0.01407108,0.01395763,0.01388255,0.01379657,0.01375221,0.01370032,0.01369361,0.01368302,0.01372143,0.01375976,0.01385085,0.01394521,0.01409509,0.01424967,0.01445945,0.01467073,0.01493076,0.01518165,0.01546546,0.01572266,0.01599109,0.0162103,0.01642216
0.0138462,0.01396406,0.01401266,0.01405628,0.01403566,0.01401793,0.0139448,0.01388371,0.01377614,0.01368759,0.01355861,0.01345351,0.0133118,0.01319698,0.0130481,0.01292831,0.01277647,0.01265564,0.01250468,0.01238664,0.01224046,0.01212923,0.011992,0.01189193,0.01176818,0.011684,0.01157867,0.01151552,0.01143397,0.01139746,0.01134559,0.01134188,0.01132612,0.01136192,0.01138913,0.01147128,0.01154797,0.01168209,0.01181222,0.01199951,0.01218021,0.01241215,0.01262793,0.01288225,0.01310256,0.01334315,0.01353136,0.01372165
0.01130771,0.01140868,0.01145285,0.01149073,0.01147651,0.01146257,0.01140437,0.01135408,0.01126616,0.01119244,0.01108597,0.01099762,0.01087967,0.0107824,0.01065767,0.01055552,0.01042763,0.01032403,0.01019633,0.01009463,0.009970524,0.009874209,0.009757329,0.009670167,0.009564417,0.009490469,0.00940008,0.009343752,0.009273328,0.009239438,0.00919403,0.009187881,0.00917306,0.009200463,0.009222209,0.009289167,0.009353215,0.009464744,0.009574698,0.009732061,0.009885636,0.01008182,0.01026621,0.0104813,0.01067118,0.01087531,0.01103735,0.01119949
0.00897371,0.009062275,0.009097349,0.009134794,0.00912211,0.009117169,0.009067893,0.009032553,0.008958865,0.008903608,0.008814068,0.008746221,0.008646646,0.008570871,0.00846516,0.008384848,0.008276067,0.008194131,0.008085126,0.008004401,0.007898048,0.00782148,0.007720814,0.007651533,0.0075598,0.007501167,0.007421864,0.007377517,0.007314445,0.007288361,0.007245705,0.007242284,0.007224684,0.007248783,0.007261268,0.007317956,0.007365411,0.007459,0.007544611,0.007676359,0.007798501,0.007962719,0.008110751,0.008291887,0.008444308,0.008617008,0.008747975,0.008886379
0.006892099,0.006964305,0.006994151,0.007025667,0.007017687,0.007015361,0.006978558,0.006952175,0.006895223,0.006852807,0.006782867,0.006729981,0.006651608,0.006592035,0.006508405,0.006444909,0.006358535,0.006293497,0.006206701,0.006142421,0.006057532,0.005996377,0.005915822,0.005860288,0.005786648,0.005739393,0.005675436,0.005639337,0.00558807,0.005566274,0.005531019,0.005527029,0.005511493,0.005529205,0.005537441,0.005580965,0.005616962,0.005689861,0.005756306,0.005859758,0.005955513,0.006085295,0.006202348,0.006345571,0.006467586,0.00660506,0.006710013,0.006821215
0.005067095,0.005125416,0.005147084,0.005175024,0.005168072,0.005170447,0.005141133,0.005124803,0.005080279,0.005051319,0.004996621,0.004959464,0.004898123,0.004855655,0.00479012,0.004744491,0.004676717,0.004629777,0.00456156,0.004515082,0.004448204,0.004403991,0.004340298,0.004300236,0.004241673,0.004207764,0.004156413,0.004130817,0.004088939,0.004074025,0.00404413,0.004042549,0.004027454,0.004042176,0.004044991,0.004079179,0.004103,0.004159446,0.004206432,0.004286171,0.004355653,0.004455579,0.004541475,0.004652549,0.004742097,0.00484925,0.004927047,0.005014581
0.003520858,0.003563638,0.003579657,0.003600511,0.003596072,0.003598411,0.003578309,0.00356747,0.003535939,0.00351613,0.00347721,0.003451375,0.003407551,0.00337782,0.003330893,0.00329883,0.003250223,0.003217168,0.003168182,0.003135408,0.00308732,0.003056111,0.003010233,0.002981923,0.002939631,0.00291563,0.002878393,0.002860222,0.002829635,0.002818967,0.002796809,0.002795526,0.002783806,0.002794033,0.002794984,0.002819007,0.002834879,0.002874748,0.002907151,0.00296369,0.003012212,0.003083407,0.003144078,0.003222937,0.003287319,0.00336408,0.003419688,0.003483025
0.002251121,0.002280539,0.002290356,0.002305692,0.002302139,0.002305476,0.002291326,0.002285773,0.00226434,0.002252691,0.002226326,0.002210689,0.002181072,0.002162833,0.002131148,0.002111347,0.002078537,0.002058062,0.002024983,0.002004668,0.001972156,0.00195284,0.001921746,0.001904292,0.001875508,0.001860827,0.0018353,0.001824374,0.001803137,0.001797049,0.001781256,0.00178123,0.001772193,0.001779619,0.001778806,0.001795192,0.001804098,0.001830812,0.001850535,0.001888172,0.001918534,0.001965797,0.002004116,0.002056963,0.002097396,0.002148893,0.002184332,0.002227097
0.001265838,0.001283118,0.001288702,0.001297643,0.001295539,0.00129737,0.00128959,0.001286593,0.001274214,0.001267909,0.001252708,0.001244068,0.001226959,0.001216822,0.001198508,0.001187475,0.001168502,0.00115708,0.001137942,0.001126609,0.001107784,0.001097014,0.001078986,0.001069269,0.001052544,0.001044392,0.001029507,0.001023475,0.001011014,0.001007716,0.0009983345,0.0009984657,0.0009929127,0.0009972685,0.0009963864,0.001005835,0.001010487,0.001025827,0.001036657,0.001058246,0.001075136,0.001102334,0.001124043,0.001153893,0.001177655,0.00120722,0.001227372,0.001252197
0.0005618639,0.0005698389,0.0005722156,0.0005765793,0.0005755106,0.000576777,0.0005729591,0.0005719167,0.0005662007,0.0005635662,0.0005565602,0.0005528826,0.0005450241,0.0005406665,0.0005322658,0.0005275001,0.0005188037,0.00051386,0.0005050894,0.0005001827,0.0004915517,0.000486895,0.0004786203,0.0004744317,0.0004667379,0.0004632468,0.0004563729,0.0004538262,0.0004480332,0.0004467044,0.0004422853,0.0004424861,0.0004397767,0.0004418642,0.0004412445,0.0004456101,0.0004474719,0.0004544784,0.000459118,0.0004689369,0.0004763315,0.0004886552,0.0004981409,0.0005119617,0.0005220557,0.0005356031,0.0005444903,0.0005558566
0.0001404713,0.0001427159,0.0001431519,0.0001442108,0.0001437497,0.0001437924,0.00014305,0.0001427913,0.0001411795,0.0001407261,0.0001388147,0.0001380679,0.0001359166,0.0001350055,0.0001327092,0.0001317012,0.0001293246,0.0001282759,0.0001258767,0.0001248399,0.000122473,0.0001215004,0.0001192212,0.0001183666,0.000116232,0.0001155523,0.0001136228,0.000113179,0.0001115204,0.0001113809,0.0001100668,0.0001103097,0.0001094246,0.0001101398,0.0001097791,0.0001110658,0.000111328,0.0001132798,0.0001142391,0.0001168932,0.000118498,0.0001218413,0.0001241951,0.0001272885,0.0001305538,0.0001340202,0.0001360997,0.0001391655
0,0,0,0,0,0,0,0,0,0,0,0,0,0,0,0,0,0,0,0,0,0,0,0,0,0,0,0,0,0,0,0,0,0,0,0,0,0,0,0,0,0,0,0,0,0,0,0
